match_type,occurrences,events_count,notes
Singles,84,35,
Tag Team,18,14,
Tag,7,4,
Tag (2/3 falls),3,2,
Last Man Standing,3,3,
Three-Way,2,2,
Street Fight,2,2,
Singles (Last Man Standing),2,2,
Fatal Four-Way,2,2,
Triple Threat,2,2,
Posedown (exhibition),1,1,
Singles (Crown match),1,1,
Singles ('I Quit' match),1,1,
Singles (Ladder Match),1,1,
Singles (Rumble qualifier),1,1,
Tag Team (Tables Match),1,1,
Six-Man (Cruiserweight Open Invitational),1,1,
Singles (Career vs. Title),1,1,
Singles (No Disqualification),1,1,
"Triple Threat, Steel Cage",1,1,
Eight-Diva Tag Team,1,1,
"Singles (""Super Grudge Match"")",1,1,
Fatal Four-Way Tag Team (Royal Rumble qualifier),1,1,
Six-Woman Tag Team,1,1,
"Singles, No Disqualification",1,1,
Six-Man Tag Team,1,1,
Handicap,1,1,
"Tag Team, Two Out of Three Falls",1,1,
Falls Count Anywhere,1,1,
Strap Match,1,1,
Mixed Tag Team,1,1,
"Singles (Mountain Dew Pitch Black match — no-DQ/blacklight gimmick match, Wyatt's in-ring return)",1,1,
Tag Team (Two out of three falls match),1,1,
Singles (Ladder match),1,1,
Singles (Career Threatening match — Styles forced to retire if he lost),1,1,
