wrestler_id,card_appearances_count,events_with_card_appearance,first_event_id,most_recent_event_id,notes
jacques-rougeau,4,RR1989M;RR1990M;RR1991M;RR1992M,RR1989M,RR1992M,Appeared on the card multiple times but has never entered a Royal Rumble match (in either division) among the events with full-card research done so far.
alex-shelley,2,RR2025M;RR2026M,RR2025M,RR2026M,Appeared on the card multiple times but has never entered a Royal Rumble match (in either division) among the events with full-card research done so far.
beau-beverly,2,RR1992M;RR1993M,RR1992M,RR1993M,Appeared on the card multiple times but has never entered a Royal Rumble match (in either division) among the events with full-card research done so far.
blake-beverly,2,RR1992M;RR1993M,RR1992M,RR1993M,Appeared on the card multiple times but has never entered a Royal Rumble match (in either division) among the events with full-card research done so far.
chris-sabin,2,RR2025M;RR2026M,RR2025M,RR2026M,Appeared on the card multiple times but has never entered a Royal Rumble match (in either division) among the events with full-card research done so far.
eve-torres,2,RR2011M;RR2012M,RR2011M,RR2012M,Appeared on the card multiple times but has never entered a Royal Rumble match (in either division) among the events with full-card research done so far.
jim-powers,2,RR1988M;RR1993M,RR1988M,RR1993M,Appeared on the card multiple times but has never entered a Royal Rumble match (in either division) among the events with full-card research done so far.
judy-martin,2,RR1988M;RR1989M,RR1988M,RR1989M,Appeared on the card multiple times but has never entered a Royal Rumble match (in either division) among the events with full-card research done so far.
kato,2,RR1991M;RR1992M,RR1991M,RR1992M,Appeared on the card multiple times but has never entered a Royal Rumble match (in either division) among the events with full-card research done so far.
konnor,2,RR2015M;RR2016M,RR2015M,RR2016M,Appeared on the card multiple times but has never entered a Royal Rumble match (in either division) among the events with full-card research done so far.
raymond-rougeau,2,RR1989M;RR1990M,RR1989M,RR1990M,Appeared on the card multiple times but has never entered a Royal Rumble match (in either division) among the events with full-card research done so far.
scott-dawson,2,RR2018M;RR2019M,RR2018M,RR2019M,Appeared on the card multiple times but has never entered a Royal Rumble match (in either division) among the events with full-card research done so far.
the-great-tanaka,2,RR1991M;RR1992M,RR1991M,RR1992M,Appeared on the card multiple times but has never entered a Royal Rumble match (in either division) among the events with full-card research done so far.
viktor,2,RR2015M;RR2016M,RR2015M,RR2016M,Appeared on the card multiple times but has never entered a Royal Rumble match (in either division) among the events with full-card research done so far.
