title_involved,occurrences,events_count,distinct_champions_count,notes
WWE Championship,16,16,13,
World Heavyweight Championship,15,15,9,
Intercontinental Championship,10,10,7,
World Tag Team Championship,7,7,13,
WWE Universal Championship,6,6,4,
WWE Tag Team Championship,5,5,10,
WWE United States Championship,4,4,7,
WWE Raw Women's Championship,4,4,3,
WWE SmackDown Women's Championship,3,3,3,
World Cruiserweight Championship,2,2,1,
ECW Championship,2,2,2,
WWE Divas Championship,2,2,2,
WWE World Heavyweight Championship,2,2,2,
Raw Tag Team Championship,2,2,6,
Undisputed WWE Universal Championship,2,2,1,
Undisputed WWE Championship,2,2,2,
WWF Women's Tag Team Championship,1,1,2,
WWF World Women's Championship,1,1,1,
"'King'/Crown (pre-King of the Ring era gimmick, not the modern tournament)",1,1,1,
WWF Championship,1,1,1,
European Championship,1,1,1,
Women's Championship,1,1,0,
Undisputed Championship,1,1,1,
ECW World Heavyweight Championship,1,1,1,
WWF Intercontinental Championship,1,1,1,
WWF World Heavyweight Championship,1,1,1,
WWE Women's Championship,1,1,1,
WWE Intercontinental Championship,1,1,1,
Raw Women's Championship,1,1,1,
WWE Cruiserweight Championship,1,1,2,
SmackDown Tag Team Championship,1,1,2,
WWE SmackDown Tag Team Championship,1,1,2,
WWE Women's Tag Team Championship,1,1,2,
