wrestler_id,division,total_appearances,first_rumble_year,last_rumble_year,wins,runner_up_finishes,final_four_count,final_three_count,final_two_count,total_eliminations_made,avg_eliminations_per_appearance,max_eliminations_single_rumble,total_ring_time_seconds,avg_ring_time_seconds,longest_single_appearance_seconds,shortest_single_appearance_seconds,avg_entry_number,highest_entry_number,lowest_entry_number,times_entered_number_1,times_entered_number_2,times_entered_final_number,elimination_percentage,win_percentage,final_four_percentage,longest_consecutive_streak,longest_gap_years,distinct_eliminators_count,most_frequent_eliminator_id,distinct_wrestlers_eliminated_count,most_frequently_eliminated_id,most_frequent_tag_partner_id,best_finish
1-2-3-kid,Men's,3,1996,2000,0,0,1,0,0,1,0.33,1,1496,498.7,940,212,21.67,30,10,0,0,0,100.0,0.0,33.3,2,2,3,shawn-michaels,1,kane,,Final Four
adam-bomb,Men's,2,1994,1995,0,0,0,0,0,0,0.0,0,617,308.5,321,296,29.0,30,28,0,0,0,100.0,0.0,0.0,2,0,2,lex-luger,0,,,
adam-cole,Men's,1,2018,2018,0,0,0,0,0,0,0.0,0,412,412.0,412,412,23.0,23,23,0,0,0,100.0,0.0,0.0,1,0,1,rey-mysterio,0,,,
adam-rose,Men's,1,2015,2015,0,0,0,0,0,0,0.0,0,10,10.0,10,10,18.0,18,18,0,0,0,100.0,0.0,0.0,1,0,2,rusev,0,,,
ahmed-johnson,Men's,2,1997,1998,0,0,0,0,0,1,0.5,1,375,187.5,198,177,11.0,20,2,0,1,0,100.0,0.0,0.0,2,0,3,ahmed-johnson,1,fake-razor-ramon,,
aiden-english,Men's,1,2018,2018,0,0,0,0,0,0,0.0,0,136,136.0,136,136,22.0,22,22,0,0,0,100.0,0.0,0.0,1,0,1,finn-balor,0,,,
aj-styles,Men's,5,2016,2025,0,0,0,0,0,9,1.8,6,5773,1154.6,1746,469,13.6,25,1,1,0,0,100.0,0.0,0.0,3,5,5,kevin-owens,9,curtis-axel,,
akira-tozawa,Men's,1,2025,2025,0,0,0,0,0,0,0.0,0,,,,,8.0,8,8,0,0,0,0.0,0.0,0.0,1,0,0,,0,,,
al-snow,Men's,4,1999,2002,0,0,0,0,0,3,0.75,2,1825,456.2,1037,47,12.25,20,6,0,0,0,100.0,0.0,0.0,4,0,4,jesse-james,3,edge,,
alba-fyre,Women's,1,2024,2024,0,0,0,0,0,0,0.0,0,381,381.0,381,381,22.0,22,22,0,0,0,100.0,0.0,0.0,1,0,1,naomi,0,,,
alberto-del-rio,Men's,3,2011,2016,1,0,1,1,1,2,0.67,2,1148,382.7,573,168,30.33,38,26,0,0,0,66.7,33.3,33.3,1,3,2,batista,2,randy-orton,,Winner
aldo-montoya,Men's,2,1995,1996,0,0,0,0,0,1,0.5,1,914,457.0,802,112,21.0,21,21,0,0,0,100.0,0.0,0.0,2,0,2,shawn-michaels,1,steven-dunn,,
aleister-black,Men's,2,2019,2020,0,0,0,0,0,1,0.5,1,675,337.5,369,306,24.5,28,21,0,0,0,100.0,0.0,0.0,2,0,2,baron-corbin,1,dean-ambrose,,
alex-riley,Men's,2,2011,2012,0,0,0,0,0,0,0.0,0,245,122.5,170,75,18.0,34,2,0,1,0,100.0,0.0,0.0,2,0,3,john-cena,0,,,
alexa-bliss,Women's,5,2019,2026,0,0,0,0,0,5,1.0,3,3905,781.0,1594,62,15.4,27,1,1,1,0,100.0,0.0,0.0,3,3,6,bayley,5,ember-moon,,
alicia-fox,Women's,3,2019,2022,0,0,0,0,0,1,0.33,1,913,304.3,415,108,20.0,21,18,0,0,0,100.0,0.0,0.0,2,1,3,ruby-riott,1,maria-kanellis,,
aliyah,Women's,1,2022,2022,0,0,0,0,0,0,0.0,0,1370,1370.0,1370,1370,5.0,5,5,0,0,0,100.0,0.0,0.0,1,0,1,charlotte-flair,0,,,
andrade,Men's,4,2018,2025,0,0,1,0,0,2,0.5,1,4930,1232.5,1764,197,10.25,19,4,0,0,0,100.0,0.0,25.0,2,4,4,randy-orton,2,kofi-kingston,,Final Four
andre-the-giant,Men's,2,1989,1990,0,0,0,0,0,5,2.5,3,1511,755.5,895,616,7.0,11,3,0,0,0,100.0,0.0,0.0,2,0,3,andre-the-giant,5,jake-roberts,,
angelo-dawkins,Men's,2,2022,2023,0,0,0,0,0,0,0.0,0,283,141.5,148,135,10.5,11,10,0,0,0,100.0,0.0,0.0,2,0,2,omos,0,,,
animal,Men's,1,1991,1991,0,0,0,0,0,1,1.0,1,401,401.0,401,401,19.0,19,19,0,0,0,100.0,0.0,0.0,1,0,1,earthquake,1,the-undertaker,,
apollo-crews,Men's,3,2017,2019,0,0,0,0,0,0,0.0,0,1006,335.3,346,316,18.33,22,13,0,0,0,100.0,0.0,0.0,3,0,3,luke-harper,0,,,
arn-anderson,Men's,1,1989,1989,0,0,0,0,0,2,2.0,2,600,600.0,600,600,16.0,16,16,0,0,0,100.0,0.0,0.0,1,0,1,hulk-hogan,2,marty-jannetty,,
asuka,Women's,4,2018,2026,1,0,2,2,1,7,1.75,3,4831,1207.8,1995,779,17.5,25,7,0,0,0,75.0,25.0,50.0,2,5,4,rhea-ripley,6,nia-jax,,Winner
austin-theory,Men's,4,2022,2026,0,0,0,0,0,3,0.75,1,3111,777.8,1326,238,14.0,25,3,0,0,0,100.0,0.0,0.0,3,1,3,cody-rhodes,3,omos,,
ax,Men's,2,1989,1990,0,0,0,0,0,1,0.5,1,1647,823.5,877,770,7.0,13,1,1,0,0,100.0,0.0,0.0,2,0,2,mr-perfect,1,andre-the-giant,,
b-brian-blair,Men's,1,1988,1988,0,0,0,0,0,0,0.0,0,350,350.0,350,350,15.0,15,15,0,0,0,100.0,0.0,0.0,1,0,1,one-man-gang,0,,,
b-fab,Women's,2,2023,2025,0,0,0,0,0,0,0.0,0,476,238.0,440,36,6.5,7,6,0,0,0,100.0,0.0,0.0,1,1,2,rhea-ripley,0,,,
bad-bunny,Men's,1,2022,2022,0,0,0,0,0,2,2.0,2,461,461.0,461,461,27.0,27,27,0,0,0,100.0,0.0,0.0,1,0,1,brock-lesnar,2,dolph-ziggler,,
bad-news-brown,Men's,2,1989,1990,0,0,0,0,0,2,1.0,1,1348,674.0,984,364,11.0,13,9,0,0,0,100.0,0.0,0.0,2,0,2,hulk-hogan,2,butch-miller,,
bam-bam-bigelow,Men's,1,1994,1994,0,0,0,0,0,4,4.0,4,1815,1815.0,1815,1815,15.0,15,15,0,0,0,100.0,0.0,0.0,1,0,1,lex-luger,4,demolition-crush,,
baron-corbin,Men's,7,2017,2023,0,0,0,0,0,10,1.43,3,3577,511.0,1959,7,15.71,23,4,0,0,0,100.0,0.0,0.0,7,0,6,drew-mcintyre,10,braun-strowman,,
barry-horowitz,Men's,1,1996,1996,0,0,0,0,0,0,0.0,0,255,255.0,255,255,25.0,25,25,0,0,0,100.0,0.0,0.0,1,0,1,owen-hart,0,,,
bart-gunn,Men's,3,1994,1997,0,0,0,0,0,0,0.0,0,554,184.7,380,25,12.0,24,6,0,0,0,100.0,0.0,0.0,2,1,4,diesel,0,,,
bastion-booger,Men's,1,1994,1994,0,0,0,0,0,0,0.0,0,0,0.0,0,0,25.0,25,25,0,0,0,0.0,0.0,0.0,1,0,0,,0,,,
batista,Men's,5,2003,2014,2,0,5,4,2,16,3.2,6,4452,890.4,2262,324,24.4,30,8,0,0,1,60.0,40.0,100.0,1,7,3,the-undertaker,16,rikishi,,Winner
bayley,Women's,7,2018,2026,1,0,2,1,1,19,2.71,7,12132,1733.1,3783,304,14.43,29,1,1,0,0,85.7,14.3,28.6,4,2,6,nikki-bella,16,ruby-riott,,Winner
becky-lynch,Women's,5,2018,2026,1,0,1,1,1,8,1.6,2,5103,1020.6,1854,455,15.0,28,2,0,1,0,80.0,20.0,20.0,2,4,5,ruby-riott,8,lita,,Winner
beth-phoenix,Men's,1,2010,2010,0,0,0,0,0,1,1.0,1,98,98.0,98,98,6.0,6,6,0,0,0,100.0,0.0,0.0,1,0,1,cm-punk,1,the-great-khali,,
beth-phoenix,Women's,2,2018,2020,0,0,1,1,0,1,0.5,1,1527,763.5,1385,142,21.5,24,19,0,0,0,100.0,0.0,50.0,1,1,2,natalya,1,natalya,,Final Four
bianca-belair,Women's,5,2020,2025,1,0,2,2,1,15,3.0,8,14085,2817.0,3412,2000,6.6,10,2,0,1,0,80.0,20.0,40.0,3,1,3,charlotte-flair,14,natalya,,Winner
big-boss-man,Men's,3,1999,2002,0,0,1,1,0,5,1.67,3,2687,895.7,1367,185,11.33,22,3,0,0,0,100.0,0.0,33.3,2,1,3,steve-austin,5,1-2-3-kid,,Final Four
big-bossman,Men's,2,1989,1992,0,0,0,0,0,1,0.5,1,476,238.0,258,218,17.5,22,13,0,0,0,100.0,0.0,0.0,1,2,2,hulk-hogan,1,hulk-hogan,,
big-cass,Men's,1,2017,2017,0,0,0,0,0,0,0.0,0,597,597.0,597,597,1.0,1,1,1,0,0,100.0,0.0,0.0,1,0,1,braun-strowman,0,,,
big-e,Men's,8,2014,2022,0,0,0,0,0,4,0.5,4,5087,635.9,1785,53,15.5,29,5,0,0,0,100.0,0.0,0.0,6,1,9,sheamus,4,sami-zayn,,
big-john-studd,Men's,1,1989,1989,1,0,1,1,1,2,2.0,2,741,741.0,741,741,27.0,27,27,0,0,0,0.0,100.0,100.0,1,0,0,,2,one-man-gang,,Winner
big-show,Men's,12,2000,2017,0,2,4,1,2,30,2.5,6,4705,392.1,1358,83,23.0,35,6,0,0,2,100.0,0.0,33.3,4,6,9,rocky-maivia,25,dolph-ziggler,,Runner-up
bill-demott,Men's,1,2003,2003,0,0,0,0,0,0,0.0,0,133,133.0,133,133,9.0,9,9,0,0,0,100.0,0.0,0.0,1,0,1,edge,0,,,
bill-goldberg,Men's,1,2004,2004,0,0,0,0,0,3,3.0,3,124,124.0,124,124,30.0,30,30,0,0,1,100.0,0.0,0.0,1,0,1,kurt-angle,3,nunzio,,
billie-kay,Women's,2,2019,2021,0,0,0,0,0,2,1.0,1,1056,528.0,565,491,5.5,7,4,0,0,0,100.0,0.0,0.0,1,1,3,lacey-evans,2,nikki-cross,,
billy-gunn,Men's,7,1994,2004,0,0,1,0,0,3,0.43,2,2462,351.7,578,14,19.86,28,7,0,0,0,100.0,0.0,14.3,4,4,7,steve-austin,2,bradshaw,,Final Four
blue-meanie,Men's,1,1999,1999,0,0,0,0,0,0,0.0,0,180,180.0,180,180,10.0,10,10,0,0,0,100.0,0.0,0.0,1,0,1,mabel,0,,,
bo-dallas,Men's,1,2013,2013,0,0,0,0,0,1,1.0,1,1293,1293.0,1293,1293,16.0,16,16,0,0,0,100.0,0.0,0.0,1,0,1,wade-barrett,1,wade-barrett,,
bob-backlund,Men's,5,1993,2000,0,0,1,1,0,3,0.6,2,4595,919.0,3676,15,10.4,25,2,0,1,0,100.0,0.0,20.0,4,3,4,yokozuna,3,fatu,,Final Four
bob-holly,Men's,1,1996,1996,0,0,0,0,0,0,0.0,0,2375,2375.0,2375,2375,5.0,5,5,0,0,0,100.0,0.0,0.0,1,0,1,steve-austin,0,,,
bobby-lashley,Men's,5,2006,2024,0,0,0,0,0,6,1.2,3,1040,208.0,434,12,16.0,26,8,0,0,0,100.0,0.0,0.0,2,14,8,seth-rollins,7,sylvan-grenier,,
booker-t,Men's,9,2002,2023,0,0,0,0,0,11,1.22,3,2580,286.7,645,17,17.67,30,10,0,0,1,100.0,0.0,0.0,6,13,12,steve-austin,10,kane,,
boris-zhukov,Men's,1,1988,1988,0,0,0,0,0,0,0.0,0,153,153.0,153,153,10.0,10,10,0,0,0,100.0,0.0,0.0,1,0,2,jake-roberts,0,,,
bradshaw,Men's,6,1998,2014,0,0,0,0,0,1,0.17,1,3722,620.3,2145,18,14.0,27,4,0,0,0,100.0,0.0,0.0,3,11,6,billy-gunn,1,kurrgan,,
braun-strowman,Men's,7,2016,2025,0,1,1,1,1,22,3.14,7,4089,584.1,1064,110,20.57,30,7,0,0,1,100.0,0.0,14.3,3,3,7,brock-lesnar,21,big-show,,Runner-up
bray-wyatt,Men's,4,2015,2018,0,0,1,1,0,6,1.5,3,6151,1537.8,2818,644,15.25,27,5,0,0,0,100.0,0.0,25.0,4,0,6,big-show,6,bubba-ray-dudley,,Final Four
bret-hart,Men's,5,1988,1997,1,1,1,1,2,7,1.4,4,5920,1184.0,1542,901,11.6,27,1,2,0,0,80.0,20.0,20.0,2,5,4,don-muraco,7,tito-santana,,Winner
brian-christopher,Men's,2,2000,2001,0,0,0,0,0,0,0.0,0,526,263.0,462,64,6.5,11,2,0,1,0,100.0,0.0,0.0,2,0,2,rikishi,0,,,
brian-knobbs,Men's,2,1991,1993,0,0,0,1,0,3,1.5,3,787,393.5,608,179,16.5,28,5,0,0,0,100.0,0.0,0.0,1,1,2,hulk-hogan,3,british-bulldog,,
brie-bella,Women's,3,2018,2026,0,0,1,1,0,6,2.0,3,2289,763.0,1161,410,25.33,29,19,0,0,0,100.0,0.0,33.3,1,6,3,nikki-bella,6,sasha-banks,,Final Four
british-bulldog,Men's,6,1991,2000,0,1,1,1,1,13,2.17,4,7564,1260.7,2322,219,10.83,29,1,1,1,0,100.0,0.0,16.7,3,4,6,shawn-michaels,12,haku,,Runner-up
brock-lesnar,Men's,7,2003,2026,2,0,2,2,2,35,5.0,13,3579,511.3,1584,148,20.43,30,1,1,0,1,71.4,28.6,28.6,2,17,9,bray-wyatt,32,shelton-benjamin,,Winner
brodus-clay,Men's,1,2013,2013,0,0,0,0,0,0,0.0,0,198,198.0,198,198,13.0,13,13,0,0,0,100.0,0.0,0.0,1,0,5,chris-jericho,0,,,
bron-breakker,Men's,3,2024,2026,0,0,0,0,0,7,2.33,4,1675,558.3,1346,10,9.67,20,2,0,1,0,100.0,0.0,0.0,3,0,3,dominik-mysterio,7,jimmy-uso,,
bronson-reed,Men's,2,2024,2026,0,0,0,0,0,3,1.5,2,1181,590.5,639,542,16.0,16,16,0,0,0,100.0,0.0,0.0,1,1,2,omos,3,andrade,,
brutus-beefcake,Men's,1,1989,1989,0,0,0,0,0,0,0.0,0,836,836.0,836,836,24.0,24,24,0,0,0,100.0,0.0,0.0,1,0,2,ted-dibiase,0,,,
bubba-ray-dudley,Men's,1,2015,2015,0,0,0,0,0,1,1.0,1,284,284.0,284,284,3.0,3,3,0,0,0,100.0,0.0,0.0,1,0,1,bray-wyatt,1,the-miz,,
bull-buchanan,Men's,2,2001,2003,0,0,0,0,0,0,0.0,0,154,77.0,129,25,6.5,11,2,0,1,0,100.0,0.0,0.0,1,1,3,matt-hardy,0,,,
butch-miller,Men's,3,1989,1995,0,0,0,0,0,1,0.33,1,1720,573.3,1093,18,12.0,18,8,0,0,0,100.0,0.0,0.0,1,4,3,bad-news-brown,1,the-honky-tonk-man,,
butch-reed,Men's,1,1988,1988,0,0,0,0,0,0,0.0,0,198,198.0,198,198,3.0,3,3,0,0,0,100.0,0.0,0.0,1,0,1,jake-roberts,0,,,
cactus-jack,Men's,1,1998,1998,0,0,0,0,0,1,1.0,1,561,561.0,561,561,1.0,1,1,1,0,0,100.0,0.0,0.0,1,0,1,terry-funk,1,tom-brandi,,
cameron,Women's,1,2022,2022,0,0,0,0,0,0,0.0,0,51,51.0,51,51,13.0,13,13,0,0,0,100.0,0.0,0.0,1,0,1,sonya-deville,0,,,
candice-lerae,Women's,6,2019,2026,0,0,0,0,0,0,0.0,0,3475,579.2,992,133,12.0,23,4,0,0,0,100.0,0.0,0.0,4,2,8,ruby-riott,0,,,
carlito,Men's,7,2006,2024,0,0,0,0,0,1,0.14,1,4712,673.1,2311,143,13.57,27,3,0,0,0,100.0,0.0,0.0,5,12,7,rob-van-dam,2,chris-masters,,
carlos-colon,Men's,1,1993,1993,0,0,0,0,0,1,1.0,1,445,445.0,445,445,24.0,24,24,0,0,0,100.0,0.0,0.0,1,0,1,yokozuna,1,damien-demento,,
carmella,Women's,5,2018,2022,0,0,0,0,0,2,0.4,1,2050,410.0,1125,47,22.6,30,15,0,0,1,100.0,0.0,0.0,5,0,5,nikki-bella,2,alexa-bliss,,
carmelo-hayes,Men's,2,2024,2025,0,0,0,0,0,1,0.5,1,1445,722.5,1026,419,4.5,5,4,0,0,0,100.0,0.0,0.0,2,0,2,finn-balor,1,grayson-waller,,
cesaro,Men's,7,2013,2021,0,0,0,0,0,7,1.0,3,2750,392.9,1019,18,20.29,28,9,0,0,0,100.0,0.0,0.0,3,2,8,seth-rollins,7,daniel-bryan,,
chad-gable,Men's,3,2022,2025,0,0,0,0,0,1,0.33,1,2318,772.7,1298,498,8.0,13,3,0,0,0,100.0,0.0,0.0,2,1,3,rick-boogs,1,omos,,
chainz,Men's,1,1998,1998,0,0,0,0,0,1,1.0,1,296,296.0,296,296,29.0,29,29,0,0,0,100.0,0.0,0.0,1,0,1,steve-austin,1,goldust,,
charlie-haas,Men's,3,2003,2005,0,0,0,0,0,2,0.67,2,1826,608.7,1033,380,20.33,26,16,0,0,0,100.0,0.0,0.0,3,0,3,brock-lesnar,2,booker-t,,
charlotte-flair,Women's,6,2019,2026,2,2,5,5,4,21,3.5,5,13043,2173.8,3589,904,15.0,27,1,1,0,0,66.7,33.3,83.3,4,2,5,becky-lynch,18,bianca-belair,,Winner
chavo-guerrero,Men's,5,2003,2011,0,0,0,0,0,1,0.2,1,1449,289.8,454,60,18.0,26,7,0,0,0,100.0,0.0,0.0,3,4,5,edge,1,cm-punk,,
chelsea-green,Women's,5,2020,2026,0,0,0,0,0,3,0.6,2,3196,639.2,1612,5,14.6,20,5,0,0,0,100.0,0.0,0.0,4,2,4,rhea-ripley,3,dakota-kai,,
chris-benoit,Men's,4,2004,2007,1,0,1,1,1,13,3.25,7,9450,2362.5,3691,1074,8.0,17,1,1,1,0,75.0,25.0,25.0,4,0,4,batista,15,rhyno,,Winner
chris-jericho,Men's,10,2000,2017,0,1,3,1,1,17,1.7,6,17778,1777.8,3613,144,13.1,29,2,0,3,0,100.0,0.0,30.0,3,8,10,chyna,16,christian,,Runner-up
chris-masters,Men's,4,2006,2011,0,0,0,0,0,0,0.0,0,782,195.5,422,30,22.0,26,14,0,0,0,100.0,0.0,0.0,2,2,4,carlito,1,mabel,,
chris-nowinski,Men's,1,2003,2003,0,0,0,0,0,0,0.0,0,279,279.0,279,279,3.0,3,3,0,0,0,100.0,0.0,0.0,1,0,1,rey-mysterio,0,,,
christian,Men's,6,2000,2021,0,0,1,0,0,6,1.0,3,3173,528.8,1092,129,16.33,29,4,0,0,0,100.0,0.0,16.7,4,16,5,chris-jericho,6,diamond-dallas-page,,Final Four
chuck-palumbo,Men's,2,2002,2008,0,0,0,0,0,3,1.5,2,784,392.0,544,240,12.5,15,10,0,0,0,100.0,0.0,0.0,1,5,2,steve-austin,3,prince-albert,,
chyna,Men's,2,1999,2000,0,0,0,0,0,2,1.0,1,73,36.5,38,35,23.5,30,17,0,0,1,100.0,0.0,0.0,2,0,2,steve-austin,2,mark-henry,,
cibernetico,Men's,1,1997,1997,0,0,0,0,0,0,0.0,0,84,84.0,84,84,15.0,15,15,0,0,0,100.0,0.0,0.0,1,0,2,mil-mascaras,0,,,
cm-punk,Men's,8,2007,2025,0,1,3,1,1,22,2.75,7,12528,1566.0,2955,604,12.12,27,1,2,0,0,100.0,0.0,37.5,5,11,8,the-great-khali,22,mabel,,Runner-up
cody-rhodes,Men's,11,2008,2026,2,0,3,3,2,23,2.09,6,16811,1528.3,2601,475,12.27,30,3,0,0,1,81.8,18.2,27.3,5,8,8,hunter-hearst-helmsley,20,goldust,,Winner
col-mustafa,Men's,1,1992,1992,0,0,0,0,0,0,0.0,0,156,156.0,156,156,24.0,24,24,0,0,0,100.0,0.0,0.0,1,0,1,randy-savage,0,,,
crash-holly,Men's,2,2000,2001,0,0,0,0,0,0,0.0,0,1044,522.0,894,150,20.0,24,16,0,0,0,100.0,0.0,0.0,2,0,2,rocky-maivia,0,,,
curt-hawkins,Men's,1,2019,2019,0,0,0,0,0,1,1.0,1,249,249.0,249,249,9.0,9,9,0,0,0,100.0,0.0,0.0,1,0,1,samoa-joe,1,titus-oneil,,
curtis-axel,Men's,2,2015,2016,0,0,0,0,0,0,0.0,0,68,34.0,68,0,5.5,6,5,0,0,0,100.0,0.0,0.0,2,0,2,erick-rowan,0,,,
d-lo-brown,Men's,3,1998,2000,0,0,1,0,0,1,0.33,1,2860,953.3,1941,368,13.33,28,1,1,0,0,100.0,0.0,33.3,3,0,3,faarooq,1,ahmed-johnson,,Final Four
dakota-kai,Women's,3,2020,2023,0,0,0,0,0,5,1.67,5,1558,519.3,1340,92,15.67,23,9,0,0,0,100.0,0.0,0.0,2,1,3,chelsea-green,5,dana-brooke,,
damian-priest,Men's,6,2021,2026,0,0,0,0,0,8,1.33,4,3505,584.2,934,243,17.33,28,7,0,0,0,100.0,0.0,0.0,6,0,6,bobby-lashley,8,john-morrison,,
damien-demento,Men's,1,1993,1993,0,0,0,0,0,0,0.0,0,741,741.0,741,741,17.0,17,17,0,0,0,100.0,0.0,0.0,1,0,1,carlos-colon,0,,,
damien-sandow,Men's,3,2013,2015,0,0,0,0,0,0,0.0,0,1120,373.3,974,18,14.67,21,3,0,0,0,100.0,0.0,0.0,3,0,3,ryback,0,,,
dan-severn,Men's,1,1999,1999,0,0,0,0,0,0,0.0,0,342,342.0,342,342,8.0,8,8,0,0,0,100.0,0.0,0.0,1,0,1,mabel,0,,,
dana-brooke,Women's,6,2018,2023,0,0,0,0,0,1,0.17,1,1955,325.8,703,132,11.83,22,3,0,0,0,100.0,0.0,0.0,6,0,7,rhea-ripley,1,kairi-sane,,
daniel-bryan,Men's,4,2011,2021,0,0,0,0,0,5,1.25,2,3996,999.0,1730,401,12.5,21,2,0,1,0,100.0,0.0,0.0,1,7,5,cm-punk,5,justin-gabriel,,
daniel-puder,Men's,1,2005,2005,0,0,0,0,0,0,0.0,0,248,248.0,248,248,3.0,3,3,0,0,0,100.0,0.0,0.0,1,0,1,hardcore-holly,0,,,
danny-davis,Men's,1,1988,1988,0,0,0,0,0,0,0.0,0,1071,1071.0,1071,1071,9.0,9,9,0,0,0,100.0,0.0,0.0,1,0,1,jim-duggan,0,,,
darren-young,Men's,1,2013,2013,0,0,0,0,0,0,0.0,0,161,161.0,161,161,15.0,15,15,0,0,0,100.0,0.0,0.0,1,0,1,kofi-kingston,0,,,
david-otunga,Men's,3,2011,2013,0,0,0,0,0,2,0.67,2,1158,386.0,717,196,17.0,27,9,0,0,0,100.0,0.0,0.0,3,0,3,john-cena,2,johnny-nitro,,
dean-ambrose,Men's,5,2014,2019,0,1,1,1,1,7,1.4,4,6992,1398.4,2029,763,16.2,25,11,0,0,0,100.0,0.0,20.0,4,1,8,roman-reigns,7,jimmy-uso,,Runner-up
demolition-crush,Men's,4,1991,1997,0,0,1,1,0,7,1.75,5,3529,882.2,1506,373,16.0,30,1,1,0,1,100.0,0.0,25.0,2,3,7,hulk-hogan,7,diesel,,Final Four
diamond-dallas-page,Men's,2,2002,2015,0,0,0,0,0,1,0.5,1,463,231.5,315,148,14.0,14,14,0,0,0,100.0,0.0,0.0,1,12,2,christian,1,scott-taylor,,
dick-murdoch,Men's,1,1995,1995,0,0,0,0,0,2,2.0,2,489,489.0,489,489,27.0,27,27,0,0,0,100.0,0.0,0.0,1,0,1,henry-godwinn,2,bart-gunn,,
diesel,Men's,4,1994,2014,0,1,0,0,1,13,3.25,7,2449,612.2,1071,150,18.75,32,7,0,0,0,100.0,0.0,0.0,1,17,7,shawn-michaels,12,owen-hart,,Runner-up
dino-bravo,Men's,3,1988,1991,0,0,1,1,0,3,1.0,3,1053,351.0,492,188,12.33,18,2,0,1,0,100.0,0.0,33.3,2,1,3,one-man-gang,3,don-muraco,,Final Four
doink,Men's,1,1994,1994,0,0,0,0,0,0,0.0,0,106,106.0,106,106,14.0,14,14,0,0,0,100.0,0.0,0.0,1,0,1,bam-bam-bigelow,0,,,
doink-1995,Men's,1,1995,1995,0,0,0,0,0,0,0.0,0,289,289.0,289,289,8.0,8,8,0,0,0,100.0,0.0,0.0,1,0,1,kwang,0,,,
dolph-ziggler,Men's,14,2009,2022,0,0,2,1,0,9,0.64,3,9987,713.4,2988,22,19.36,31,1,2,0,2,100.0,0.0,14.3,14,0,10,kane,9,kharma,,Final Four
dominik-mysterio,Men's,5,2021,2025,0,0,0,0,0,4,0.8,1,4136,827.2,1999,120,17.6,26,9,0,0,0,100.0,0.0,0.0,5,0,5,bobby-lashley,4,baron-corbin,,
don-muraco,Men's,1,1988,1988,0,0,1,0,0,3,3.0,3,976,976.0,976,976,11.0,11,11,0,0,0,100.0,0.0,100.0,1,0,2,dino-bravo,3,bret-hart,,Final Four
dory-funk-jr,Men's,1,1996,1996,0,0,0,0,0,0,0.0,0,653,653.0,653,653,8.0,8,8,0,0,0,100.0,0.0,0.0,1,0,1,savio-vega,0,,,
doug-gilbert,Men's,1,1996,1996,0,0,0,0,0,0,0.0,0,179,179.0,179,179,14.0,14,14,0,0,0,100.0,0.0,0.0,1,0,1,vader,0,,,
dragon-lee,Men's,1,2026,2026,0,0,0,0,0,0,0.0,0,181,181.0,181,181,19.0,19,19,0,0,0,100.0,0.0,0.0,1,0,1,bronson-reed,0,,,
drew-carey,Men's,1,2001,2001,0,0,0,0,0,0,0.0,0,173,173.0,173,173,5.0,5,5,0,0,0,100.0,0.0,0.0,1,0,1,drew-carey,0,,,
drew-mcintyre,Men's,9,2010,2025,1,1,3,2,2,17,1.89,6,10291,1143.4,2350,150,17.33,33,6,0,0,0,88.9,11.1,33.3,4,7,10,big-show,15,ricochet,,Winner
droz,Men's,1,1999,1999,0,0,0,0,0,0,0.0,0,758,758.0,758,758,4.0,4,4,0,0,0,100.0,0.0,0.0,1,0,1,mabel,0,,,
dude-love,Men's,1,1998,1998,0,0,0,0,0,2,2.0,2,473,473.0,473,473,28.0,28,28,0,0,0,100.0,0.0,0.0,1,0,1,faarooq,2,bradshaw,,
duke-droese,Men's,2,1995,1996,0,0,0,0,0,0,0.0,0,562,281.0,492,70,17.0,30,4,0,0,0,100.0,0.0,0.0,2,0,3,shawn-michaels,0,,,
dusty-rhodes,Men's,1,1990,1990,0,0,0,0,0,2,2.0,2,1098,1098.0,1098,1098,10.0,10,10,0,0,0,100.0,0.0,0.0,1,0,1,earthquake,2,bret-hart,,
earthquake,Men's,3,1990,1993,0,1,0,1,1,8,2.67,4,2299,766.3,1486,151,21.33,23,19,0,0,0,100.0,0.0,0.0,2,1,7,ted-dibiase,8,ax,,Runner-up
eddie-guerrero,Men's,2,2003,2005,0,0,0,0,0,4,2.0,4,2686,1343.0,1696,990,7.5,14,1,1,0,0,100.0,0.0,0.0,1,1,2,booker-t,4,muhammad-hassan,,
edge,Men's,9,1999,2023,2,0,5,5,2,25,2.78,5,12764,1418.2,3507,64,12.22,29,1,1,0,0,77.8,22.2,55.6,2,16,9,mabel,23,ric-flair,,Winner
eight-ball,Men's,1,1998,1998,0,0,0,0,0,1,1.0,1,1843,1843.0,1843,1843,7.0,7,7,0,0,0,100.0,0.0,0.0,1,0,1,steve-austin,1,kurrgan,,
el-grande-americano-i,Men's,1,2026,2026,0,0,0,0,0,1,1.0,1,81,81.0,81,81,13.0,13,13,0,0,0,100.0,0.0,0.0,1,0,1,trick-williams,1,el-grande-americano-ii,,
el-grande-americano-ii,Men's,1,2026,2026,0,0,0,0,0,0,0.0,0,165,165.0,165,165,12.0,12,12,0,0,0,100.0,0.0,0.0,1,0,1,el-grande-americano-i,0,,,
el-torito,Men's,1,2014,2014,0,0,0,0,0,1,1.0,1,87,87.0,87,87,20.0,20,20,0,0,0,100.0,0.0,0.0,1,0,1,roman-reigns,1,fandango,,
eli-blu,Men's,1,1995,1995,0,0,0,0,0,1,1.0,1,597,597.0,597,597,3.0,3,3,0,0,0,100.0,0.0,0.0,1,0,1,headshrinker-sione,1,headshrinker-sione,,
elias,Men's,5,2018,2023,0,0,0,0,0,2,0.4,1,2716,543.2,1560,39,8.2,19,1,1,1,0,100.0,0.0,0.0,4,1,6,john-cena,2,jeff-jarrett,,
elijah-burke,Men's,1,2008,2008,0,0,0,0,0,0,0.0,0,131,131.0,131,131,28.0,28,28,0,0,0,100.0,0.0,0.0,1,0,1,hunter-hearst-helmsley,0,,,
ember-moon,Women's,3,2018,2021,0,0,0,0,0,0,0.0,0,3615,1205.0,3130,111,19.0,28,6,0,0,0,100.0,0.0,0.0,2,1,3,asuka,0,,,
emma,Women's,1,2023,2023,0,0,0,0,0,0,0.0,0,612,612.0,612,612,4.0,4,4,0,0,0,100.0,0.0,0.0,1,0,1,dakota-kai,0,,,
enzo-amore,Men's,1,2017,2017,0,0,0,0,0,0,0.0,0,18,18.0,18,18,27.0,27,27,0,0,0,100.0,0.0,0.0,1,0,1,brock-lesnar,0,,,
epico,Men's,1,2012,2012,0,0,0,0,0,0,0.0,0,11,11.0,11,11,10.0,10,10,0,0,0,100.0,0.0,0.0,1,0,1,mick-foley,0,,,
erick-rowan,Men's,3,2014,2020,0,0,0,0,0,1,0.33,1,549,183.0,288,8,16.33,25,3,0,0,0,100.0,0.0,0.0,1,4,2,brock-lesnar,1,brock-lesnar,,
ernest-miller,Men's,1,2004,2004,0,0,0,0,0,0,0.0,0,56,56.0,56,56,18.0,18,18,0,0,0,100.0,0.0,0.0,1,0,2,chris-benoit,0,,,
eugene,Men's,1,2006,2006,0,0,0,0,0,0,0.0,0,986,986.0,986,986,18.0,18,18,0,0,0,100.0,0.0,0.0,1,0,1,chris-benoit,0,,,
evan-bourne,Men's,1,2010,2010,0,0,0,0,0,0,0.0,0,147,147.0,147,147,2.0,2,2,0,1,0,100.0,0.0,0.0,1,0,1,cm-punk,0,,,
ezekiel-jackson,Men's,2,2011,2012,0,0,0,0,0,1,0.5,1,661,330.5,435,226,24.5,36,13,0,0,0,100.0,0.0,0.0,2,0,2,kane,1,big-show,,
faarooq,Men's,5,1997,2002,0,0,0,0,0,4,0.8,3,756,151.2,603,18,18.2,27,4,0,0,0,100.0,0.0,0.0,3,1,6,faarooq,4,latin-lover,,
fake-diesel,Men's,1,1997,1997,0,0,1,1,0,0,0.0,0,1071,1071.0,1071,1071,23.0,23,23,0,0,0,100.0,0.0,100.0,1,0,1,bret-hart,0,,,Final Four
fake-razor-ramon,Men's,1,1997,1997,0,0,0,0,0,0,0.0,0,16,16.0,16,16,3.0,3,3,0,0,0,100.0,0.0,0.0,1,0,1,ahmed-johnson,0,,,
fandango,Men's,2,2014,2015,0,0,0,0,0,0,0.0,0,622,311.0,456,166,15.0,19,11,0,0,0,100.0,0.0,0.0,2,0,2,el-torito,0,,,
fatu,Men's,4,1993,1996,0,0,0,0,0,2,0.5,1,1936,484.0,785,333,26.25,29,22,0,0,0,100.0,0.0,0.0,4,0,4,bob-backlund,2,mo,,
finlay,Men's,3,2007,2009,0,0,0,0,0,0,0.0,0,3753,1251.0,1954,0,14.33,27,2,0,1,0,66.7,0.0,0.0,3,0,2,shawn-michaels,0,,,
finn-balor,Men's,4,2018,2025,0,0,1,0,0,8,2.0,4,5274,1318.5,3458,465,13.5,20,2,0,1,0,100.0,0.0,25.0,3,4,3,john-cena,8,baron-corbin,,Final Four
flash-funk,Men's,1,1997,1997,0,0,0,0,0,0,0.0,0,373,373.0,373,373,27.0,27,27,0,0,0,100.0,0.0,0.0,1,0,1,vader,0,,,
gangrel,Men's,2,1999,2000,0,0,0,0,0,1,0.5,1,1425,712.5,1399,26,12.5,13,12,0,0,0,100.0,0.0,0.0,2,0,2,jesse-james,1,rikishi,,
gene-snitsky,Men's,2,2005,2008,0,0,0,0,0,1,0.5,1,966,483.0,747,219,20.5,26,15,0,0,0,100.0,0.0,0.0,1,2,2,batista,1,paul-london,,
genichiro-tenryu,Men's,2,1993,1994,0,0,0,0,0,0,0.0,0,1840,920.0,1043,797,16.5,24,9,0,0,0,100.0,0.0,0.0,2,0,3,the-undertaker,0,,,
gillberg,Men's,1,1999,1999,0,0,0,0,0,0,0.0,0,7,7.0,7,7,6.0,6,6,0,0,0,100.0,0.0,0.0,1,0,1,edge,0,,,
giulia,Women's,2,2025,2026,0,0,0,0,0,2,1.0,1,1523,761.5,915,608,23.5,28,19,0,0,0,100.0,0.0,0.0,2,0,2,roxanne-perez,2,jordynne-grace,,
goldberg,Men's,1,2017,2017,0,0,0,0,0,3,3.0,3,201,201.0,201,201,28.0,28,28,0,0,0,100.0,0.0,0.0,1,0,1,the-undertaker,3,rusev,,
goldust,Men's,12,1997,2018,0,0,0,0,0,4,0.33,2,5368,447.3,1561,47,16.08,29,2,0,1,0,100.0,0.0,0.0,4,10,11,cody-rhodes,4,hunter-hearst-helmsley,,
golga,Men's,1,1999,1999,0,0,0,0,0,0,0.0,0,14,14.0,14,14,3.0,3,3,0,0,0,100.0,0.0,0.0,1,0,1,steve-austin,0,,,
grayson-waller,Men's,1,2024,2024,0,0,0,0,0,0,0.0,0,245,245.0,245,245,3.0,3,3,0,0,0,100.0,0.0,0.0,1,0,1,carmelo-hayes,0,,,
great-kabuki,Men's,1,1994,1994,0,0,0,0,0,0,0.0,0,107,107.0,107,107,22.0,22,22,0,0,0,100.0,0.0,0.0,1,0,1,lex-luger,0,,,
greg-valentine,Men's,4,1989,1994,0,0,0,0,0,1,0.25,1,5341,1335.2,2653,254,10.0,20,3,0,0,0,100.0,0.0,0.0,2,2,4,randy-savage,1,dino-bravo,,
gunther,Men's,3,2023,2026,0,2,3,3,2,10,3.33,5,6581,2193.7,4300,471,16.33,30,1,1,0,1,100.0,0.0,100.0,2,1,2,cody-rhodes,9,kofi-kingston,,Runner-up
haku,Men's,4,1990,2001,0,0,0,0,0,2,0.5,2,2440,610.0,1351,112,18.25,29,5,0,0,0,100.0,0.0,0.0,3,8,3,british-bulldog,2,earthquake,,
hakushi,Men's,1,1996,1996,0,0,0,0,0,0,0.0,0,113,113.0,113,113,19.0,19,19,0,0,0,100.0,0.0,0.0,1,0,1,owen-hart,0,,,
hardcore-holly,Men's,5,2000,2008,0,0,0,0,0,2,0.4,1,3119,623.8,845,118,14.4,23,4,0,0,0,100.0,0.0,0.0,2,4,6,al-snow,2,daniel-puder,,
harley-race,Men's,1,1988,1988,0,0,0,0,0,0,0.0,0,603,603.0,603,603,6.0,6,6,0,0,0,100.0,0.0,0.0,1,0,1,don-muraco,0,,,
hawk,Men's,1,1991,1991,0,0,0,0,0,2,2.0,2,400,400.0,400,400,16.0,16,16,0,0,0,100.0,0.0,0.0,1,0,2,hercules,2,jimmy-snuka,,
headhunter-1,Men's,1,1996,1996,0,0,0,0,0,0,0.0,0,71,71.0,71,71,15.0,15,15,0,0,0,100.0,0.0,0.0,1,0,1,vader,0,,,
headhunter-2,Men's,1,1996,1996,0,0,0,0,0,0,0.0,0,24,24.0,24,24,16.0,16,16,0,0,0,100.0,0.0,0.0,1,0,1,yokozuna,0,,,
headshrinker-sione,Men's,1,1995,1995,0,0,0,0,0,3,3.0,3,417,417.0,417,417,6.0,6,6,0,0,0,100.0,0.0,0.0,1,0,1,eli-blu,3,eli-blu,,
heath-slater,Men's,3,2011,2018,0,0,0,0,0,1,0.33,1,1027,342.3,936,33,13.33,25,5,0,0,0,100.0,0.0,0.0,1,5,2,john-cena,1,sheamus,,
henry-godwinn,Men's,4,1995,1998,0,0,0,0,0,1,0.25,1,2929,732.2,984,372,19.5,29,2,0,1,0,100.0,0.0,0.0,4,0,4,lex-luger,1,dick-murdoch,,
hercules,Men's,4,1989,1992,0,0,1,0,0,3,0.75,1,2874,718.5,2265,56,20.25,29,10,0,0,0,100.0,0.0,25.0,4,0,5,ted-dibiase,2,the-barbarian,,Final Four
hillbilly-jim,Men's,1,1988,1988,0,0,0,0,0,1,1.0,1,355,355.0,355,355,16.0,16,16,0,0,0,100.0,0.0,0.0,1,0,1,one-man-gang,1,jim-neidhart,,
hornswoggle,Men's,2,2008,2011,0,0,0,0,0,1,0.5,1,603,301.5,580,23,16.0,23,9,0,0,0,100.0,0.0,0.0,1,2,2,hornswoggle,1,the-miz,,
hulk-hogan,Men's,4,1989,1992,2,0,2,3,2,24,6.0,9,3409,852.2,1259,690,23.25,26,18,0,0,0,50.0,50.0,50.0,4,0,3,big-bossman,21,the-warlord,,Winner
hunico,Men's,3,2012,2015,0,0,0,0,0,0,0.0,0,762,254.0,540,37,17.67,29,8,0,0,0,100.0,0.0,0.0,2,1,3,kharma,0,,,
hunter-hearst-helmsley,Men's,9,1996,2016,2,2,5,5,4,30,3.33,7,14374,1597.1,3614,403,14.78,30,1,2,0,1,77.8,22.2,55.6,3,12,7,diesel,27,kane,,Winner
husky-harris,Men's,1,2011,2011,0,0,0,0,0,3,3.0,3,948,948.0,948,948,9.0,9,9,0,0,0,100.0,0.0,0.0,1,0,1,the-great-khali,3,johnny-nitro,,
ilja-dragunov,Men's,1,2026,2026,0,0,0,0,0,0,0.0,0,660,660.0,660,660,17.0,17,17,0,0,0,100.0,0.0,0.0,1,0,1,brock-lesnar,0,,,
indi-hartwell,Women's,2,2023,2024,0,0,0,0,0,0,0.0,0,494,247.0,291,203,16.0,26,6,0,0,0,100.0,0.0,0.0,2,0,2,sonya-deville,0,,,
io-shirai,Women's,4,2019,2026,0,0,0,0,0,7,1.75,5,7706,1926.5,4005,801,13.5,23,1,1,0,0,100.0,0.0,0.0,2,4,3,nia-jax,7,dana-brooke,,
irwin-r-schyster,Men's,2,1992,1993,0,0,0,0,0,0,0.0,0,2579,1289.5,1623,956,18.0,18,18,0,0,0,100.0,0.0,0.0,2,0,2,roddy-piper,0,,,
isaac-yankem,Men's,1,1996,1996,0,0,0,0,0,1,1.0,1,425,425.0,425,425,27.0,27,27,0,0,0,100.0,0.0,0.0,1,0,1,shawn-michaels,1,fatu,,
ishowspeed,Men's,1,2025,2025,0,0,0,0,0,1,1.0,1,56,56.0,56,56,8.0,8,8,0,0,0,100.0,0.0,0.0,1,0,1,otis,1,otis,,
ivar,Men's,1,2024,2024,0,0,0,0,0,0,0.0,0,297,297.0,297,297,19.0,19,19,0,0,0,100.0,0.0,0.0,1,0,1,bron-breakker,0,,,
ivory,Women's,1,2022,2022,0,0,0,0,0,0,0.0,0,25,25.0,25,25,18.0,18,18,0,0,0,100.0,0.0,0.0,1,0,1,rhea-ripley,0,,,
ivy-nile,Women's,3,2024,2026,0,0,0,0,0,1,0.33,1,2780,926.7,1407,384,6.67,8,5,0,0,0,100.0,0.0,0.0,3,0,3,nia-jax,1,lyra-valkyria,,
jack-gallagher,Men's,1,2017,2017,0,0,0,0,0,0,0.0,0,200,200.0,200,200,5.0,5,5,0,0,0,100.0,0.0,0.0,1,0,1,mark-henry,0,,,
jack-swagger,Men's,6,2010,2016,0,0,0,0,0,0,0.0,0,2400,400.0,770,15,21.83,27,7,0,0,0,100.0,0.0,0.0,3,1,5,big-show,0,,,
jacob-blu,Men's,1,1995,1995,0,0,0,0,0,0,0.0,0,18,18.0,18,18,14.0,14,14,0,0,0,100.0,0.0,0.0,1,0,1,shawn-michaels,0,,,
jacob-fatu,Men's,2,2025,2026,0,0,0,0,0,4,2.0,4,1997,998.5,1456,541,19.5,27,12,0,0,0,100.0,0.0,0.0,2,0,2,braun-strowman,4,rey-mysterio,,
jacqueline,Women's,1,2018,2018,0,0,0,0,0,0,0.0,0,112,112.0,112,112,21.0,21,21,0,0,0,100.0,0.0,0.0,1,0,1,nia-jax,0,,,
jacy-jayne,Women's,1,2026,2026,0,0,0,0,0,1,1.0,1,971,971.0,971,971,24.0,24,24,0,0,0,100.0,0.0,0.0,1,0,1,sol-ruca,1,kelani-jordan,,
jade-cargill,Women's,1,2024,2024,0,0,1,1,0,3,3.0,3,663,663.0,663,663,28.0,28,28,0,0,0,100.0,0.0,100.0,1,0,1,liv-morgan,3,naomi,,Final Four
jaida-parker,Women's,1,2025,2025,0,0,0,0,0,0,0.0,0,414,414.0,414,414,16.0,16,16,0,0,0,100.0,0.0,0.0,1,0,1,jordynne-grace,0,,,
jake-roberts,Men's,7,1988,1997,0,0,0,0,0,5,0.71,2,4430,632.9,1312,71,7.86,16,4,0,0,0,100.0,0.0,0.0,5,3,6,randy-savage,5,boris-zhukov,,
jamal,Men's,2,2003,2008,0,0,0,0,0,1,0.5,1,2535,1267.5,1566,969,17.5,21,14,0,0,0,100.0,0.0,0.0,1,4,2,the-undertaker,1,hardcore-holly,,
james-ellsworth,Men's,1,2017,2017,0,0,0,0,0,0,0.0,0,15,15.0,15,15,11.0,11,11,0,0,0,100.0,0.0,0.0,1,0,1,braun-strowman,0,,,
jamie-noble,Men's,1,2008,2008,0,0,0,0,0,0,0.0,0,28,28.0,28,28,11.0,11,11,0,0,0,100.0,0.0,0.0,1,0,1,chuck-palumbo,0,,,
jd-mcdonagh,Men's,1,2024,2024,0,0,0,0,0,0,0.0,0,3,3.0,3,3,23.0,23,23,0,0,0,100.0,0.0,0.0,1,0,1,jey-uso,0,,,
jeff-hardy,Men's,6,2001,2021,0,0,0,0,0,3,0.5,3,1782,297.0,447,90,11.5,24,1,1,0,0,100.0,0.0,0.0,3,15,7,matt-hardy,3,bull-buchanan,,
jeff-jarrett,Men's,4,1994,2019,0,0,0,0,0,0,0.0,0,440,110.0,218,65,14.75,27,2,0,1,0,100.0,0.0,0.0,2,22,4,randy-savage,0,,,
jerry-lawler,Men's,4,1993,2012,0,0,0,0,0,3,0.75,2,3087,771.8,2162,5,11.25,22,4,0,0,0,100.0,0.0,0.0,2,16,4,mr-perfect,3,max-moon,,
jerry-sags,Men's,2,1992,1993,0,0,0,0,0,0,0.0,0,1376,688.0,1311,65,12.0,20,4,0,0,0,100.0,0.0,0.0,2,0,2,british-bulldog,0,,,
jesse-james,Men's,3,1997,2000,0,0,0,0,0,4,1.33,2,1811,603.7,1142,28,17.0,20,12,0,0,0,100.0,0.0,0.0,2,1,3,steve-austin,4,al-snow,,
jevon-evans,Men's,1,2026,2026,0,0,0,0,0,0,0.0,0,2458,2458.0,2458,2458,8.0,8,8,0,0,0,100.0,0.0,0.0,1,0,1,randy-orton,0,,,
jey-uso,Men's,5,2012,2026,1,0,1,1,1,4,0.8,3,6747,1349.4,3055,262,18.6,25,1,1,0,0,80.0,20.0,20.0,3,10,4,randy-orton,4,jd-mcdonagh,,Winner
jillian-hall,Women's,1,2021,2021,0,0,0,0,0,0,0.0,0,483,483.0,483,483,8.0,8,8,0,0,0,100.0,0.0,0.0,1,0,1,billie-kay,0,,,
jim-brunzell,Men's,1,1988,1988,0,0,0,0,0,1,1.0,1,726,726.0,726,726,7.0,7,7,0,0,0,100.0,0.0,0.0,1,0,1,nikolai-volkoff,1,boris-zhukov,,
jim-duggan,Men's,5,1988,2012,1,0,1,1,1,4,0.8,3,2642,528.4,1247,57,19.8,29,13,0,0,0,80.0,20.0,20.0,2,20,4,mr-perfect,4,danny-davis,,Winner
jim-neidhart,Men's,3,1988,1991,0,0,0,0,0,2,0.67,1,2340,780.0,1146,522,16.67,26,4,0,0,0,100.0,0.0,0.0,2,1,3,rick-martel,2,tito-santana,,
jimmy-del-ray,Men's,1,1995,1995,0,0,0,0,0,0,0.0,0,84,84.0,84,84,5.0,5,5,0,0,0,100.0,0.0,0.0,1,0,1,british-bulldog,0,,,
jimmy-snuka,Men's,4,1990,2008,0,0,0,0,0,2,0.5,2,1824,456.0,1023,148,16.75,19,13,0,0,0,100.0,0.0,0.0,3,15,4,hulk-hogan,2,earthquake,,
jimmy-uso,Men's,3,2014,2025,0,0,0,0,0,0,0.0,0,3450,1150.0,2049,467,7.0,10,2,0,1,0,100.0,0.0,0.0,2,9,3,dean-ambrose,0,,,
jinder-mahal,Men's,4,2012,2019,0,0,0,0,0,2,0.5,2,452,113.0,228,29,16.25,27,7,0,0,0,100.0,0.0,0.0,2,4,4,the-great-khali,2,big-e,,
joe-hendry,Men's,1,2025,2025,0,0,0,0,0,0,0.0,0,215,215.0,215,215,15.0,15,15,0,0,0,100.0,0.0,0.0,1,0,1,roman-reigns,0,,,
joey-mercury,Men's,1,2006,2006,0,0,0,0,0,0,0.0,0,1754,1754.0,1754,1754,14.0,14,14,0,0,0,100.0,0.0,0.0,1,0,1,shawn-michaels,1,tatanka,,
john-cena,Men's,9,2003,2025,2,3,5,5,4,28,3.11,7,11462,1273.6,2058,457,22.67,30,18,0,0,1,77.8,22.2,55.6,3,14,7,the-undertaker,26,heath-slater,,Winner
john-morrison,Men's,2,2020,2021,0,0,0,0,0,0,0.0,0,503,251.5,494,9,8.0,11,5,0,0,0,100.0,0.0,0.0,2,0,2,brock-lesnar,0,,,
johnny-gargano,Men's,2,2019,2023,0,0,0,0,0,1,0.5,1,2627,1313.5,1797,830,5.5,6,5,0,0,0,100.0,0.0,0.0,1,3,3,dean-ambrose,1,jinder-mahal,,
johnny-knoxville,Men's,1,2022,2022,0,0,0,0,0,0,0.0,0,86,86.0,86,86,9.0,9,9,0,0,0,100.0,0.0,0.0,1,0,1,sami-zayn,0,,,
johnny-nitro,Men's,6,2006,2011,0,0,0,0,0,1,0.17,1,6372,1062.0,1765,378,10.33,20,2,0,1,0,100.0,0.0,0.0,6,0,8,shawn-michaels,2,tatanka,,
jonathan-coachman,Men's,2,2005,2006,0,0,0,0,0,0,0.0,0,861,430.5,830,31,14.0,21,7,0,0,0,100.0,0.0,0.0,2,0,2,ric-flair,0,,,
jordynne-grace,Women's,3,2024,2026,0,0,0,0,0,4,1.33,3,3398,1132.7,1361,887,10.67,19,5,0,0,0,100.0,0.0,0.0,3,0,3,bianca-belair,4,jaida-parker,,
jtg,Men's,3,2009,2011,0,0,0,0,0,0,0.0,0,851,283.7,718,25,8.33,12,4,0,0,0,100.0,0.0,0.0,3,0,3,the-undertaker,0,,,
junkyard-dog,Men's,1,1988,1988,0,0,0,0,0,0,0.0,0,128,128.0,128,128,20.0,20,20,0,0,1,100.0,0.0,0.0,1,0,1,dino-bravo,0,,,
justin-gabriel,Men's,2,2011,2012,0,0,0,0,0,0,0.0,0,431,215.5,373,58,4.0,5,3,0,0,0,100.0,0.0,0.0,2,0,3,daniel-bryan,0,,,
k-kwik,Men's,1,2001,2001,0,0,0,0,0,0,0.0,0,474,474.0,474,474,19.0,19,19,0,0,0,100.0,0.0,0.0,1,0,1,big-show,0,,,
kacy-catanzaro,Women's,2,2019,2024,0,0,0,0,0,1,0.5,1,2193,1096.5,1548,645,14.0,19,9,0,0,0,100.0,0.0,0.0,1,4,2,rhea-ripley,1,asuka,,
kairi-sane,Women's,5,2018,2026,0,0,0,0,0,3,0.6,1,2027,405.4,1020,96,14.0,28,6,0,0,0,100.0,0.0,0.0,3,4,5,dana-brooke,3,sarah-logan,,
kalisto,Men's,1,2017,2017,0,0,0,0,0,0,0.0,0,497,497.0,497,497,3.0,3,3,0,0,0,100.0,0.0,0.0,1,0,1,braun-strowman,0,,,
kama,Men's,2,1996,1998,0,0,0,0,0,1,0.5,1,1795,897.5,957,838,23.0,23,23,0,0,0,100.0,0.0,0.0,1,1,2,diesel,1,duke-droese,,
kane,Men's,18,1999,2021,0,1,5,2,1,42,2.33,11,11439,635.5,3224,53,18.5,40,5,0,0,1,100.0,0.0,27.8,13,5,18,hunter-hearst-helmsley,38,prince-albert,,Runner-up
karl-anderson,Men's,1,2020,2020,0,0,0,0,0,0,0.0,0,586,586.0,586,586,20.0,20,20,0,0,0,100.0,0.0,0.0,1,0,1,randy-orton,0,,,
karrion-kross,Men's,2,2023,2024,0,0,0,0,0,1,0.5,1,631,315.5,380,251,7.5,8,7,0,0,0,100.0,0.0,0.0,2,0,2,drew-mcintyre,1,bobby-lashley,,
kayden-carter,Women's,1,2024,2024,0,0,0,0,0,2,2.0,2,708,708.0,708,708,13.0,13,13,0,0,0,100.0,0.0,0.0,1,0,1,piper-niven,2,asuka,,
keith-lee,Men's,1,2020,2020,0,0,0,0,0,0,0.0,0,212,212.0,212,212,13.0,13,13,0,0,0,100.0,0.0,0.0,1,0,1,brock-lesnar,0,,,
kelani-jordan,Women's,1,2026,2026,0,0,0,0,0,0,0.0,0,562,562.0,562,562,27.0,27,27,0,0,0,100.0,0.0,0.0,1,0,1,jacy-jayne,0,,,
kelly-kelly,Women's,3,2018,2022,0,0,0,0,0,0,0.0,0,516,172.0,302,65,14.67,21,4,0,0,0,100.0,0.0,0.0,1,2,3,nia-jax,0,,,
ken-shamrock,Men's,2,1998,1999,0,0,0,0,0,1,0.5,1,847,423.5,555,292,16.5,19,14,0,0,0,100.0,0.0,0.0,2,0,2,rocky-maivia,1,kurrgan,,
kenny-dykstra,Men's,1,2007,2007,0,0,0,0,0,0,0.0,0,245,245.0,245,245,3.0,3,3,0,0,0,100.0,0.0,0.0,1,0,1,edge,0,,,
kenzo-suzuki,Men's,1,2005,2005,0,0,0,0,0,0,0.0,0,212,212.0,212,212,6.0,6,6,0,0,0,100.0,0.0,0.0,1,0,1,rey-mysterio,0,,,
kevin-owens,Men's,3,2016,2022,0,0,0,0,0,2,0.67,1,1357,452.3,673,265,22.33,27,18,0,0,0,100.0,0.0,0.0,1,4,3,sami-zayn,2,aj-styles,,
kevin-thorn,Men's,1,2007,2007,0,0,0,0,0,1,1.0,1,376,376.0,376,376,21.0,21,21,0,0,0,100.0,0.0,0.0,1,0,1,chris-benoit,1,mabel,,
kharma,Men's,1,2012,2012,0,0,0,0,0,1,1.0,1,61,61.0,61,61,21.0,21,21,0,0,0,100.0,0.0,0.0,1,0,1,dolph-ziggler,1,hunico,,
kiana-james,Women's,1,2026,2026,0,0,0,0,0,0,0.0,0,1650,1650.0,1650,1650,3.0,3,3,0,0,0,100.0,0.0,0.0,1,0,1,raquel-rodriguez,0,,,
king-kong-bundy,Men's,1,1995,1995,0,0,0,0,0,1,1.0,1,181,181.0,181,181,15.0,15,15,0,0,0,100.0,0.0,0.0,1,0,1,shawn-michaels,1,mo,,
kofi-kingston,Men's,15,2009,2024,0,0,0,0,0,8,0.53,2,8891,592.7,1267,21,14.53,27,4,0,0,0,100.0,0.0,0.0,12,1,14,sheamus,8,alex-riley,,
koko-b-ware,Men's,3,1989,1993,0,0,0,0,0,1,0.33,1,675,225.0,511,68,11.33,20,2,0,1,0,100.0,0.0,0.0,2,2,2,ted-dibiase,1,mr-perfect,,
kurrgan,Men's,2,1998,1999,0,0,0,0,0,2,1.0,2,632,316.0,414,218,13.0,14,12,0,0,0,100.0,0.0,0.0,2,0,7,eight-ball,2,mosh,,
kurt-angle,Men's,4,2002,2019,0,1,2,2,1,4,1.0,2,2945,736.2,1744,37,17.25,26,4,0,0,0,100.0,0.0,50.0,2,14,4,hunter-hearst-helmsley,4,kane,,Runner-up
kwang,Men's,2,1994,1995,0,0,0,0,0,1,0.5,1,598,299.0,358,240,6.5,9,4,0,0,0,100.0,0.0,0.0,2,0,2,diesel,1,doink-1995,,
la-knight,Men's,2,2025,2026,0,0,0,0,0,4,2.0,3,1171,585.5,865,306,25.0,29,21,0,0,0,100.0,0.0,0.0,2,0,2,aj-styles,4,damian-priest,,
la-parka-iii,Men's,1,2026,2026,0,0,0,0,0,0,0.0,0,266,266.0,266,266,18.0,18,18,0,0,0,100.0,0.0,0.0,1,0,1,austin-theory,0,,,
lacey-evans,Women's,3,2019,2023,0,0,0,0,0,5,1.67,2,3766,1255.3,1760,845,14.33,24,1,1,0,0,100.0,0.0,0.0,1,2,3,charlotte-flair,5,billie-kay,,
lana,Women's,3,2018,2021,0,0,0,0,0,2,0.67,1,921,307.0,598,149,14.67,26,5,0,0,0,100.0,0.0,0.0,2,1,3,michelle-mccool,2,liv-morgan,,
lance-storm,Men's,1,2002,2002,0,0,0,0,0,0,0.0,0,286,286.0,286,286,5.0,5,5,0,0,0,100.0,0.0,0.0,1,0,1,al-snow,0,,,
lash-legend,Women's,2,2025,2026,0,0,0,0,0,5,2.5,5,3368,1684.0,2326,1042,12.0,15,9,0,0,0,100.0,0.0,0.0,2,0,2,chelsea-green,5,charlotte-flair,,
latin-lover,Men's,1,1997,1997,0,0,0,0,0,0,0.0,0,108,108.0,108,108,17.0,17,17,0,0,0,100.0,0.0,0.0,1,0,1,faarooq,0,,,
lex-luger,Men's,2,1994,1995,1,0,1,0,1,10,5.0,6,2444,1222.0,1312,1132,21.0,23,19,0,0,0,50.0,50.0,50.0,2,0,2,demolition-crush,10,adam-bomb,,Winner
lita,Women's,2,2018,2022,0,0,0,0,0,3,1.5,2,972,486.0,621,351,15.5,26,5,0,0,0,100.0,0.0,0.0,1,3,2,becky-lynch,3,mandy-rose,,
liv-morgan,Women's,9,2018,2026,1,2,3,3,3,12,1.33,3,13704,1522.7,4020,8,9.89,30,2,0,2,1,88.9,11.1,33.3,9,0,8,bayley,11,natalya,,Winner
logan-paul,Men's,3,2023,2026,0,0,3,2,0,3,1.0,2,2843,947.7,1507,657,26.33,30,20,0,0,1,100.0,0.0,100.0,2,1,3,cody-rhodes,3,seth-rollins,,Final Four
lola-vice,Women's,1,2026,2026,0,0,0,0,0,0,0.0,0,272,272.0,272,272,6.0,6,6,0,0,0,100.0,0.0,0.0,1,0,1,jordynne-grace,0,,,
ludwig-kaiser,Men's,2,2024,2025,0,0,0,0,0,0,0.0,0,575,287.5,569,6,12.5,13,12,0,0,0,100.0,0.0,0.0,2,0,2,kofi-kingston,0,,,
luke-gallows,Men's,1,2020,2020,0,0,0,0,0,0,0.0,0,120,120.0,120,120,24.0,24,24,0,0,0,100.0,0.0,0.0,1,0,1,edge,0,,,
luke-harper,Men's,4,2014,2017,0,0,0,0,0,6,1.5,3,3170,792.5,1413,257,16.0,25,4,0,0,0,100.0,0.0,0.0,4,0,4,roman-reigns,6,the-miz,,
luke-williams,Men's,3,1989,1995,0,0,0,0,0,0,0.0,0,204,68.0,188,4,19.67,27,13,0,0,0,100.0,0.0,0.0,1,4,3,hulk-hogan,0,,,
luther-reigns,Men's,1,2005,2005,0,0,0,0,0,1,1.0,1,433,433.0,433,433,12.0,12,12,0,0,0,100.0,0.0,0.0,1,0,1,booker-t,1,muhammad-hassan,,
lyra-valkyria,Women's,2,2025,2026,0,0,0,0,0,1,0.5,1,1617,808.5,973,644,15.0,26,4,0,0,0,100.0,0.0,0.0,2,0,2,ivy-nile,1,giulia,,
mabel,Men's,9,1994,2008,0,0,0,0,0,8,0.89,6,2959,328.8,734,78,16.78,27,6,0,0,0,100.0,0.0,0.0,4,6,24,demolition-crush,8,diesel,,
mandy-rose,Women's,4,2018,2021,0,0,0,0,0,3,0.75,1,2540,635.0,1550,229,9.25,22,3,0,0,0,100.0,0.0,0.0,4,0,4,lita,3,naomi,,
mankind,Men's,2,1997,1998,0,0,0,0,0,3,1.5,2,869,434.5,742,127,21.0,26,16,0,0,0,100.0,0.0,0.0,2,0,2,terry-funk,2,terry-funk,,
mantaur,Men's,1,1995,1995,0,0,0,0,0,0,0.0,0,572,572.0,572,572,20.0,20,20,0,0,0,100.0,0.0,0.0,1,0,1,lex-luger,0,,,
marc-mero,Men's,2,1997,1998,0,0,0,0,0,0,0.0,0,1412,706.0,1178,234,14.5,16,13,0,0,0,100.0,0.0,0.0,2,0,1,steve-austin,0,,,
maria-kanellis,Women's,1,2019,2019,0,0,0,0,0,0,0.0,0,492,492.0,492,492,15.0,15,15,0,0,0,100.0,0.0,0.0,1,0,1,alicia-fox,0,,,
mark-henry,Men's,9,1998,2017,0,0,0,0,0,5,0.56,2,3478,386.4,1147,28,17.33,26,3,0,0,0,100.0,0.0,0.0,4,11,13,braun-strowman,5,phineas-godwinn,,
mark-jindrak,Men's,1,2005,2005,0,0,0,0,0,0,0.0,0,495,495.0,495,495,22.0,22,22,0,0,0,100.0,0.0,0.0,1,0,1,kane,0,,,
marty-jannetty,Men's,4,1989,1996,0,0,0,0,0,1,0.25,1,1222,305.5,500,95,18.5,29,3,0,0,0,100.0,0.0,0.0,2,4,5,tully-blanchard,1,ron-bass,,
mason-ryan,Men's,1,2011,2011,0,0,0,0,0,2,2.0,2,272,272.0,272,272,20.0,20,20,0,0,0,100.0,0.0,0.0,1,0,1,john-cena,2,booker-t,,
matt-hardy,Men's,8,2001,2018,0,0,0,0,0,5,0.62,3,4731,591.4,1636,21,11.88,23,3,0,0,0,100.0,0.0,0.0,4,10,8,jeff-hardy,5,jeff-hardy,,
matt-morgan,Men's,1,2004,2004,0,0,0,0,0,1,1.0,1,734,734.0,734,734,9.0,9,9,0,0,0,100.0,0.0,0.0,1,0,1,chris-benoit,1,the-hurricane,,
matt-riddle,Men's,3,2020,2022,0,0,1,0,0,3,1.0,2,3104,1034.7,1877,41,19.67,23,16,0,0,0,100.0,0.0,33.3,3,0,3,baron-corbin,3,bobby-lashley,,Final Four
maven,Men's,2,2002,2003,0,0,0,0,0,1,0.5,1,716,358.0,501,215,18.5,26,11,0,0,0,100.0,0.0,0.0,2,0,1,the-undertaker,1,the-undertaker,,
max-moon,Men's,1,1993,1993,0,0,0,0,0,0,0.0,0,119,119.0,119,119,8.0,8,8,0,0,0,100.0,0.0,0.0,1,0,1,jerry-lawler,0,,,
maxxine-dupri,Women's,3,2024,2026,0,0,0,0,0,1,0.33,1,646,215.3,399,80,14.67,18,12,0,0,0,100.0,0.0,0.0,3,0,5,bayley,1,ivy-nile,,
melina,Women's,1,2022,2022,0,0,0,0,0,0,0.0,0,53,53.0,53,53,2.0,2,2,0,1,0,100.0,0.0,0.0,1,0,1,sasha-banks,0,,,
mercedes-martinez,Women's,1,2020,2020,0,0,0,0,0,0,0.0,0,494,494.0,494,494,6.0,6,6,0,0,0,100.0,0.0,0.0,1,0,2,mandy-rose,0,,,
mia-yim,Women's,4,2020,2025,0,0,0,0,0,2,0.5,2,2775,693.8,1064,302,20.0,25,12,0,0,0,100.0,0.0,0.0,3,2,4,alexa-bliss,2,shotzi-blackheart,,
michael-cole,Men's,1,2012,2012,0,0,0,0,0,0,0.0,0,84,84.0,84,84,20.0,20,20,0,0,0,100.0,0.0,0.0,1,0,2,booker-t,0,,,
michael-mcgillicutty,Men's,1,2011,2011,0,0,0,0,0,4,4.0,4,908,908.0,908,908,13.0,13,13,0,0,0,100.0,0.0,0.0,1,0,1,john-cena,4,johnny-nitro,,
michelle-mccool,Women's,3,2018,2023,0,0,0,0,0,8,2.67,5,2601,867.0,1250,518,16.33,25,10,0,0,0,100.0,0.0,0.0,2,3,3,natalya,8,sonya-deville,,
mick-foley,Men's,3,2004,2012,0,0,0,0,0,4,1.33,3,1125,375.0,689,43,16.67,22,7,0,0,0,100.0,0.0,0.0,1,6,3,randy-orton,4,randy-orton,,
mickie-james,Women's,4,2018,2022,0,0,0,0,0,1,0.25,1,2342,585.5,700,440,17.5,26,5,0,0,0,100.0,0.0,0.0,2,1,4,trish-stratus,1,michelle-mccool,,
mike-knox,Men's,1,2009,2009,0,0,0,0,0,0,0.0,0,1963,1963.0,1963,1963,12.0,12,12,0,0,0,100.0,0.0,0.0,1,0,1,big-show,0,,,
mil-mascaras,Men's,1,1997,1997,0,0,0,0,0,2,2.0,2,448,448.0,448,448,11.0,11,11,0,0,0,100.0,0.0,0.0,1,0,1,mil-mascaras,2,cibernetico,,
mo,Men's,2,1994,1995,0,0,0,0,0,0,0.0,0,1372,686.0,1368,4,17.5,19,16,0,0,0,100.0,0.0,0.0,2,0,2,fatu,0,,,
mojo-rawley,Men's,1,2017,2017,0,0,0,0,0,0,0.0,0,376,376.0,376,376,4.0,4,4,0,0,0,100.0,0.0,0.0,1,0,1,braun-strowman,0,,,
molly-holly,Women's,3,2018,2022,0,0,0,0,0,1,0.33,1,885,295.0,621,20,14.0,27,3,0,0,0,100.0,0.0,0.0,1,2,3,michelle-mccool,1,sarah-logan,,
montez-ford,Men's,2,2022,2023,0,0,0,0,0,0,0.0,0,594,297.0,550,44,14.5,23,6,0,0,0,100.0,0.0,0.0,2,0,2,omos,0,,,
mosh,Men's,2,1998,2000,0,0,0,0,0,0,0.0,0,917,458.5,789,128,4.0,5,3,0,0,0,100.0,0.0,0.0,1,1,2,kurrgan,0,,,
mr-iguana,Men's,1,2026,2026,0,0,0,0,0,0,0.0,0,125,125.0,125,125,9.0,9,9,0,0,0,100.0,0.0,0.0,1,0,1,trick-williams,0,,,
mr-kennedy,Men's,1,2008,2008,0,0,0,0,0,1,1.0,1,812,812.0,812,812,23.0,23,23,0,0,0,100.0,0.0,0.0,1,0,1,batista,1,shawn-michaels,,
mr-perfect,Men's,5,1989,2002,0,1,2,2,1,7,1.4,3,4340,868.0,1678,212,18.4,30,4,0,0,1,100.0,0.0,40.0,3,9,6,hulk-hogan,7,ax,,Runner-up
muhammad-hassan,Men's,1,2005,2005,0,0,0,0,0,0,0.0,0,54,54.0,54,54,13.0,13,13,0,0,0,100.0,0.0,0.0,1,0,8,eddie-guerrero,0,,,
mustafa-ali,Men's,2,2019,2021,0,0,0,0,0,3,1.5,2,2598,1299.0,1800,798,8.5,13,4,0,0,0,100.0,0.0,0.0,1,1,2,nia-jax,3,shinsuke-nakamura,,
mvp,Men's,4,2007,2020,0,0,0,0,0,1,0.25,1,716,179.0,453,7,14.0,26,4,0,0,0,100.0,0.0,0.0,2,10,4,the-undertaker,1,the-miz,,
naomi,Women's,7,2018,2025,0,0,0,0,0,5,0.71,2,11138,1591.1,3738,88,12.43,20,2,0,2,0,100.0,0.0,0.0,5,1,5,nia-jax,5,mandy-rose,,
natalya,Women's,9,2018,2026,0,0,2,0,0,9,1.0,3,11935,1326.1,3361,120,14.22,30,1,1,1,1,100.0,0.0,22.2,9,0,9,bianca-belair,9,michelle-mccool,,Final Four
neville,Men's,1,2016,2016,0,0,0,0,0,0,0.0,0,601,601.0,601,601,16.0,16,16,0,0,0,100.0,0.0,0.0,1,0,1,luke-harper,0,,,
nia-jax,Men's,1,2019,2019,0,0,0,0,0,1,1.0,1,189,189.0,189,189,30.0,30,30,0,0,1,100.0,0.0,0.0,1,0,1,rey-mysterio,1,mustafa-ali,,
nia-jax,Women's,7,2018,2026,0,0,2,2,0,28,4.0,9,4353,621.9,1215,117,23.14,30,4,0,0,1,100.0,0.0,28.6,4,2,20,asuka,24,naomi,,Final Four
nikki-bella,Women's,4,2018,2026,0,1,2,1,1,8,2.0,4,2536,634.0,990,184,26.5,30,24,0,0,1,100.0,0.0,50.0,2,5,4,asuka,7,bayley,,Runner-up
nikki-cross,Women's,5,2019,2023,0,0,1,0,0,2,0.4,1,3194,638.8,908,457,16.6,29,4,0,0,0,100.0,0.0,20.0,5,0,6,billie-kay,2,molly-holly,,Final Four
nikolai-volkoff,Men's,2,1988,1992,0,0,0,0,0,1,0.5,1,764,382.0,700,64,12.0,12,12,0,0,0,100.0,0.0,0.0,1,3,2,jim-duggan,1,jim-brunzell,,
no-way-jose,Men's,1,2019,2019,0,0,0,0,0,0,0.0,0,3,3.0,3,3,15.0,15,15,0,0,0,100.0,0.0,0.0,1,0,1,samoa-joe,0,,,
nunzio,Men's,1,2004,2004,0,0,0,0,0,0,0.0,0,228,228.0,228,228,23.0,23,23,0,0,0,100.0,0.0,0.0,1,0,1,bill-goldberg,0,,,
oba-femi,Men's,1,2026,2026,0,0,0,0,0,5,5.0,5,2344,2344.0,2344,2344,1.0,1,1,1,0,0,100.0,0.0,0.0,1,0,1,brock-lesnar,5,bron-breakker,,
omos,Men's,3,2022,2024,0,0,0,0,0,4,1.33,3,573,191.0,264,146,19.33,26,11,0,0,0,100.0,0.0,0.0,3,0,8,aj-styles,4,montez-ford,,
one-man-gang,Men's,3,1988,1990,0,1,2,2,1,8,2.67,6,1677,559.0,1116,151,19.33,23,16,0,0,0,100.0,0.0,66.7,3,0,3,jim-duggan,8,b-brian-blair,,Runner-up
orlando-jordan,Men's,2,2005,2006,0,0,0,0,0,0,0.0,0,1185,592.5,969,216,17.5,21,14,0,0,0,100.0,0.0,0.0,2,0,2,booker-t,0,,,
otis,Men's,4,2021,2025,0,0,0,0,0,2,0.5,1,1356,339.0,583,53,16.75,25,6,0,0,0,100.0,0.0,0.0,3,1,7,baron-corbin,2,rey-mysterio,,
owen-hart,Men's,7,1993,1999,0,0,0,0,0,7,1.0,2,2857,408.1,1243,4,16.0,29,5,0,0,0,100.0,0.0,0.0,7,0,7,diesel,7,jerry-sags,,
papa-shango,Men's,1,1993,1993,0,0,0,0,0,0,0.0,0,27,27.0,27,27,3.0,3,3,0,0,0,100.0,0.0,0.0,1,0,1,ric-flair,0,,,
pat-mcafee,Men's,1,2024,2024,0,0,0,0,0,0,0.0,0,38,38.0,38,38,22.0,22,22,0,0,0,100.0,0.0,0.0,1,0,1,pat-mcafee,0,,,
paul-london,Men's,1,2005,2005,0,0,0,0,0,0,0.0,0,195,195.0,195,195,24.0,24,24,0,0,0,100.0,0.0,0.0,1,0,1,gene-snitsky,0,,,
paul-roma,Men's,1,1991,1991,0,0,0,0,0,0,0.0,0,846,846.0,846,846,4.0,4,4,0,0,0,100.0,0.0,0.0,1,0,1,jake-roberts,0,,,
penta,Men's,2,2025,2026,0,0,0,0,0,1,0.5,1,2886,1443.0,2525,361,15.0,28,2,0,1,0,100.0,0.0,0.0,2,0,2,finn-balor,1,ludwig-kaiser,,
perry-saturn,Men's,2,2001,2002,0,0,0,0,0,0,0.0,0,482,241.0,305,177,13.5,18,9,0,0,0,100.0,0.0,0.0,2,0,2,kane,0,,,
pete-dunne,Men's,1,2019,2019,0,0,0,0,0,0,0.0,0,673,673.0,673,673,18.0,18,18,0,0,0,100.0,0.0,0.0,1,0,1,drew-mcintyre,0,,,
peyton-royce,Women's,2,2019,2021,0,0,0,0,0,2,1.0,1,1338,669.0,820,518,10.0,11,9,0,0,0,100.0,0.0,0.0,1,1,2,lacey-evans,2,nikki-cross,,
phineas-godwinn,Men's,2,1997,1998,0,0,0,0,0,2,1.0,1,1901,950.5,1728,173,5.0,6,4,0,0,0,100.0,0.0,0.0,2,0,2,steve-austin,2,demolition-crush,,
pierroth-jr,Men's,1,1997,1997,0,0,0,0,0,1,1.0,1,632,632.0,632,632,9.0,9,9,0,0,0,100.0,0.0,0.0,1,0,1,mil-mascaras,1,cibernetico,,
piper-niven,Women's,3,2023,2025,0,0,0,0,0,4,1.33,2,3894,1298.0,1685,759,16.67,18,15,0,0,0,100.0,0.0,0.0,3,0,3,raquel-rodriguez,4,mia-yim,,
powerhouse-hobbs,Men's,1,2026,2026,0,0,0,0,0,1,1.0,1,595,595.0,595,595,14.0,14,14,0,0,0,100.0,0.0,0.0,1,0,1,bronson-reed,1,damian-priest,,
primo,Men's,1,2012,2012,0,0,0,0,0,0,0.0,0,117,117.0,117,117,6.0,6,6,0,0,0,100.0,0.0,0.0,1,0,1,mick-foley,0,,,
prince-albert,Men's,6,2000,2013,0,0,0,0,0,0,0.0,0,2811,468.5,954,48,18.17,25,12,0,0,0,100.0,0.0,0.0,5,8,6,kane,0,,,
psicosis,Men's,1,2006,2006,0,0,0,0,0,0,0.0,0,76,76.0,76,76,4.0,4,4,0,0,0,100.0,0.0,0.0,1,0,1,rey-mysterio,0,,,
r-truth,Men's,8,2009,2024,0,0,0,0,0,2,0.25,2,1829,228.6,726,29,15.12,25,2,0,1,0,100.0,0.0,0.0,4,8,8,big-show,2,big-show,,
randy-orton,Men's,14,2004,2026,2,2,9,7,4,25,1.79,6,16236,1159.7,3507,141,22.14,39,2,0,2,0,85.7,14.3,64.3,6,9,11,edge,25,big-show,,Winner
randy-savage,Men's,6,1989,1994,0,1,2,1,1,8,1.33,3,3524,587.3,1347,0,16.67,30,5,0,0,1,83.3,0.0,33.3,6,0,5,hulk-hogan,7,jake-roberts,,Runner-up
raquel-rodriguez,Women's,3,2023,2026,0,0,1,0,0,5,1.67,3,4271,1423.7,2129,902,21.67,26,17,0,0,0,100.0,0.0,33.3,2,1,3,rhea-ripley,5,piper-niven,,Final Four
raven,Men's,1,2001,2001,0,0,0,0,0,0,0.0,0,532,532.0,532,532,7.0,7,7,0,0,0,100.0,0.0,0.0,1,0,1,kane,0,,,
red-rooster,Men's,3,1989,1993,0,0,0,0,0,0,0.0,0,819,273.0,677,24,17.67,25,12,0,0,0,100.0,0.0,0.0,2,2,2,ted-dibiase,0,,,
renee-dupree,Men's,2,2004,2005,0,0,0,0,0,0,0.0,0,727,363.5,694,33,16.0,17,15,0,0,0,100.0,0.0,0.0,2,0,2,rikishi,0,,,
rey-fenix,Men's,1,2026,2026,0,0,0,0,0,0,0.0,0,28,28.0,28,28,24.0,24,24,0,0,0,100.0,0.0,0.0,1,0,1,brock-lesnar,0,,,
rey-mysterio,Men's,15,2003,2026,1,0,2,1,1,13,0.87,4,15185,1084.6,3734,120,14.53,30,1,2,1,1,86.7,6.7,13.3,6,9,12,wade-barrett,13,chris-nowinski,,Winner
rhea-ripley,Women's,5,2019,2026,1,1,2,2,2,23,4.6,7,9888,1977.6,3668,475,15.4,24,1,1,0,0,80.0,20.0,40.0,3,3,4,bayley,20,zelina-vega,,Winner
rhyno,Men's,2,2004,2018,0,0,0,0,0,1,0.5,1,966,483.0,840,126,4.5,6,3,0,0,0,100.0,0.0,0.0,1,13,2,chris-benoit,1,yoshihiro-tajiri,,
ric-flair,Men's,5,1992,2007,1,0,1,1,1,6,1.2,3,5230,1046.0,3571,78,8.0,30,1,2,0,1,80.0,20.0,20.0,3,11,3,edge,6,british-bulldog,,Winner
ricardo-rodriguez,Men's,1,2012,2012,0,0,0,0,0,1,1.0,1,140,140.0,140,140,8.0,8,8,0,0,0,100.0,0.0,0.0,1,0,1,santino-marella,1,justin-gabriel,,
rick-boogs,Men's,1,2022,2022,0,0,0,0,0,1,1.0,1,273,273.0,273,273,18.0,18,18,0,0,0,100.0,0.0,0.0,1,0,1,baron-corbin,1,chad-gable,,
rick-martel,Men's,7,1989,1995,0,0,2,0,0,9,1.29,4,6246,892.3,3150,148,20.57,29,6,0,0,0,100.0,0.0,28.6,7,0,7,one-man-gang,8,jim-neidhart,,Final Four
rick-rude,Men's,1,1990,1990,0,0,1,1,0,2,2.0,2,389,389.0,389,389,28.0,28,28,0,0,0,100.0,0.0,100.0,1,0,1,mr-perfect,2,hercules,,Final Four
rick-steiner,Men's,1,1994,1994,0,0,0,0,0,0,0.0,0,238,238.0,238,238,3.0,3,3,0,0,0,100.0,0.0,0.0,1,0,1,owen-hart,0,,,
rico,Men's,1,2004,2004,0,0,0,0,0,0,0.0,0,66,66.0,66,66,20.0,20,20,0,0,0,100.0,0.0,0.0,1,0,1,randy-orton,0,,,
ricochet,Men's,5,2020,2024,0,0,0,0,0,1,0.2,1,2013,402.6,697,189,19.0,28,12,0,0,0,100.0,0.0,0.0,5,0,4,drew-mcintyre,1,omos,,
riddick-moss,Men's,1,2022,2022,0,0,0,0,0,1,1.0,1,264,264.0,264,264,19.0,19,19,0,0,0,100.0,0.0,0.0,1,0,1,drew-mcintyre,1,aj-styles,,
ridge-holland,Men's,1,2022,2022,0,0,0,0,0,1,1.0,1,1151,1151.0,1151,1151,5.0,5,5,0,0,0,100.0,0.0,0.0,1,0,1,aj-styles,1,omos,,
rikishi,Men's,5,2000,2004,0,0,0,0,0,10,2.0,7,3037,607.4,983,155,14.0,30,1,1,0,1,100.0,0.0,0.0,5,0,10,big-boss-man,10,brian-christopher,,
road-dogg,Men's,1,2012,2012,0,0,0,0,0,0,0.0,0,296,296.0,296,296,23.0,23,23,0,0,0,100.0,0.0,0.0,1,0,1,wade-barrett,0,,,
road-warrior-animal,Men's,1,2006,2006,0,0,0,0,0,0,0.0,0,169,169.0,169,169,19.0,19,19,0,0,0,100.0,0.0,0.0,1,0,1,rob-van-dam,0,,,
rob-van-dam,Men's,6,2002,2009,0,0,1,0,0,4,0.67,2,5793,965.5,1980,132,22.17,29,12,0,0,0,100.0,0.0,16.7,3,2,6,booker-t,7,jeff-hardy,,Final Four
robert-roode,Men's,2,2020,2022,0,0,0,0,0,0,0.0,0,95,47.5,54,41,4.0,4,4,0,0,0,100.0,0.0,0.0,1,1,2,brock-lesnar,0,,,
rocky-maivia,Men's,4,1997,2001,1,1,2,1,2,10,2.5,4,7083,1770.8,3092,781,16.5,25,4,0,0,0,75.0,25.0,50.0,2,1,3,mankind,9,big-show,,Winner
roddy-piper,Men's,3,1990,2008,0,0,0,0,0,2,0.67,1,2849,949.7,2048,61,13.33,19,6,0,0,0,100.0,0.0,0.0,1,16,3,bad-news-brown,2,bad-news-brown,,
roman-reigns,Men's,8,2014,2026,2,4,7,6,6,40,5.0,12,13023,1627.9,3588,305,20.12,30,1,1,0,1,75.0,25.0,87.5,5,5,6,batista,31,the-miz,,Winner
ron-bass,Men's,2,1988,1989,0,0,0,0,0,1,0.5,1,1370,685.0,756,614,11.0,14,8,0,0,0,100.0,0.0,0.0,2,0,3,don-muraco,1,sam-houston,,
ronda-rousey,Women's,1,2022,2022,1,0,1,1,1,4,4.0,4,616,616.0,616,616,28.0,28,28,0,0,0,0.0,100.0,100.0,1,0,0,,4,charlotte-flair,,Winner
ronnie-garvin,Men's,1,1989,1989,0,0,0,0,0,0,0.0,0,159,159.0,159,159,5.0,5,5,0,0,0,100.0,0.0,0.0,1,0,1,andre-the-giant,0,,,
rosey,Men's,1,2003,2003,0,0,0,0,0,0,0.0,0,616,616.0,616,616,16.0,16,16,0,0,0,100.0,0.0,0.0,1,0,1,kane,0,,,
roxanne-perez,Women's,4,2023,2026,0,1,1,1,1,1,0.25,1,6182,1545.5,4067,274,12.25,27,3,0,0,0,100.0,0.0,25.0,4,0,6,bayley,1,giulia,,Runner-up
ruby-riott,Women's,3,2018,2021,0,0,0,0,0,6,2.0,3,2133,711.0,788,653,15.0,21,9,0,0,0,100.0,0.0,0.0,2,1,2,bayley,6,becky-lynch,,
rusev,Men's,6,2014,2026,0,1,1,0,1,5,0.83,5,5822,970.3,2118,32,7.83,18,1,1,1,0,100.0,0.0,16.7,5,7,9,roman-reigns,5,adam-rose,,Runner-up
ryback,Men's,4,2013,2016,0,1,1,1,1,4,1.0,4,2161,540.2,740,230,22.0,30,9,0,0,0,100.0,0.0,25.0,4,0,4,big-show,4,damien-sandow,,Runner-up
saba-simba,Men's,1,1991,1991,0,0,0,0,0,0,0.0,0,148,148.0,148,148,7.0,7,7,0,0,0,100.0,0.0,0.0,1,0,1,rick-martel,0,,,
sabu,Men's,1,2007,2007,0,0,0,0,0,0,0.0,0,327,327.0,327,327,7.0,7,7,0,0,0,100.0,0.0,0.0,1,0,1,kane,0,,,
sam-houston,Men's,1,1988,1988,0,0,0,0,0,0,0.0,0,879,879.0,879,879,8.0,8,8,0,0,0,100.0,0.0,0.0,1,0,1,ron-bass,0,,,
sami-zayn,Men's,7,2016,2025,0,0,0,0,0,2,0.29,1,5006,715.1,2815,197,15.14,30,3,0,0,1,100.0,0.0,0.0,3,3,7,braun-strowman,2,johnny-knoxville,,
samoa-joe,Men's,2,2019,2020,0,0,0,0,0,3,1.5,3,1688,844.0,1423,265,18.5,29,8,0,0,0,100.0,0.0,0.0,2,0,2,mustafa-ali,3,big-e,,
samu,Men's,2,1993,1994,0,0,0,0,0,0,0.0,0,485,242.5,290,195,7.5,13,2,0,1,0,100.0,0.0,0.0,2,0,2,the-undertaker,0,,,
santana-garrett,Women's,1,2021,2021,0,0,0,0,0,0,0.0,0,272,272.0,272,272,12.0,12,12,0,0,0,100.0,0.0,0.0,1,0,1,rhea-ripley,0,,,
santino-marella,Men's,5,2008,2013,0,1,1,1,1,1,0.2,1,995,199.0,776,2,16.4,37,3,0,0,0,100.0,0.0,20.0,3,1,4,cody-rhodes,1,ricardo-rodriguez,,Runner-up
santino-marella,Women's,1,2020,2020,0,0,0,0,0,0,0.0,0,61,61.0,61,61,29.0,29,29,0,0,0,100.0,0.0,0.0,1,0,1,santino-marella,0,,,
santos-escobar,Men's,3,2023,2025,0,0,0,0,0,0,0.0,0,1035,345.0,397,296,7.33,10,5,0,0,0,100.0,0.0,0.0,3,0,3,brock-lesnar,0,,,
sarah-logan,Women's,5,2018,2024,0,0,0,0,0,0,0.0,0,1404,280.8,990,5,17.2,25,3,0,0,0,100.0,0.0,0.0,3,2,7,molly-holly,0,,,
sasha-banks,Women's,2,2018,2022,0,0,1,0,0,5,2.5,3,3870,1935.0,3286,584,1.0,1,1,2,0,0,100.0,0.0,50.0,1,3,3,brie-bella,5,vickie-guerrero,,Final Four
savio-vega,Men's,3,1996,1998,0,0,0,0,0,1,0.33,1,1363,454.3,748,46,19.0,26,12,0,0,0,100.0,0.0,0.0,3,0,2,steve-austin,1,dory-funk-jr,,
scott-steiner,Men's,2,1994,2004,0,0,0,0,0,1,0.5,1,951,475.5,542,409,4.5,8,1,1,0,0,100.0,0.0,0.0,1,9,2,diesel,1,samu,,
scott-taylor,Men's,4,2000,2005,0,0,0,0,0,0,0.0,0,265,66.2,156,0,14.75,26,6,0,0,0,75.0,0.0,0.0,3,2,4,rikishi,0,,,
seth-rollins,Men's,7,2014,2025,1,0,3,2,1,18,2.57,5,10675,1525.0,2913,241,18.43,30,2,0,1,1,85.7,14.3,42.9,4,5,5,roman-reigns,16,cesaro,,Winner
sgt-slaughter,Men's,1,1992,1992,0,0,0,0,0,0,0.0,0,277,277.0,277,277,28.0,28,28,0,0,0,100.0,0.0,0.0,1,0,1,sid-justice,0,,,
shane-douglas,Men's,1,1991,1991,0,0,0,0,0,0,0.0,0,1591,1591.0,1591,1591,17.0,17,17,0,0,0,100.0,0.0,0.0,1,0,1,brian-knobbs,0,,,
shane-mcmahon,Men's,1,2022,2022,0,0,1,1,0,1,1.0,1,338,338.0,338,338,28.0,28,28,0,0,0,100.0,0.0,100.0,1,0,1,brock-lesnar,1,kevin-owens,,Final Four
shawn-michaels,Men's,12,1989,2010,2,1,3,2,3,37,3.08,9,13364,1113.7,2325,12,13.83,26,1,2,1,0,83.3,16.7,25.0,4,10,11,randy-savage,36,shelton-benjamin,,Winner
shayna-baszler,Women's,6,2020,2025,0,1,2,1,1,16,2.67,8,5031,838.5,2506,267,17.5,30,5,0,0,2,100.0,0.0,33.3,6,0,5,charlotte-flair,13,naomi,,Runner-up
sheamus,Men's,11,2011,2025,1,0,4,3,1,14,1.27,4,12899,1172.6,3153,20,17.18,29,2,0,1,0,90.9,9.1,36.4,4,4,8,roman-reigns,12,kofi-kingston,,Winner
shelton-benjamin,Men's,10,2003,2020,0,0,0,0,0,4,0.4,2,4245,424.5,1343,18,17.5,28,9,0,0,0,100.0,0.0,0.0,8,8,7,shawn-michaels,4,booker-t,,
shinsuke-nakamura,Men's,7,2018,2025,1,0,1,1,1,4,0.57,3,6884,983.4,2678,20,8.86,19,2,0,1,0,85.7,14.3,14.3,5,1,6,mustafa-ali,4,sami-zayn,,Winner
shotzi-blackheart,Women's,5,2020,2024,0,0,0,0,0,1,0.2,1,2252,450.4,914,166,21.6,29,5,0,0,0,100.0,0.0,0.0,5,0,4,shayna-baszler,1,nia-jax,,
sid-justice,Men's,1,1992,1992,0,1,1,1,1,6,6.0,6,356,356.0,356,356,29.0,29,29,0,0,0,100.0,0.0,100.0,1,0,1,ric-flair,6,hulk-hogan,,Runner-up
simon-dean,Men's,2,2005,2006,0,0,0,0,0,0,0.0,0,66,33.0,46,20,10.5,18,3,0,0,0,100.0,0.0,0.0,2,0,2,shawn-michaels,0,,,
skinner,Men's,2,1992,1993,0,0,0,0,0,0,0.0,0,318,159.0,185,133,19.0,27,11,0,0,0,100.0,0.0,0.0,2,0,2,rick-martel,0,,,
skull,Men's,1,1998,1998,0,0,0,0,0,0,0.0,0,,,,,22.0,22,22,0,0,0,0.0,0.0,0.0,1,0,0,,0,,,
smash,Men's,5,1989,1993,0,0,0,0,0,4,0.8,2,2903,580.6,1108,213,14.2,29,2,0,1,0,100.0,0.0,0.0,5,0,5,andre-the-giant,4,andre-the-giant,,
sol-ruca,Women's,1,2026,2026,0,0,1,1,0,1,1.0,1,3047,3047.0,3047,3047,10.0,10,10,0,0,0,100.0,0.0,100.0,1,0,1,tiffany-stratton,1,jacy-jayne,,Final Four
solo-sikoa,Men's,1,2026,2026,0,0,0,0,0,0,0.0,0,231,231.0,231,231,3.0,3,3,0,0,0,100.0,0.0,0.0,1,0,1,oba-femi,0,,,
sonya-deville,Women's,6,2018,2025,0,0,0,0,0,8,1.33,3,2099,349.8,617,120,16.0,27,10,0,0,0,100.0,0.0,0.0,3,2,6,michelle-mccool,8,torrie-wilson,,
sparky-plugg,Men's,1,1994,1994,0,0,0,0,0,2,2.0,2,1295,1295.0,1295,1295,17.0,17,17,0,0,0,100.0,0.0,0.0,1,0,2,shawn-michaels,2,demolition-crush,,
spike-dudley,Men's,1,2004,2004,0,0,0,0,0,0,0.0,0,,,,,13.0,13,13,0,0,0,0.0,0.0,0.0,1,0,0,,0,,,
stephanie-vaquer,Women's,1,2025,2025,0,0,0,0,0,0,0.0,0,1142,1142.0,1142,1142,24.0,24,24,0,0,0,100.0,0.0,0.0,1,0,1,nia-jax,0,,,
steve-austin,Men's,6,1996,2002,3,1,4,3,4,36,6.0,10,9902,1650.3,3398,577,16.67,27,1,1,0,0,50.0,50.0,66.7,4,1,4,fatu,31,marc-mero,,Winner
steve-blackman,Men's,4,1998,2001,0,0,0,0,0,0,0.0,0,1034,258.5,441,44,8.5,10,7,0,0,0,100.0,0.0,0.0,4,0,4,kurrgan,0,,,
steven-dunn,Men's,1,1995,1995,0,0,0,0,0,0,0.0,0,270,270.0,270,270,26.0,26,26,0,0,0,100.0,0.0,0.0,1,0,1,aldo-montoya,0,,,
summer-rae,Women's,1,2022,2022,0,0,0,0,0,0,0.0,0,52,52.0,52,52,23.0,23,23,0,0,0,100.0,0.0,0.0,1,0,1,natalya,0,,,
super-crazy,Men's,2,2006,2007,0,0,0,0,0,0,0.0,0,735,367.5,462,273,18.5,24,13,0,0,0,100.0,0.0,0.0,2,0,3,rey-mysterio,0,,,
sylvan-grenier,Men's,1,2006,2006,0,0,0,0,0,0,0.0,0,18,18.0,18,18,10.0,10,10,0,0,0,100.0,0.0,0.0,1,0,1,bobby-lashley,0,,,
takao-omori,Men's,1,1996,1996,0,0,0,0,0,0,0.0,0,168,168.0,168,168,11.0,11,11,0,0,0,100.0,0.0,0.0,1,0,2,jake-roberts,0,,,
tamina,Women's,6,2018,2023,0,0,0,0,0,2,0.33,1,2865,477.5,1001,39,13.0,25,3,0,0,0,100.0,0.0,0.0,6,0,7,lita,2,mickie-james,,
tatanka,Men's,4,1993,2006,0,0,0,0,0,2,0.5,1,3364,841.0,1209,249,18.75,21,15,0,0,0,100.0,0.0,0.0,2,10,5,yokozuna,2,rick-martel,,
tazz,Men's,1,2001,2001,0,0,0,0,0,0,0.0,0,10,10.0,10,10,15.0,15,15,0,0,0,100.0,0.0,0.0,1,0,1,kane,0,,,
ted-dibiase,Men's,4,1989,1993,0,1,1,1,1,10,2.5,4,4650,1162.5,2687,79,9.25,30,1,1,1,1,100.0,0.0,25.0,2,1,4,big-john-studd,8,red-rooster,,Runner-up
ted-dibiase-jr,Men's,3,2009,2011,0,0,1,0,0,2,0.67,1,4207,1402.3,2712,736,8.67,10,6,0,0,0,100.0,0.0,33.3,3,0,4,hunter-hearst-helmsley,2,kane,,Final Four
tegan-nox,Women's,3,2020,2024,0,0,0,0,0,1,0.33,1,533,177.7,230,82,18.67,28,12,0,0,0,100.0,0.0,0.0,2,2,3,shayna-baszler,1,natalya,,
terry-funk,Men's,2,1997,1998,0,0,0,0,0,4,2.0,3,2438,1219.0,1519,919,13.0,24,2,0,1,0,100.0,0.0,0.0,2,0,1,mankind,4,mankind,,
test,Men's,6,1999,2004,0,0,0,0,0,3,0.5,1,3645,729.0,1577,102,18.67,22,10,0,0,0,83.3,0.0,0.0,6,0,3,steve-austin,3,rikishi,,
texas-tornado,Men's,2,1991,1992,0,0,0,0,0,0,0.0,0,2022,1011.0,1461,561,7.0,9,5,0,0,0,100.0,0.0,0.0,2,0,2,the-undertaker,0,,,
the-barbarian,Men's,3,1989,1992,0,0,0,0,0,3,1.0,2,1799,599.7,777,347,20.33,27,8,0,0,0,100.0,0.0,0.0,2,1,2,hercules,3,brutus-beefcake,,
the-berzerker,Men's,2,1992,1993,0,0,0,0,0,1,0.5,1,861,430.5,540,321,18.0,22,14,0,0,0,100.0,0.0,0.0,2,0,2,hulk-hogan,1,virgil,,
the-boogeyman,Men's,1,2015,2015,0,0,0,0,0,0,0.0,0,48,48.0,48,48,7.0,7,7,0,0,0,100.0,0.0,0.0,1,0,1,bray-wyatt,0,,,
the-brian-kendrick,Men's,1,2009,2009,0,0,0,0,0,1,1.0,1,15,15.0,15,15,26.0,26,26,0,0,0,100.0,0.0,0.0,1,0,1,hunter-hearst-helmsley,1,kofi-kingston,,
the-godfather,Men's,5,1999,2013,0,0,0,0,0,0,0.0,0,318,63.6,108,5,18.6,29,14,0,0,0,100.0,0.0,0.0,4,10,6,kane,0,,,
the-great-khali,Men's,8,2007,2014,0,0,0,0,0,10,1.25,7,1197,149.6,449,25,14.38,28,4,0,0,0,100.0,0.0,0.0,8,0,11,the-undertaker,10,cm-punk,,
the-honky-tonk-man,Men's,4,1989,2001,0,0,0,0,0,0,0.0,0,1766,441.5,1195,78,16.5,24,11,0,0,0,100.0,0.0,0.0,2,9,5,tito-santana,0,,,
the-hurricane,Men's,6,2002,2021,0,0,0,0,0,0,0.0,0,607,101.2,410,19,15.0,23,5,0,0,0,100.0,0.0,0.0,2,14,9,steve-austin,0,,,
the-miz,Men's,17,2007,2026,0,0,0,0,0,2,0.12,2,8726,513.3,2738,7,16.76,29,1,2,0,0,100.0,0.0,0.0,7,3,15,roman-reigns,2,alex-riley,,
the-sandman,Men's,1,2007,2007,0,0,0,0,0,0,0.0,0,13,13.0,13,13,15.0,15,15,0,0,0,100.0,0.0,0.0,1,0,1,booker-t,0,,,
the-sultan,Men's,1,1997,1997,0,0,0,0,0,0,0.0,0,204,204.0,204,204,10.0,10,10,0,0,0,100.0,0.0,0.0,1,0,1,british-bulldog,0,,,
the-ultimate-warrior,Men's,2,1988,1990,0,0,0,0,0,6,3.0,6,1100,550.0,869,231,19.5,21,18,0,0,0,100.0,0.0,0.0,1,1,5,dino-bravo,6,dino-bravo,,
the-undertaker,Men's,11,1991,2017,1,1,3,2,2,37,3.36,6,9093,826.6,1955,254,19.64,30,1,1,0,3,90.9,9.1,27.3,3,16,11,animal,36,the-great-khali,,Winner
the-warlord,Men's,4,1989,1992,0,0,0,0,0,0,0.0,0,699,174.8,496,3,21.75,30,7,0,0,1,100.0,0.0,0.0,4,0,3,hulk-hogan,0,,,
thrasher,Men's,1,1998,1998,0,0,0,0,0,0,0.0,0,1688,1688.0,1688,1688,15.0,15,15,0,0,0,100.0,0.0,0.0,1,0,1,steve-austin,0,,,
tiffany-stratton,Women's,2,2024,2026,0,1,2,1,1,2,1.0,1,1180,590.0,768,412,29.5,30,29,0,0,1,100.0,0.0,100.0,1,1,2,bayley,2,roxanne-perez,,Runner-up
tiger-ali-singh,Men's,1,1999,1999,0,0,0,0,0,0,0.0,0,246,246.0,246,246,9.0,9,9,0,0,0,100.0,0.0,0.0,1,0,1,mabel,0,,,
timothy-well,Men's,1,1995,1995,0,0,0,0,0,0,0.0,0,22,22.0,22,22,12.0,12,12,0,0,0,100.0,0.0,0.0,1,0,1,british-bulldog,0,,,
tito-santana,Men's,6,1988,1993,0,0,0,0,0,2,0.33,1,5047,841.2,1831,309,13.33,25,2,0,1,0,100.0,0.0,0.0,6,0,8,bret-hart,2,the-honky-tonk-man,,
titus-oneil,Men's,5,2013,2019,0,0,0,0,0,1,0.2,1,1351,270.2,536,4,16.0,26,7,0,0,0,100.0,0.0,0.0,2,2,5,roman-reigns,1,goldust,,
tom-brandi,Men's,1,1998,1998,0,0,0,0,0,0,0.0,0,12,12.0,12,12,3.0,3,3,0,0,0,100.0,0.0,0.0,1,0,2,cactus-jack,0,,,
tom-prichard,Men's,1,1995,1995,0,0,0,0,0,0,0.0,0,330,330.0,330,330,7.0,7,7,0,0,0,100.0,0.0,0.0,1,0,1,shawn-michaels,0,,,
tommy-dreamer,Men's,3,2003,2008,0,0,0,0,0,0,0.0,0,580,193.3,402,49,7.67,10,6,0,0,0,100.0,0.0,0.0,2,3,4,chris-jericho,0,,,
toni-storm,Women's,2,2020,2021,0,0,0,0,0,0,0.0,0,1801,900.5,1120,681,13.5,20,7,0,0,0,100.0,0.0,0.0,2,0,2,shayna-baszler,0,,,
torrie-wilson,Women's,2,2018,2021,0,0,0,0,0,1,0.5,1,423,211.5,239,184,13.0,17,9,0,0,0,100.0,0.0,0.0,1,2,2,sonya-deville,1,dana-brooke,,
trevor-murdoch,Men's,1,2006,2006,0,0,0,0,0,0,0.0,0,823,823.0,823,823,17.0,17,17,0,0,0,100.0,0.0,0.0,1,0,1,shawn-michaels,0,,,
trick-williams,Men's,1,2026,2026,0,0,0,0,0,2,2.0,2,379,379.0,379,379,10.0,10,10,0,0,0,100.0,0.0,0.0,1,0,1,cody-rhodes,2,mr-iguana,,
trish-stratus,Women's,2,2018,2025,0,0,0,0,0,4,2.0,3,1129,564.5,793,336,27.5,30,25,0,0,1,100.0,0.0,0.0,1,6,2,sasha-banks,4,natalya,,
tugboat,Men's,2,1991,1993,0,0,0,0,0,0,0.0,0,466,233.0,313,153,25.5,30,21,0,0,1,100.0,0.0,0.0,1,1,2,hulk-hogan,0,,,
tully-blanchard,Men's,1,1989,1989,0,0,0,0,0,1,1.0,1,482,482.0,482,482,17.0,17,17,0,0,0,100.0,0.0,0.0,1,0,1,hulk-hogan,1,marty-jannetty,,
tye-dillinger,Men's,1,2017,2017,0,0,0,0,0,0,0.0,0,327,327.0,327,327,10.0,10,10,0,0,0,100.0,0.0,0.0,1,0,1,braun-strowman,0,,,
tyler-breeze,Men's,1,2016,2016,0,0,0,0,0,0,0.0,0,57,57.0,57,57,4.0,4,4,0,0,0,100.0,0.0,0.0,1,0,2,roman-reigns,0,,,
tyler-reks,Men's,1,2011,2011,0,0,0,0,0,0,0.0,0,34,34.0,34,34,16.0,16,16,0,0,0,100.0,0.0,0.0,1,0,1,cm-punk,0,,,
tyson-kidd,Men's,2,2011,2015,0,0,0,0,0,0,0.0,0,199,99.5,146,53,18.0,24,12,0,0,0,100.0,0.0,0.0,1,3,2,john-cena,0,,,
vader,Men's,3,1996,1998,0,0,0,0,0,6,2.0,4,1404,468.0,664,135,23.67,30,13,0,0,0,100.0,0.0,0.0,3,0,3,shawn-michaels,6,doug-gilbert,,
val-venis,Men's,4,1999,2002,0,0,0,0,0,1,0.25,1,2269,567.2,762,178,21.25,24,20,0,0,0,100.0,0.0,0.0,4,0,4,hunter-hearst-helmsley,1,edge,,
vickie-guerrero,Women's,1,2018,2018,0,0,0,0,0,0,0.0,0,57,57.0,57,57,16.0,16,16,0,0,0,100.0,0.0,0.0,1,0,4,becky-lynch,0,,,
victoria,Women's,1,2021,2021,0,0,0,0,0,0,0.0,0,435,435.0,435,435,10.0,10,10,0,0,0,100.0,0.0,0.0,1,0,1,shayna-baszler,0,,,
vince-mcmahon,Men's,1,1999,1999,1,0,1,1,1,1,1.0,1,3398,3398.0,3398,3398,2.0,2,2,0,1,0,0.0,100.0,100.0,1,0,0,,1,steve-austin,,Winner
virgil,Men's,3,1992,1994,0,0,0,0,0,1,0.33,1,1512,504.0,1030,32,13.0,23,6,0,0,0,100.0,0.0,0.0,3,0,3,jim-duggan,1,jim-duggan,,
vladimir-kozlov,Men's,2,2009,2011,0,0,0,0,0,3,1.5,3,201,100.5,161,40,11.5,17,6,0,0,0,100.0,0.0,0.0,1,1,2,hunter-hearst-helmsley,3,carlito,,
wade-barrett,Men's,4,2011,2015,0,0,1,0,0,4,1.0,2,2956,739.0,1344,235,25.25,30,18,0,0,0,100.0,0.0,25.0,3,1,3,randy-orton,3,rey-mysterio,,Final Four
william-regal,Men's,3,2001,2011,0,0,0,0,0,0,0.0,0,642,214.0,273,121,15.67,21,5,0,0,0,100.0,0.0,0.0,1,8,3,test,0,,,
xavier-woods,Men's,5,2017,2023,0,0,0,0,0,0,0.0,0,1645,329.0,629,3,12.8,20,6,0,0,0,100.0,0.0,0.0,3,2,6,cesaro,0,,,
xia-li,Women's,4,2019,2024,0,0,0,0,0,0,0.0,0,2273,568.2,930,288,16.25,24,11,0,0,0,100.0,0.0,0.0,2,2,4,charlotte-flair,0,,,
yokozuna,Men's,2,1993,1996,1,0,1,1,1,10,5.0,7,2049,1024.5,1154,895,18.0,27,9,0,0,0,50.0,50.0,50.0,1,2,1,shawn-michaels,9,bob-backlund,,Winner
yoshi-tatsu,Men's,2,2010,2011,0,0,0,0,0,0,0.0,0,363,181.5,334,29,14.5,21,8,0,0,0,100.0,0.0,0.0,2,0,2,mark-henry,0,,,
yoshihiro-tajiri,Men's,2,2003,2004,0,0,0,0,0,0,0.0,0,500,250.0,281,219,6.0,8,4,0,0,0,100.0,0.0,0.0,2,0,2,chris-jericho,0,,,
zack-ryder,Men's,5,2010,2026,0,0,0,0,0,0,0.0,0,310,62.0,146,32,10.2,25,4,0,0,0,100.0,0.0,0.0,2,12,5,daniel-bryan,0,,,
zelina-vega,Women's,7,2019,2026,0,0,0,0,0,2,0.29,1,5946,849.4,1200,571,18.29,25,7,0,0,0,100.0,0.0,0.0,5,1,6,rhea-ripley,2,sasha-banks,,
zoey-stark,Women's,3,2023,2025,0,0,0,0,0,2,0.67,1,3210,1070.0,1594,598,15.67,26,8,0,0,0,100.0,0.0,0.0,3,0,4,sonya-deville,2,zelina-vega,,
