person_id,person_name,role,events_count,first_event_id,most_recent_event_id,events_list
michael-cole,Michael Cole,Commentator,32,RR1999M,RR2026W,RR1999M;RR2004M;RR2005M;RR2006M;RR2007M;RR2008M;RR2010M;RR2011M;RR2012M;RR2013M;RR2014M;RR2015M;RR2016M;RR2017M;RR2018M;RR2018W;RR2019M;RR2019W;RR2020M;RR2020W;RR2021M;RR2021W;RR2022M;RR2022W;RR2023M;RR2023W;RR2024M;RR2024W;RR2025M;RR2025W;RR2026M;RR2026W
jerry-lawler,Jerry Lawler,Commentator,29,RR1995M,RR2023W,RR1995M;RR1997M;RR1998M;RR1999M;RR2000M;RR2001M;RR2002M;RR2003M;RR2004M;RR2005M;RR2006M;RR2007M;RR2008M;RR2009M;RR2010M;RR2011M;RR2012M;RR2013M;RR2014M;RR2015M;RR2017M;RR2018M;RR2019M;RR2020M;RR2020W;RR2021M;RR2021W;RR2023M;RR2023W
corey-graves,Corey Graves,Commentator,15,RR2017M,RR2024W,RR2017M;RR2018M;RR2018W;RR2019M;RR2019W;RR2020M;RR2020W;RR2021M;RR2021W;RR2022M;RR2022W;RR2023M;RR2023W;RR2024M;RR2024W
jim-ross,Jim Ross,Commentator,11,RR1997M,RR2009M,RR1997M;RR1998M;RR2000M;RR2001M;RR2002M;RR2003M;RR2004M;RR2005M;RR2007M;RR2008M;RR2009M
byron-saxton,Byron Saxton,Commentator,10,RR2016M,RR2026W,RR2016M;RR2019W;RR2021M;RR2021W;RR2022M;RR2022W;RR2025M;RR2025W;RR2026M;RR2026W
marcelo-rodriguez,Marcelo Rodriguez,Commentator,8,RR2012M,RR2025W,RR2012M;RR2013M;RR2023M;RR2023W;RR2024M;RR2024W;RR2025M;RR2025W
pat-mcafee,Pat McAfee,Commentator,8,RR2022M,RR2025W,RR2022M;RR2022W;RR2023M;RR2023W;RR2024M;RR2024W;RR2025M;RR2025W
peter-rosenberg,Peter Rosenberg,Commentator,8,RR2023M,RR2026W,RR2023M;RR2023W;RR2024M;RR2024W;RR2025M;RR2025W;RR2026M;RR2026W
booker-t,Booker T,Commentator,7,RR2012M,RR2024W,RR2012M;RR2020M;RR2020W;RR2023M;RR2023W;RR2024M;RR2024W
bradshaw,JBL,Commentator,7,RR2007M,RR2019M,RR2007M;RR2013M;RR2014M;RR2015M;RR2016M;RR2018M;RR2019M
jackie-redmond,Jackie Redmond,Commentator,6,RR2024M,RR2026W,RR2024M;RR2024W;RR2025M;RR2025W;RR2026M;RR2026W
jerry-soto,Jerry Soto,Commentator,6,RR2023M,RR2025W,RR2023M;RR2023W;RR2024M;RR2024W;RR2025M;RR2025W
tazz,Tazz,Commentator,6,RR2004M,RR2009M,RR2004M;RR2005M;RR2006M;RR2007M;RR2008M;RR2009M
wade-barrett,Wade Barrett,Commentator,6,RR2024M,RR2026W,RR2024M;RR2024W;RR2025M;RR2025W;RR2026M;RR2026W
tom-phillips,Tom Phillips,Commentator,5,RR2019W,RR2021W,RR2019W;RR2020M;RR2020W;RR2021M;RR2021W
vince-mcmahon,Vince McMahon,Commentator,5,RR1988M,RR1997M,RR1988M;RR1994M;RR1995M;RR1996M;RR1997M
big-e,Big E,Commentator,4,RR2025M,RR2026W,RR2025M;RR2025W;RR2026M;RR2026W
cathy-kelley,Cathy Kelley,Commentator,4,RR2025M,RR2026W,RR2025M;RR2025W;RR2026M;RR2026W
gorilla-monsoon,Gorilla Monsoon,Commentator,4,RR1989M,RR1993M,RR1989M;RR1991M;RR1992M;RR1993M
matt-striker,Matt Striker,Commentator,4,RR2009M,RR2013M,RR2009M;RR2010M;RR2011M;RR2013M
jesse-ventura,Jesse Ventura,Commentator,3,RR1988M,RR1990M,RR1988M;RR1989M;RR1990M
joey-styles,Joey Styles,Commentator,3,RR2006M,RR2008M,RR2006M;RR2007M;RR2008M
bobby-heenan,Bobby Heenan,Commentator,2,RR1992M,RR1993M,RR1992M;RR1993M
bubba-ray-dudley,Bubba Ray Dudley,Commentator,2,RR2025M,RR2025W,RR2025M;RR2025W
carlos-cabrera,Carlos Cabrera,Commentator,2,RR2011M,RR2012M,RR2011M;RR2012M
cm-punk,CM Punk,Commentator,2,RR2026M,RR2026W,RR2026M;RR2026W
faisal-bin-mughaisib,Faisal Bin Mughaisib,Commentator,2,RR2026M,RR2026W,RR2026M;RR2026W
jimmy-smith,Jimmy Smith,Commentator,2,RR2022M,RR2022W,RR2022M;RR2022W
joe-tessitore,Joe Tessitore,Commentator,2,RR2025M,RR2025W,RR2025M;RR2025W
jude-aldajani,Jude Aldajani,Commentator,2,RR2026M,RR2026W,RR2026M;RR2026W
kayla-braxton,Kayla Braxton,Commentator,2,RR2023M,RR2023W,RR2023M;RR2023W
kevin-patrick,Kevin Patrick,Commentator,2,RR2023M,RR2023W,RR2023M;RR2023W
beth-phoenix,Beth Phoenix,Commentator,1,RR2019W,RR2019W,RR2019W
hugo-savinovich,Hugo Savinovich,Commentator,1,RR2011M,RR2011M,RR2011M
jonathan-coachman,Jonathan Coachman,Commentator,1,RR2008M,RR2008M,RR2008M
mr-perfect,Mr. Perfect,Commentator,1,RR1996M,RR1996M,RR1996M
renee-young,Renee Young,Commentator,1,RR2019W,RR2019W,RR2019W
roddy-piper,Roddy Piper,Commentator,1,RR1991M,RR1991M,RR1991M
samoa-joe,Samoa Joe,Commentator,1,RR2021M,RR2021M,RR2021M
stephanie-mcmahon,Stephanie McMahon,Commentator,1,RR2018W,RR2018W,RR2018W
ted-dibiase,Ted DiBiase,Commentator,1,RR1994M,RR1994M,RR1994M
todd-grisham,Todd Grisham,Commentator,1,RR2009M,RR2009M,RR2009M
tony-schiavone,Tony Schiavone,Commentator,1,RR1990M,RR1990M,RR1990M
earl-hebner,Earl Hebner,Referee,14,RR1988M,RR2002M,RR1988M;RR1989M;RR1990M;RR1991M;RR1992M;RR1994M;RR1995M;RR1996M;RR1997M;RR1998M;RR1999M;RR2000M;RR2001M;RR2002M
danilo-anfibio,Danilo Anfibio,Referee,12,RR2021M,RR2026W,RR2021M;RR2021W;RR2022M;RR2022W;RR2023M;RR2023W;RR2024M;RR2024W;RR2025M;RR2025W;RR2026M;RR2026W
eddie-orengo,Eddie Orengo,Referee,12,RR2021M,RR2026W,RR2021M;RR2021W;RR2022M;RR2022W;RR2023M;RR2023W;RR2024M;RR2024W;RR2025M;RR2025W;RR2026M;RR2026W
chad-patton,Chad Patton,Referee,10,RR2000M,RR2025W,RR2000M;RR2001M;RR2021M;RR2021W;RR2022M;RR2022W;RR2023M;RR2023W;RR2025M;RR2025W
dan-engler,Dan Engler,Referee,10,RR2022M,RR2026W,RR2022M;RR2022W;RR2023M;RR2023W;RR2024M;RR2024W;RR2025M;RR2025W;RR2026M;RR2026W
jessika-carr,Jessika Carr,Referee,10,RR2021M,RR2026W,RR2021M;RR2021W;RR2022M;RR2022W;RR2024M;RR2024W;RR2025M;RR2025W;RR2026M;RR2026W
rod-zapata,Rod Zapata,Referee,10,RR2021M,RR2025W,RR2021M;RR2021W;RR2022M;RR2022W;RR2023M;RR2023W;RR2024M;RR2024W;RR2025M;RR2025W
ryan-tran,Ryan Tran,Referee,10,RR2022M,RR2026W,RR2022M;RR2022W;RR2023M;RR2023W;RR2024M;RR2024W;RR2025M;RR2025W;RR2026M;RR2026W
shawn-bennett,Shawn Bennett,Referee,10,RR2021M,RR2025W,RR2021M;RR2021W;RR2022M;RR2022W;RR2023M;RR2023W;RR2024M;RR2024W;RR2025M;RR2025W
charles-robinson,Charles Robinson,Referee,9,RR2002M,RR2026W,RR2002M;RR2022M;RR2022W;RR2023M;RR2023W;RR2025M;RR2025W;RR2026M;RR2026W
daphanie-lashaunn,Daphanie LaShaunn,Referee,8,RR2022M,RR2025W,RR2022M;RR2022W;RR2023M;RR2023W;RR2024M;RR2024W;RR2025M;RR2025W
jim-korderas,Jim Korderas,Referee,8,RR1988M,RR2002M,RR1988M;RR1996M;RR1997M;RR1998M;RR1999M;RR2000M;RR2001M;RR2002M
tim-white,Tim White,Referee,8,RR1994M,RR2002M,RR1994M;RR1995M;RR1996M;RR1998M;RR1999M;RR2000M;RR2001M;RR2002M
jack-doan,Jack Doan,Referee,7,RR1995M,RR2002M,RR1995M;RR1996M;RR1997M;RR1998M;RR2000M;RR2001M;RR2002M
joey-marella,Joey Marella,Referee,6,RR1988M,RR1994M,RR1988M;RR1989M;RR1990M;RR1991M;RR1992M;RR1994M
mike-chioda,Mike Chioda,Referee,6,RR1991M,RR2002M,RR1991M;RR1997M;RR1998M;RR1999M;RR2001M;RR2002M
danny-davis,Danny Davis,Referee,4,RR1990M,RR1995M,RR1990M;RR1992M;RR1994M;RR1995M
jason-ayers,Jason Ayers,Referee,4,RR2021M,RR2023W,RR2021M;RR2021W;RR2023M;RR2023W
theodore-long,Theodore Long,Referee,3,RR1999M,RR2002M,RR1999M;RR2000M;RR2002M
darrick-moore,Darrick Moore,Referee,2,RR2021M,RR2021W,RR2021M;RR2021W
john-cone,John Cone,Referee,2,RR2021M,RR2021W,RR2021M;RR2021W
shane-stevens,Shane Stevens,Referee,2,RR1990M,RR1991M,RR1990M;RR1991M
brian-hebner,Brian Hebner,Referee,1,RR2002M,RR2002M,RR2002M
chief-jay-strongbow,Chief Jay Strongbow,Referee,1,RR1989M,RR1989M,RR1989M
dave-hebner,Dave Hebner,Referee,1,RR1988M,RR1988M,RR1988M
fred-sparta,Fred Sparta,Referee,1,RR1991M,RR1991M,RR1991M
john-bonello,John Bonello,Referee,1,RR1992M,RR1992M,RR1992M
mike-sparks,Mike Sparks,Referee,1,RR2000M,RR2000M,RR2000M
nick-patrick,Nick Patrick,Referee,1,RR2002M,RR2002M,RR2002M
pat-patterson,Pat Patterson,Referee,1,RR1990M,RR1990M,RR1990M
pepe-casas,Pepe Casas,Referee,1,RR1997M,RR1997M,RR1997M
tony-garea,Tony Garea,Referee,1,RR1990M,RR1990M,RR1990M
howard-finkel,Howard Finkel,Ring Announcer,13,RR1988M,RR2001M,RR1988M;RR1989M;RR1990M;RR1991M;RR1992M;RR1993M;RR1994M;RR1995M;RR1996M;RR1997M;RR1998M;RR2000M;RR2001M
mike-rome,Mike Rome,Ring Announcer,7,RR2019W,RR2023W,RR2019W;RR2021M;RR2021W;RR2022M;RR2022W;RR2023M;RR2023W
samantha-irvin,Samantha Irvin,Ring Announcer,6,RR2022M,RR2024W,RR2022M;RR2022W;RR2023M;RR2023W;RR2024M;RR2024W
greg-hamilton,Greg Hamilton,Ring Announcer,3,RR2019M,RR2021W,RR2019M;RR2021M;RR2021W
alicia-taylor,Alicia Taylor,Ring Announcer,2,RR2025M,RR2025W,RR2025M;RR2025W
justin-roberts,Justin Roberts,Ring Announcer,2,RR2010M,RR2011M,RR2010M;RR2011M
mark-nash,Mark Nash,Ring Announcer,2,RR2026M,RR2026W,RR2026M;RR2026W
tony-chimel,Tony Chimel,Ring Announcer,2,RR2010M,RR2011M,RR2010M;RR2011M
maria-menounos,Maria Menounos,Ring Announcer,1,RR2018W,RR2018W,RR2018W
savannah,Savannah,Ring Announcer,1,RR2010M,RR2010M,RR2010M
