division,eliminator_wrestler_id,eliminated_wrestler_id,times_eliminated,first_event_id,most_recent_event_id
Men's,roman-reigns,the-miz,4,RR2016M,RR2026M
Men's,hulk-hogan,the-warlord,3,RR1989M,RR1992M
Men's,kane,prince-albert,3,RR2000M,RR2003M
Men's,hunter-hearst-helmsley,kane,3,RR2006M,RR2010M
Men's,shawn-michaels,shelton-benjamin,3,RR2006M,RR2008M
Men's,kane,dolph-ziggler,3,RR2009M,RR2021M
Men's,big-show,dolph-ziggler,3,RR2011M,RR2015M
Men's,roman-reigns,sheamus,3,RR2014M,RR2025M
Women's,nia-jax,naomi,3,RR2018W,RR2025W
Men's,hulk-hogan,mr-perfect,2,RR1989M,RR1990M
Men's,ted-dibiase,red-rooster,2,RR1989M,RR1993M
Men's,ted-dibiase,koko-b-ware,2,RR1990M,RR1993M
Men's,randy-savage,jake-roberts,2,RR1990M,RR1992M
Men's,rick-martel,jim-neidhart,2,RR1990M,RR1991M
Men's,hercules,the-barbarian,2,RR1990M,RR1992M
Men's,british-bulldog,haku,2,RR1991M,RR1992M
Men's,yokozuna,bob-backlund,2,RR1993M,RR1996M
Men's,diesel,owen-hart,2,RR1994M,RR1996M
Men's,shawn-michaels,diesel,2,RR1994M,RR1996M
Men's,shawn-michaels,british-bulldog,2,RR1995M,RR1996M
Men's,steve-austin,owen-hart,2,RR1997M,RR1999M
Men's,steve-austin,marc-mero,2,RR1997M,RR1998M
Men's,steve-austin,savio-vega,2,RR1997M,RR1998M
Men's,mankind,terry-funk,2,RR1997M,RR1998M
Men's,steve-austin,billy-gunn,2,RR1999M,RR2001M
Men's,steve-austin,test,2,RR1999M,RR2002M
Men's,big-show,test,2,RR2000M,RR2001M
Men's,billy-gunn,bradshaw,2,RR2000M,RR2002M
Men's,rocky-maivia,big-show,2,RR2000M,RR2001M
Men's,the-undertaker,maven,2,RR2002M,RR2003M
Men's,chris-jericho,christian,2,RR2003M,RR2004M
Men's,brock-lesnar,shelton-benjamin,2,RR2003M,RR2020M
Men's,booker-t,kane,2,RR2004M,RR2007M
Men's,edge,ric-flair,2,RR2005M,RR2007M
Men's,shawn-michaels,johnny-nitro,2,RR2006M,RR2010M
Men's,the-undertaker,the-great-khali,2,RR2007M,RR2008M
Men's,hunter-hearst-helmsley,cody-rhodes,2,RR2008M,RR2009M
Men's,cody-rhodes,goldust,2,RR2009M,RR2013M
Men's,randy-orton,big-show,2,RR2009M,RR2012M
Men's,john-cena,heath-slater,2,RR2011M,RR2013M
Men's,wade-barrett,rey-mysterio,2,RR2011M,RR2013M
Men's,randy-orton,wade-barrett,2,RR2011M,RR2012M
Men's,cody-rhodes,santino-marella,2,RR2012M,RR2013M
Men's,sheamus,kofi-kingston,2,RR2012M,RR2017M
Men's,big-show,jack-swagger,2,RR2012M,RR2015M
Men's,roman-reigns,dolph-ziggler,2,RR2014M,RR2020M
Men's,roman-reigns,goldust,2,RR2014M,RR2015M
Men's,sheamus,big-e,2,RR2014M,RR2017M
Men's,seth-rollins,cesaro,2,RR2014M,RR2018M
Men's,roman-reigns,seth-rollins,2,RR2014M,RR2018M
Men's,roman-reigns,titus-oneil,2,RR2015M,RR2018M
Men's,big-show,ryback,2,RR2015M,RR2016M
Men's,roman-reigns,rusev,2,RR2015M,RR2016M
Men's,braun-strowman,big-show,2,RR2016M,RR2017M
Men's,brock-lesnar,erick-rowan,2,RR2016M,RR2020M
Men's,brock-lesnar,braun-strowman,2,RR2016M,RR2020M
Men's,john-cena,finn-balor,2,RR2018M,RR2025M
Women's,asuka,nia-jax,2,RR2018W,RR2023W
Men's,seth-rollins,bobby-lashley,2,RR2019M,RR2023M
Women's,rhea-ripley,dana-brooke,2,RR2019W,RR2021W
Women's,rhea-ripley,zelina-vega,2,RR2019W,RR2022W
Women's,bayley,ruby-riott,2,RR2019W,RR2021W
Women's,nia-jax,io-shirai,2,RR2019W,RR2025W
Men's,drew-mcintyre,ricochet,2,RR2020M,RR2024M
Men's,drew-mcintyre,baron-corbin,2,RR2020M,RR2022M
Men's,edge,randy-orton,2,RR2020M,RR2021M
Women's,charlotte-flair,bianca-belair,2,RR2020W,RR2022W
Women's,shayna-baszler,zelina-vega,2,RR2020W,RR2024W
Women's,shayna-baszler,shotzi-blackheart,2,RR2020W,RR2021W
Women's,shayna-baszler,naomi,2,RR2020W,RR2021W
Women's,charlotte-flair,shayna-baszler,2,RR2020W,RR2022W
Women's,bayley,liv-morgan,2,RR2021W,RR2024W
Women's,nia-jax,shayna-baszler,2,RR2021W,RR2024W
Women's,bianca-belair,natalya,2,RR2021W,RR2022W
Men's,gunther,kofi-kingston,2,RR2023M,RR2024M
Men's,cody-rhodes,austin-theory,2,RR2023M,RR2024M
Men's,cody-rhodes,gunther,2,RR2023M,RR2024M
Women's,bayley,shayna-baszler,2,RR2023W,RR2025W
Women's,rhea-ripley,chelsea-green,2,RR2023W,RR2026W
Women's,liv-morgan,natalya,2,RR2025W,RR2026W
Women's,nikki-bella,bayley,2,RR2025W,RR2026W
Women's,charlotte-flair,nia-jax,2,RR2025W,RR2026W
Men's,jake-roberts,butch-reed,1,RR1988M,RR1988M
Men's,bret-hart,tito-santana,1,RR1988M,RR1988M
Men's,jim-neidhart,tito-santana,1,RR1988M,RR1988M
Men's,jake-roberts,boris-zhukov,1,RR1988M,RR1988M
Men's,jim-brunzell,boris-zhukov,1,RR1988M,RR1988M
Men's,don-muraco,harley-race,1,RR1988M,RR1988M
Men's,nikolai-volkoff,jim-brunzell,1,RR1988M,RR1988M
Men's,hillbilly-jim,jim-neidhart,1,RR1988M,RR1988M
Men's,ron-bass,sam-houston,1,RR1988M,RR1988M
Men's,don-muraco,bret-hart,1,RR1988M,RR1988M
Men's,one-man-gang,b-brian-blair,1,RR1988M,RR1988M
Men's,one-man-gang,jake-roberts,1,RR1988M,RR1988M
Men's,jim-duggan,nikolai-volkoff,1,RR1988M,RR1988M
Men's,one-man-gang,hillbilly-jim,1,RR1988M,RR1988M
Men's,jim-duggan,danny-davis,1,RR1988M,RR1988M
Men's,dino-bravo,the-ultimate-warrior,1,RR1988M,RR1988M
Men's,one-man-gang,the-ultimate-warrior,1,RR1988M,RR1988M
Men's,dino-bravo,junkyard-dog,1,RR1988M,RR1988M
Men's,don-muraco,ron-bass,1,RR1988M,RR1988M
Men's,dino-bravo,don-muraco,1,RR1988M,RR1988M
Men's,one-man-gang,don-muraco,1,RR1988M,RR1988M
Men's,one-man-gang,dino-bravo,1,RR1988M,RR1988M
Men's,jim-duggan,one-man-gang,1,RR1988M,RR1988M
Men's,andre-the-giant,smash,1,RR1989M,RR1989M
Men's,andre-the-giant,ronnie-garvin,1,RR1989M,RR1989M
Men's,andre-the-giant,jake-roberts,1,RR1989M,RR1989M
Men's,mr-perfect,ax,1,RR1989M,RR1989M
Men's,andre-the-giant,andre-the-giant,1,RR1989M,RR1989M
Men's,tito-santana,the-honky-tonk-man,1,RR1989M,RR1989M
Men's,butch-miller,the-honky-tonk-man,1,RR1989M,RR1989M
Men's,shawn-michaels,ron-bass,1,RR1989M,RR1989M
Men's,marty-jannetty,ron-bass,1,RR1989M,RR1989M
Men's,randy-savage,greg-valentine,1,RR1989M,RR1989M
Men's,randy-savage,shawn-michaels,1,RR1989M,RR1989M
Men's,arn-anderson,shawn-michaels,1,RR1989M,RR1989M
Men's,tully-blanchard,marty-jannetty,1,RR1989M,RR1989M
Men's,arn-anderson,marty-jannetty,1,RR1989M,RR1989M
Men's,randy-savage,tito-santana,1,RR1989M,RR1989M
Men's,bad-news-brown,butch-miller,1,RR1989M,RR1989M
Men's,hulk-hogan,koko-b-ware,1,RR1989M,RR1989M
Men's,hulk-hogan,luke-williams,1,RR1989M,RR1989M
Men's,hulk-hogan,arn-anderson,1,RR1989M,RR1989M
Men's,hulk-hogan,tully-blanchard,1,RR1989M,RR1989M
Men's,hulk-hogan,bad-news-brown,1,RR1989M,RR1989M
Men's,hulk-hogan,randy-savage,1,RR1989M,RR1989M
Men's,big-bossman,hulk-hogan,1,RR1989M,RR1989M
Men's,one-man-gang,hulk-hogan,1,RR1989M,RR1989M
Men's,hulk-hogan,big-bossman,1,RR1989M,RR1989M
Men's,ted-dibiase,brutus-beefcake,1,RR1989M,RR1989M
Men's,the-barbarian,brutus-beefcake,1,RR1989M,RR1989M
Men's,ted-dibiase,hercules,1,RR1989M,RR1989M
Men's,the-barbarian,hercules,1,RR1989M,RR1989M
Men's,rick-martel,the-barbarian,1,RR1989M,RR1989M
Men's,one-man-gang,rick-martel,1,RR1989M,RR1989M
Men's,big-john-studd,one-man-gang,1,RR1989M,RR1989M
Men's,big-john-studd,ted-dibiase,1,RR1989M,RR1989M
Men's,ted-dibiase,marty-jannetty,1,RR1990M,RR1990M
Men's,dusty-rhodes,randy-savage,1,RR1990M,RR1990M
Men's,andre-the-giant,the-warlord,1,RR1990M,RR1990M
Men's,roddy-piper,bad-news-brown,1,RR1990M,RR1990M
Men's,bad-news-brown,roddy-piper,1,RR1990M,RR1990M
Men's,andre-the-giant,red-rooster,1,RR1990M,RR1990M
Men's,dusty-rhodes,bret-hart,1,RR1990M,RR1990M
Men's,ax,andre-the-giant,1,RR1990M,RR1990M
Men's,smash,andre-the-giant,1,RR1990M,RR1990M
Men's,jimmy-snuka,one-man-gang,1,RR1990M,RR1990M
Men's,earthquake,dusty-rhodes,1,RR1990M,RR1990M
Men's,earthquake,ax,1,RR1990M,RR1990M
Men's,ted-dibiase,earthquake,1,RR1990M,RR1990M
Men's,smash,earthquake,1,RR1990M,RR1990M
Men's,haku,earthquake,1,RR1990M,RR1990M
Men's,jimmy-snuka,earthquake,1,RR1990M,RR1990M
Men's,jim-neidhart,earthquake,1,RR1990M,RR1990M
Men's,the-ultimate-warrior,dino-bravo,1,RR1990M,RR1990M
Men's,haku,smash,1,RR1990M,RR1990M
Men's,the-ultimate-warrior,jim-neidhart,1,RR1990M,RR1990M
Men's,the-ultimate-warrior,ted-dibiase,1,RR1990M,RR1990M
Men's,hulk-hogan,jimmy-snuka,1,RR1990M,RR1990M
Men's,hulk-hogan,haku,1,RR1990M,RR1990M
Men's,the-ultimate-warrior,tito-santana,1,RR1990M,RR1990M
Men's,rick-martel,tito-santana,1,RR1990M,RR1990M
Men's,hulk-hogan,the-honky-tonk-man,1,RR1990M,RR1990M
Men's,the-ultimate-warrior,shawn-michaels,1,RR1990M,RR1990M
Men's,the-ultimate-warrior,rick-martel,1,RR1990M,RR1990M
Men's,hulk-hogan,the-ultimate-warrior,1,RR1990M,RR1990M
Men's,rick-rude,the-ultimate-warrior,1,RR1990M,RR1990M
Men's,the-barbarian,the-ultimate-warrior,1,RR1990M,RR1990M
Men's,rick-rude,hercules,1,RR1990M,RR1990M
Men's,mr-perfect,rick-rude,1,RR1990M,RR1990M
Men's,greg-valentine,dino-bravo,1,RR1991M,RR1991M
Men's,rick-martel,saba-simba,1,RR1991M,RR1991M
Men's,jake-roberts,paul-roma,1,RR1991M,RR1991M
Men's,the-undertaker,bret-hart,1,RR1991M,RR1991M
Men's,the-undertaker,butch-miller,1,RR1991M,RR1991M
Men's,rick-martel,jake-roberts,1,RR1991M,RR1991M
Men's,the-undertaker,texas-tornado,1,RR1991M,RR1991M
Men's,hawk,jimmy-snuka,1,RR1991M,RR1991M
Men's,hawk,the-undertaker,1,RR1991M,RR1991M
Men's,animal,the-undertaker,1,RR1991M,RR1991M
Men's,rick-martel,hawk,1,RR1991M,RR1991M
Men's,hercules,hawk,1,RR1991M,RR1991M
Men's,earthquake,animal,1,RR1991M,RR1991M
Men's,mr-perfect,jim-duggan,1,RR1991M,RR1991M
Men's,hulk-hogan,smash,1,RR1991M,RR1991M
Men's,hulk-hogan,greg-valentine,1,RR1991M,RR1991M
Men's,earthquake,tito-santana,1,RR1991M,RR1991M
Men's,earthquake,luke-williams,1,RR1991M,RR1991M
Men's,brian-knobbs,hercules,1,RR1991M,RR1991M
Men's,hulk-hogan,demolition-crush,1,RR1991M,RR1991M
Men's,brian-knobbs,shane-douglas,1,RR1991M,RR1991M
Men's,hulk-hogan,tugboat,1,RR1991M,RR1991M
Men's,british-bulldog,mr-perfect,1,RR1991M,RR1991M
Men's,british-bulldog,rick-martel,1,RR1991M,RR1991M
Men's,earthquake,british-bulldog,1,RR1991M,RR1991M
Men's,brian-knobbs,british-bulldog,1,RR1991M,RR1991M
Men's,hulk-hogan,brian-knobbs,1,RR1991M,RR1991M
Men's,hulk-hogan,earthquake,1,RR1991M,RR1991M
Men's,british-bulldog,ted-dibiase,1,RR1992M,RR1992M
Men's,british-bulldog,jerry-sags,1,RR1992M,RR1992M
Men's,smash,nikolai-volkoff,1,RR1992M,RR1992M
Men's,smash,greg-valentine,1,RR1992M,RR1992M
Men's,big-bossman,smash,1,RR1992M,RR1992M
Men's,ric-flair,british-bulldog,1,RR1992M,RR1992M
Men's,ric-flair,texas-tornado,1,RR1992M,RR1992M
Men's,tito-santana,shawn-michaels,1,RR1992M,RR1992M
Men's,shawn-michaels,tito-santana,1,RR1992M,RR1992M
Men's,big-bossman,hercules,1,RR1992M,RR1992M
Men's,big-bossman,big-bossman,1,RR1992M,RR1992M
Men's,the-undertaker,jimmy-snuka,1,RR1992M,RR1992M
Men's,randy-savage,col-mustafa,1,RR1992M,RR1992M
Men's,hulk-hogan,the-undertaker,1,RR1992M,RR1992M
Men's,hulk-hogan,the-berzerker,1,RR1992M,RR1992M
Men's,virgil,jim-duggan,1,RR1992M,RR1992M
Men's,jim-duggan,virgil,1,RR1992M,RR1992M
Men's,rick-martel,skinner,1,RR1992M,RR1992M
Men's,sid-justice,sgt-slaughter,1,RR1992M,RR1992M
Men's,roddy-piper,irwin-r-schyster,1,RR1992M,RR1992M
Men's,sid-justice,the-warlord,1,RR1992M,RR1992M
Men's,sid-justice,rick-martel,1,RR1992M,RR1992M
Men's,sid-justice,roddy-piper,1,RR1992M,RR1992M
Men's,sid-justice,randy-savage,1,RR1992M,RR1992M
Men's,sid-justice,hulk-hogan,1,RR1992M,RR1992M
Men's,ric-flair,sid-justice,1,RR1992M,RR1992M
Men's,ric-flair,papa-shango,1,RR1993M,RR1993M
Men's,ted-dibiase,brian-knobbs,1,RR1993M,RR1993M
Men's,jerry-lawler,max-moon,1,RR1993M,RR1993M
Men's,mr-perfect,ric-flair,1,RR1993M,RR1993M
Men's,mr-perfect,skinner,1,RR1993M,RR1993M
Men's,mr-perfect,jerry-lawler,1,RR1993M,RR1993M
Men's,the-berzerker,virgil,1,RR1993M,RR1993M
Men's,ted-dibiase,mr-perfect,1,RR1993M,RR1993M
Men's,koko-b-ware,mr-perfect,1,RR1993M,RR1993M
Men's,jerry-lawler,mr-perfect,1,RR1993M,RR1993M
Men's,the-undertaker,samu,1,RR1993M,RR1993M
Men's,the-undertaker,genichiro-tenryu,1,RR1993M,RR1993M
Men's,the-undertaker,ted-dibiase,1,RR1993M,RR1993M
Men's,the-undertaker,the-berzerker,1,RR1993M,RR1993M
Men's,giant-gonzalez,the-undertaker,1,RR1993M,RR1993M
Men's,earthquake,tugboat,1,RR1993M,RR1993M
Men's,carlos-colon,damien-demento,1,RR1993M,RR1993M
Men's,bob-backlund,fatu,1,RR1993M,RR1993M
Men's,earthquake,irwin-r-schyster,1,RR1993M,RR1993M
Men's,yokozuna,tatanka,1,RR1993M,RR1993M
Men's,yokozuna,carlos-colon,1,RR1993M,RR1993M
Men's,yokozuna,earthquake,1,RR1993M,RR1993M
Men's,yokozuna,tito-santana,1,RR1993M,RR1993M
Men's,owen-hart,jerry-sags,1,RR1993M,RR1993M
Men's,yokozuna,owen-hart,1,RR1993M,RR1993M
Men's,randy-savage,smash,1,RR1993M,RR1993M
Men's,bob-backlund,rick-martel,1,RR1993M,RR1993M
Men's,yokozuna,randy-savage,1,RR1993M,RR1993M
Men's,scott-steiner,samu,1,RR1994M,RR1994M
Men's,owen-hart,rick-steiner,1,RR1994M,RR1994M
Men's,diesel,bart-gunn,1,RR1994M,RR1994M
Men's,diesel,scott-steiner,1,RR1994M,RR1994M
Men's,diesel,kwang,1,RR1994M,RR1994M
Men's,diesel,bob-backlund,1,RR1994M,RR1994M
Men's,diesel,billy-gunn,1,RR1994M,RR1994M
Men's,diesel,virgil,1,RR1994M,RR1994M
Men's,randy-savage,jeff-jarrett,1,RR1994M,RR1994M
Men's,demolition-crush,randy-savage,1,RR1994M,RR1994M
Men's,bam-bam-bigelow,doink,1,RR1994M,RR1994M
Men's,demolition-crush,diesel,1,RR1994M,RR1994M
Men's,bam-bam-bigelow,diesel,1,RR1994M,RR1994M
Men's,mabel,diesel,1,RR1994M,RR1994M
Men's,sparky-plugg,diesel,1,RR1994M,RR1994M
Men's,demolition-crush,mabel,1,RR1994M,RR1994M
Men's,lex-luger,great-kabuki,1,RR1994M,RR1994M
Men's,bam-bam-bigelow,demolition-crush,1,RR1994M,RR1994M
Men's,sparky-plugg,demolition-crush,1,RR1994M,RR1994M
Men's,lex-luger,demolition-crush,1,RR1994M,RR1994M
Men's,bret-hart,demolition-crush,1,RR1994M,RR1994M
Men's,shawn-michaels,sparky-plugg,1,RR1994M,RR1994M
Men's,bret-hart,sparky-plugg,1,RR1994M,RR1994M
Men's,rick-martel,greg-valentine,1,RR1994M,RR1994M
Men's,tatanka,rick-martel,1,RR1994M,RR1994M
Men's,lex-luger,adam-bomb,1,RR1994M,RR1994M
Men's,fatu,mo,1,RR1994M,RR1994M
Men's,bam-bam-bigelow,tatanka,1,RR1994M,RR1994M
Men's,lex-luger,bam-bam-bigelow,1,RR1994M,RR1994M
Men's,shawn-michaels,marty-jannetty,1,RR1994M,RR1994M
Men's,bret-hart,genichiro-tenryu,1,RR1994M,RR1994M
Men's,lex-luger,genichiro-tenryu,1,RR1994M,RR1994M
Men's,bret-hart,fatu,1,RR1994M,RR1994M
Men's,lex-luger,shawn-michaels,1,RR1994M,RR1994M
Men's,british-bulldog,jimmy-del-ray,1,RR1995M,RR1995M
Men's,british-bulldog,owen-hart,1,RR1995M,RR1995M
Men's,shawn-michaels,duke-droese,1,RR1995M,RR1995M
Men's,british-bulldog,timothy-well,1,RR1995M,RR1995M
Men's,headshrinker-sione,rick-martel,1,RR1995M,RR1995M
Men's,shawn-michaels,tom-prichard,1,RR1995M,RR1995M
Men's,kwang,doink-1995,1,RR1995M,RR1995M
Men's,headshrinker-sione,kwang,1,RR1995M,RR1995M
Men's,headshrinker-sione,eli-blu,1,RR1995M,RR1995M
Men's,eli-blu,headshrinker-sione,1,RR1995M,RR1995M
Men's,shawn-michaels,luke-williams,1,RR1995M,RR1995M
Men's,shawn-michaels,jacob-blu,1,RR1995M,RR1995M
Men's,king-kong-bundy,mo,1,RR1995M,RR1995M
Men's,shawn-michaels,king-kong-bundy,1,RR1995M,RR1995M
Men's,shawn-michaels,butch-miller,1,RR1995M,RR1995M
Men's,lex-luger,mabel,1,RR1995M,RR1995M
Men's,lex-luger,bob-backlund,1,RR1995M,RR1995M
Men's,lex-luger,mantaur,1,RR1995M,RR1995M
Men's,demolition-crush,bart-gunn,1,RR1995M,RR1995M
Men's,dick-murdoch,bart-gunn,1,RR1995M,RR1995M
Men's,demolition-crush,billy-gunn,1,RR1995M,RR1995M
Men's,dick-murdoch,billy-gunn,1,RR1995M,RR1995M
Men's,aldo-montoya,steven-dunn,1,RR1995M,RR1995M
Men's,demolition-crush,adam-bomb,1,RR1995M,RR1995M
Men's,shawn-michaels,aldo-montoya,1,RR1995M,RR1995M
Men's,demolition-crush,fatu,1,RR1995M,RR1995M
Men's,henry-godwinn,dick-murdoch,1,RR1995M,RR1995M
Men's,lex-luger,henry-godwinn,1,RR1995M,RR1995M
Men's,demolition-crush,lex-luger,1,RR1995M,RR1995M
Men's,shawn-michaels,lex-luger,1,RR1995M,RR1995M
Men's,british-bulldog,demolition-crush,1,RR1995M,RR1995M
Men's,jake-roberts,henry-godwinn,1,RR1996M,RR1996M
Men's,yokozuna,mabel,1,RR1996M,RR1996M
Men's,jake-roberts,takao-omori,1,RR1996M,RR1996M
Men's,hunter-hearst-helmsley,takao-omori,1,RR1996M,RR1996M
Men's,savio-vega,dory-funk-jr,1,RR1996M,RR1996M
Men's,vader,jake-roberts,1,RR1996M,RR1996M
Men's,vader,doug-gilbert,1,RR1996M,RR1996M
Men's,vader,headhunter-1,1,RR1996M,RR1996M
Men's,yokozuna,headhunter-2,1,RR1996M,RR1996M
Men's,vader,savio-vega,1,RR1996M,RR1996M
Men's,shawn-michaels,yokozuna,1,RR1996M,RR1996M
Men's,shawn-michaels,vader,1,RR1996M,RR1996M
Men's,shawn-michaels,1-2-3-kid,1,RR1996M,RR1996M
Men's,owen-hart,hakushi,1,RR1996M,RR1996M
Men's,tatanka,aldo-montoya,1,RR1996M,RR1996M
Men's,shawn-michaels,jerry-lawler,1,RR1996M,RR1996M
Men's,diesel,tatanka,1,RR1996M,RR1996M
Men's,steve-austin,bob-holly,1,RR1996M,RR1996M
Men's,diesel,hunter-hearst-helmsley,1,RR1996M,RR1996M
Men's,owen-hart,barry-horowitz,1,RR1996M,RR1996M
Men's,shawn-michaels,owen-hart,1,RR1996M,RR1996M
Men's,british-bulldog,marty-jannetty,1,RR1996M,RR1996M
Men's,fatu,steve-austin,1,RR1996M,RR1996M
Men's,isaac-yankem,fatu,1,RR1996M,RR1996M
Men's,shawn-michaels,isaac-yankem,1,RR1996M,RR1996M
Men's,diesel,duke-droese,1,RR1996M,RR1996M
Men's,kama,duke-droese,1,RR1996M,RR1996M
Men's,ahmed-johnson,fake-razor-ramon,1,RR1997M,RR1997M
Men's,ahmed-johnson,ahmed-johnson,1,RR1997M,RR1997M
Men's,phineas-godwinn,demolition-crush,1,RR1997M,RR1997M
Men's,steve-austin,phineas-godwinn,1,RR1997M,RR1997M
Men's,steve-austin,bart-gunn,1,RR1997M,RR1997M
Men's,steve-austin,jake-roberts,1,RR1997M,RR1997M
Men's,british-bulldog,the-sultan,1,RR1997M,RR1997M
Men's,owen-hart,british-bulldog,1,RR1997M,RR1997M
Men's,mil-mascaras,cibernetico,1,RR1997M,RR1997M
Men's,pierroth-jr,cibernetico,1,RR1997M,RR1997M
Men's,mil-mascaras,pierroth-jr,1,RR1997M,RR1997M
Men's,mil-mascaras,mil-mascaras,1,RR1997M,RR1997M
Men's,goldust,hunter-hearst-helmsley,1,RR1997M,RR1997M
Men's,owen-hart,goldust,1,RR1997M,RR1997M
Men's,faarooq,latin-lover,1,RR1997M,RR1997M
Men's,faarooq,faarooq,1,RR1997M,RR1997M
Men's,steve-austin,jesse-james,1,RR1997M,RR1997M
Men's,bret-hart,jerry-lawler,1,RR1997M,RR1997M
Men's,vader,flash-funk,1,RR1997M,RR1997M
Men's,the-undertaker,henry-godwinn,1,RR1997M,RR1997M
Men's,mankind,rocky-maivia,1,RR1997M,RR1997M
Men's,terry-funk,mankind,1,RR1997M,RR1997M
Men's,steve-austin,vader,1,RR1997M,RR1997M
Men's,steve-austin,the-undertaker,1,RR1997M,RR1997M
Men's,bret-hart,fake-diesel,1,RR1997M,RR1997M
Men's,steve-austin,bret-hart,1,RR1997M,RR1997M
Men's,cactus-jack,tom-brandi,1,RR1998M,RR1998M
Men's,terry-funk,tom-brandi,1,RR1998M,RR1998M
Men's,terry-funk,cactus-jack,1,RR1998M,RR1998M
Men's,kurrgan,mosh,1,RR1998M,RR1998M
Men's,kurrgan,steve-blackman,1,RR1998M,RR1998M
Men's,eight-ball,kurrgan,1,RR1998M,RR1998M
Men's,bradshaw,kurrgan,1,RR1998M,RR1998M
Men's,ken-shamrock,kurrgan,1,RR1998M,RR1998M
Men's,terry-funk,kurrgan,1,RR1998M,RR1998M
Men's,phineas-godwinn,kurrgan,1,RR1998M,RR1998M
Men's,rocky-maivia,kurrgan,1,RR1998M,RR1998M
Men's,goldust,mankind,1,RR1998M,RR1998M
Men's,owen-hart,jeff-jarrett,1,RR1998M,RR1998M
Men's,rocky-maivia,ken-shamrock,1,RR1998M,RR1998M
Men's,hunter-hearst-helmsley,owen-hart,1,RR1998M,RR1998M
Men's,d-lo-brown,ahmed-johnson,1,RR1998M,RR1998M
Men's,mark-henry,ahmed-johnson,1,RR1998M,RR1998M
Men's,mark-henry,phineas-godwinn,1,RR1998M,RR1998M
Men's,steve-austin,eight-ball,1,RR1998M,RR1998M
Men's,dude-love,bradshaw,1,RR1998M,RR1998M
Men's,faarooq,d-lo-brown,1,RR1998M,RR1998M
Men's,vader,the-honky-tonk-man,1,RR1998M,RR1998M
Men's,steve-austin,thrasher,1,RR1998M,RR1998M
Men's,steve-austin,kama,1,RR1998M,RR1998M
Men's,goldust,vader,1,RR1998M,RR1998M
Men's,dude-love,henry-godwinn,1,RR1998M,RR1998M
Men's,chainz,goldust,1,RR1998M,RR1998M
Men's,steve-austin,chainz,1,RR1998M,RR1998M
Men's,faarooq,mark-henry,1,RR1998M,RR1998M
Men's,faarooq,dude-love,1,RR1998M,RR1998M
Men's,rocky-maivia,faarooq,1,RR1998M,RR1998M
Men's,steve-austin,rocky-maivia,1,RR1998M,RR1998M
Men's,steve-austin,golga,1,RR1999M,RR1999M
Men's,edge,gillberg,1,RR1999M,RR1999M
Men's,mabel,dan-severn,1,RR1999M,RR1999M
Men's,mabel,steve-blackman,1,RR1999M,RR1999M
Men's,mabel,tiger-ali-singh,1,RR1999M,RR1999M
Men's,mabel,blue-meanie,1,RR1999M,RR1999M
Men's,mabel,droz,1,RR1999M,RR1999M
Men's,mabel,edge,1,RR1999M,RR1999M
Men's,phineas-godwinn,mabel,1,RR1999M,RR1999M
Men's,bradshaw,mabel,1,RR1999M,RR1999M
Men's,faarooq,mabel,1,RR1999M,RR1999M
Men's,jesse-james,gangrel,1,RR1999M,RR1999M
Men's,jesse-james,al-snow,1,RR1999M,RR1999M
Men's,kane,jesse-james,1,RR1999M,RR1999M
Men's,kane,kurrgan,1,RR1999M,RR1999M
Men's,kane,the-godfather,1,RR1999M,RR1999M
Men's,kane,goldust,1,RR1999M,RR1999M
Men's,kane,kane,1,RR1999M,RR1999M
Men's,steve-austin,ken-shamrock,1,RR1999M,RR1999M
Men's,big-boss-man,1-2-3-kid,1,RR1999M,RR1999M
Men's,hunter-hearst-helmsley,jeff-jarrett,1,RR1999M,RR1999M
Men's,chyna,mark-henry,1,RR1999M,RR1999M
Men's,steve-austin,chyna,1,RR1999M,RR1999M
Men's,hunter-hearst-helmsley,val-venis,1,RR1999M,RR1999M
Men's,steve-austin,hunter-hearst-helmsley,1,RR1999M,RR1999M
Men's,big-boss-man,d-lo-brown,1,RR1999M,RR1999M
Men's,steve-austin,big-boss-man,1,RR1999M,RR1999M
Men's,vince-mcmahon,steve-austin,1,RR1999M,RR1999M
Men's,rikishi,mosh,1,RR2000M,RR2000M
Men's,rikishi,christian,1,RR2000M,RR2000M
Men's,rikishi,d-lo-brown,1,RR2000M,RR2000M
Men's,rikishi,brian-christopher,1,RR2000M,RR2000M
Men's,rikishi,scott-taylor,1,RR2000M,RR2000M
Men's,rikishi,steve-blackman,1,RR2000M,RR2000M
Men's,rikishi,mabel,1,RR2000M,RR2000M
Men's,big-boss-man,rikishi,1,RR2000M,RR2000M
Men's,bob-backlund,rikishi,1,RR2000M,RR2000M
Men's,edge,rikishi,1,RR2000M,RR2000M
Men's,gangrel,rikishi,1,RR2000M,RR2000M
Men's,test,rikishi,1,RR2000M,RR2000M
Men's,british-bulldog,rikishi,1,RR2000M,RR2000M
Men's,chris-jericho,bob-backlund,1,RR2000M,RR2000M
Men's,chyna,chris-jericho,1,RR2000M,RR2000M
Men's,big-boss-man,chyna,1,RR2000M,RR2000M
Men's,big-boss-man,faarooq,1,RR2000M,RR2000M
Men's,jesse-james,british-bulldog,1,RR2000M,RR2000M
Men's,al-snow,edge,1,RR2000M,RR2000M
Men's,val-venis,edge,1,RR2000M,RR2000M
Men's,rocky-maivia,big-boss-man,1,RR2000M,RR2000M
Men's,rocky-maivia,crash-holly,1,RR2000M,RR2000M
Men's,big-show,gangrel,1,RR2000M,RR2000M
Men's,jesse-james,bradshaw,1,RR2000M,RR2000M
Men's,kane,val-venis,1,RR2000M,RR2000M
Men's,al-snow,hardcore-holly,1,RR2000M,RR2000M
Men's,big-show,the-godfather,1,RR2000M,RR2000M
Men's,rocky-maivia,al-snow,1,RR2000M,RR2000M
Men's,billy-gunn,jesse-james,1,RR2000M,RR2000M
Men's,kane,billy-gunn,1,RR2000M,RR2000M
Men's,1-2-3-kid,kane,1,RR2000M,RR2000M
Men's,big-show,1-2-3-kid,1,RR2000M,RR2000M
Men's,matt-hardy,bull-buchanan,1,RR2001M,RR2001M
Men's,jeff-hardy,bull-buchanan,1,RR2001M,RR2001M
Men's,jeff-hardy,faarooq,1,RR2001M,RR2001M
Men's,matt-hardy,faarooq,1,RR2001M,RR2001M
Men's,jeff-hardy,matt-hardy,1,RR2001M,RR2001M
Men's,matt-hardy,jeff-hardy,1,RR2001M,RR2001M
Men's,drew-carey,drew-carey,1,RR2001M,RR2001M
Men's,kane,brian-christopher,1,RR2001M,RR2001M
Men's,kane,steve-blackman,1,RR2001M,RR2001M
Men's,kane,al-snow,1,RR2001M,RR2001M
Men's,kane,raven,1,RR2001M,RR2001M
Men's,kane,perry-saturn,1,RR2001M,RR2001M
Men's,kane,the-honky-tonk-man,1,RR2001M,RR2001M
Men's,rocky-maivia,the-godfather,1,RR2001M,RR2001M
Men's,kane,tazz,1,RR2001M,RR2001M
Men's,test,william-regal,1,RR2001M,RR2001M
Men's,big-show,k-kwik,1,RR2001M,RR2001M
Men's,the-undertaker,bradshaw,1,RR2001M,RR2001M
Men's,kane,crash-holly,1,RR2001M,RR2001M
Men's,the-undertaker,hardcore-holly,1,RR2001M,RR2001M
Men's,the-undertaker,val-venis,1,RR2001M,RR2001M
Men's,kane,scott-taylor,1,RR2001M,RR2001M
Men's,the-undertaker,scott-taylor,1,RR2001M,RR2001M
Men's,steve-austin,haku,1,RR2001M,RR2001M
Men's,rikishi,the-undertaker,1,RR2001M,RR2001M
Men's,rocky-maivia,rikishi,1,RR2001M,RR2001M
Men's,kane,rocky-maivia,1,RR2001M,RR2001M
Men's,steve-austin,kane,1,RR2001M,RR2001M
Men's,rikishi,big-boss-man,1,RR2002M,RR2002M
Men's,al-snow,lance-storm,1,RR2002M,RR2002M
Men's,the-undertaker,goldust,1,RR2002M,RR2002M
Men's,the-undertaker,al-snow,1,RR2002M,RR2002M
Men's,the-undertaker,rikishi,1,RR2002M,RR2002M
Men's,the-undertaker,billy-gunn,1,RR2002M,RR2002M
Men's,the-undertaker,jeff-hardy,1,RR2002M,RR2002M
Men's,the-undertaker,matt-hardy,1,RR2002M,RR2002M
Men's,maven,the-undertaker,1,RR2002M,RR2002M
Men's,diamond-dallas-page,scott-taylor,1,RR2002M,RR2002M
Men's,christian,diamond-dallas-page,1,RR2002M,RR2002M
Men's,chuck-palumbo,prince-albert,1,RR2002M,RR2002M
Men's,christian,prince-albert,1,RR2002M,RR2002M
Men's,chuck-palumbo,the-godfather,1,RR2002M,RR2002M
Men's,christian,the-godfather,1,RR2002M,RR2002M
Men's,steve-austin,christian,1,RR2002M,RR2002M
Men's,steve-austin,chuck-palumbo,1,RR2002M,RR2002M
Men's,steve-austin,perry-saturn,1,RR2002M,RR2002M
Men's,steve-austin,val-venis,1,RR2002M,RR2002M
Men's,steve-austin,the-hurricane,1,RR2002M,RR2002M
Men's,hunter-hearst-helmsley,the-hurricane,1,RR2002M,RR2002M
Men's,hunter-hearst-helmsley,faarooq,1,RR2002M,RR2002M
Men's,kane,big-show,1,RR2002M,RR2002M
Men's,kurt-angle,kane,1,RR2002M,RR2002M
Men's,booker-t,rob-van-dam,1,RR2002M,RR2002M
Men's,steve-austin,booker-t,1,RR2002M,RR2002M
Men's,kurt-angle,steve-austin,1,RR2002M,RR2002M
Men's,hunter-hearst-helmsley,mr-perfect,1,RR2002M,RR2002M
Men's,hunter-hearst-helmsley,kurt-angle,1,RR2002M,RR2002M
Men's,chris-jericho,shawn-michaels,1,RR2003M,RR2003M
Men's,rey-mysterio,chris-nowinski,1,RR2003M,RR2003M
Men's,chris-jericho,rey-mysterio,1,RR2003M,RR2003M
Men's,edge,bill-demott,1,RR2003M,RR2003M
Men's,chris-jericho,tommy-dreamer,1,RR2003M,RR2003M
Men's,christian,tommy-dreamer,1,RR2003M,RR2003M
Men's,chris-jericho,yoshihiro-tajiri,1,RR2003M,RR2003M
Men's,edge,bull-buchanan,1,RR2003M,RR2003M
Men's,edge,chavo-guerrero,1,RR2003M,RR2003M
Men's,chris-jericho,edge,1,RR2003M,RR2003M
Men's,rob-van-dam,jeff-hardy,1,RR2003M,RR2003M
Men's,kane,rosey,1,RR2003M,RR2003M
Men's,booker-t,eddie-guerrero,1,RR2003M,RR2003M
Men's,test,chris-jericho,1,RR2003M,RR2003M
Men's,charlie-haas,goldust,1,RR2003M,RR2003M
Men's,shelton-benjamin,goldust,1,RR2003M,RR2003M
Men's,charlie-haas,booker-t,1,RR2003M,RR2003M
Men's,shelton-benjamin,booker-t,1,RR2003M,RR2003M
Men's,batista,test,1,RR2003M,RR2003M
Men's,batista,rikishi,1,RR2003M,RR2003M
Men's,brock-lesnar,charlie-haas,1,RR2003M,RR2003M
Men's,brock-lesnar,matt-hardy,1,RR2003M,RR2003M
Men's,the-undertaker,john-cena,1,RR2003M,RR2003M
Men's,the-undertaker,jamal,1,RR2003M,RR2003M
Men's,rob-van-dam,prince-albert,1,RR2003M,RR2003M
Men's,kane,rob-van-dam,1,RR2003M,RR2003M
Men's,the-undertaker,batista,1,RR2003M,RR2003M
Men's,the-undertaker,kane,1,RR2003M,RR2003M
Men's,brock-lesnar,the-undertaker,1,RR2003M,RR2003M
Men's,chris-benoit,bradshaw,1,RR2004M,RR2004M
Men's,rhyno,yoshihiro-tajiri,1,RR2004M,RR2004M
Men's,chris-benoit,mark-henry,1,RR2004M,RR2004M
Men's,matt-morgan,the-hurricane,1,RR2004M,RR2004M
Men's,booker-t,scott-steiner,1,RR2004M,RR2004M
Men's,chris-benoit,rhyno,1,RR2004M,RR2004M
Men's,renee-dupree,matt-hardy,1,RR2004M,RR2004M
Men's,rikishi,renee-dupree,1,RR2004M,RR2004M
Men's,chris-benoit,matt-morgan,1,RR2004M,RR2004M
Men's,randy-orton,rikishi,1,RR2004M,RR2004M
Men's,randy-orton,booker-t,1,RR2004M,RR2004M
Men's,chris-benoit,prince-albert,1,RR2004M,RR2004M
Men's,randy-orton,shelton-benjamin,1,RR2004M,RR2004M
Men's,chris-benoit,ernest-miller,1,RR2004M,RR2004M
Men's,randy-orton,ernest-miller,1,RR2004M,RR2004M
Men's,randy-orton,rico,1,RR2004M,RR2004M
Men's,mick-foley,randy-orton,1,RR2004M,RR2004M
Men's,randy-orton,mick-foley,1,RR2004M,RR2004M
Men's,bill-goldberg,charlie-haas,1,RR2004M,RR2004M
Men's,bill-goldberg,billy-gunn,1,RR2004M,RR2004M
Men's,bill-goldberg,nunzio,1,RR2004M,RR2004M
Men's,kurt-angle,bill-goldberg,1,RR2004M,RR2004M
Men's,big-show,john-cena,1,RR2004M,RR2004M
Men's,big-show,rob-van-dam,1,RR2004M,RR2004M
Men's,big-show,chris-jericho,1,RR2004M,RR2004M
Men's,big-show,kurt-angle,1,RR2004M,RR2004M
Men's,chris-benoit,big-show,1,RR2004M,RR2004M
Men's,hardcore-holly,daniel-puder,1,RR2005M,RR2005M
Men's,eddie-guerrero,hardcore-holly,1,RR2005M,RR2005M
Men's,chris-benoit,hardcore-holly,1,RR2005M,RR2005M
Men's,eddie-guerrero,the-hurricane,1,RR2005M,RR2005M
Men's,chris-benoit,the-hurricane,1,RR2005M,RR2005M
Men's,rey-mysterio,kenzo-suzuki,1,RR2005M,RR2005M
Men's,eddie-guerrero,muhammad-hassan,1,RR2005M,RR2005M
Men's,chris-benoit,muhammad-hassan,1,RR2005M,RR2005M
Men's,edge,muhammad-hassan,1,RR2005M,RR2005M
Men's,rey-mysterio,muhammad-hassan,1,RR2005M,RR2005M
Men's,shelton-benjamin,muhammad-hassan,1,RR2005M,RR2005M
Men's,booker-t,muhammad-hassan,1,RR2005M,RR2005M
Men's,chris-jericho,muhammad-hassan,1,RR2005M,RR2005M
Men's,luther-reigns,muhammad-hassan,1,RR2005M,RR2005M
Men's,booker-t,luther-reigns,1,RR2005M,RR2005M
Men's,booker-t,orlando-jordan,1,RR2005M,RR2005M
Men's,rey-mysterio,booker-t,1,RR2005M,RR2005M
Men's,eddie-guerrero,booker-t,1,RR2005M,RR2005M
Men's,edge,shelton-benjamin,1,RR2005M,RR2005M
Men's,edge,eddie-guerrero,1,RR2005M,RR2005M
Men's,shawn-michaels,simon-dean,1,RR2005M,RR2005M
Men's,shawn-michaels,charlie-haas,1,RR2005M,RR2005M
Men's,shawn-michaels,kurt-angle,1,RR2005M,RR2005M
Men's,kurt-angle,shawn-michaels,1,RR2005M,RR2005M
Men's,chris-jericho,renee-dupree,1,RR2005M,RR2005M
Men's,john-cena,mabel,1,RR2005M,RR2005M
Men's,gene-snitsky,paul-london,1,RR2005M,RR2005M
Men's,kane,mark-jindrak,1,RR2005M,RR2005M
Men's,batista,gene-snitsky,1,RR2005M,RR2005M
Men's,batista,chris-jericho,1,RR2005M,RR2005M
Men's,john-cena,kane,1,RR2005M,RR2005M
Men's,ric-flair,jonathan-coachman,1,RR2005M,RR2005M
Men's,batista,christian,1,RR2005M,RR2005M
Men's,batista,chris-benoit,1,RR2005M,RR2005M
Men's,ric-flair,chris-benoit,1,RR2005M,RR2005M
Men's,edge,rey-mysterio,1,RR2005M,RR2005M
Men's,batista,edge,1,RR2005M,RR2005M
Men's,john-cena,edge,1,RR2005M,RR2005M
Men's,batista,john-cena,1,RR2005M,RR2005M
Men's,hunter-hearst-helmsley,simon-dean,1,RR2006M,RR2006M
Men's,rey-mysterio,psicosis,1,RR2006M,RR2006M
Men's,hunter-hearst-helmsley,ric-flair,1,RR2006M,RR2006M
Men's,big-show,jonathan-coachman,1,RR2006M,RR2006M
Men's,bobby-lashley,sylvan-grenier,1,RR2006M,RR2006M
Men's,big-show,bobby-lashley,1,RR2006M,RR2006M
Men's,kane,bobby-lashley,1,RR2006M,RR2006M
Men's,hunter-hearst-helmsley,big-show,1,RR2006M,RR2006M
Men's,chris-benoit,booker-t,1,RR2006M,RR2006M
Men's,rob-van-dam,road-warrior-animal,1,RR2006M,RR2006M
Men's,hunter-hearst-helmsley,chavo-guerrero,1,RR2006M,RR2006M
Men's,joey-mercury,tatanka,1,RR2006M,RR2006M
Men's,johnny-nitro,tatanka,1,RR2006M,RR2006M
Men's,shawn-michaels,trevor-murdoch,1,RR2006M,RR2006M
Men's,mabel,matt-hardy,1,RR2006M,RR2006M
Men's,chris-benoit,eugene,1,RR2006M,RR2006M
Men's,rey-mysterio,super-crazy,1,RR2006M,RR2006M
Men's,randy-orton,chris-benoit,1,RR2006M,RR2006M
Men's,chris-masters,mabel,1,RR2006M,RR2006M
Men's,carlito,chris-masters,1,RR2006M,RR2006M
Men's,rob-van-dam,goldust,1,RR2006M,RR2006M
Men's,randy-orton,orlando-jordan,1,RR2006M,RR2006M
Men's,shawn-michaels,joey-mercury,1,RR2006M,RR2006M
Men's,shane-mcmahon,shawn-michaels,1,RR2006M,RR2006M
Men's,rob-van-dam,carlito,1,RR2006M,RR2006M
Men's,rey-mysterio,rob-van-dam,1,RR2006M,RR2006M
Men's,rey-mysterio,hunter-hearst-helmsley,1,RR2006M,RR2006M
Men's,rey-mysterio,randy-orton,1,RR2006M,RR2006M
Men's,edge,kenny-dykstra,1,RR2007M,RR2007M
Men's,kane,tommy-dreamer,1,RR2007M,RR2007M
Men's,kane,sabu,1,RR2007M,RR2007M
Men's,booker-t,the-hurricane,1,RR2007M,RR2007M
Men's,booker-t,the-sandman,1,RR2007M,RR2007M
Men's,edge,super-crazy,1,RR2007M,RR2007M
Men's,randy-orton,super-crazy,1,RR2007M,RR2007M
Men's,edge,jeff-hardy,1,RR2007M,RR2007M
Men's,randy-orton,matt-hardy,1,RR2007M,RR2007M
Men's,kane,booker-t,1,RR2007M,RR2007M
Men's,shawn-michaels,finlay,1,RR2007M,RR2007M
Men's,rob-van-dam,mabel,1,RR2007M,RR2007M
Men's,cm-punk,mabel,1,RR2007M,RR2007M
Men's,edge,mabel,1,RR2007M,RR2007M
Men's,chris-benoit,mabel,1,RR2007M,RR2007M
Men's,johnny-nitro,mabel,1,RR2007M,RR2007M
Men's,shelton-benjamin,mabel,1,RR2007M,RR2007M
Men's,hardcore-holly,mabel,1,RR2007M,RR2007M
Men's,kevin-thorn,mabel,1,RR2007M,RR2007M
Men's,chris-benoit,johnny-nitro,1,RR2007M,RR2007M
Men's,chris-benoit,kevin-thorn,1,RR2007M,RR2007M
Men's,rob-van-dam,chris-masters,1,RR2007M,RR2007M
Men's,the-great-khali,hardcore-holly,1,RR2007M,RR2007M
Men's,the-great-khali,chris-benoit,1,RR2007M,RR2007M
Men's,the-great-khali,the-miz,1,RR2007M,RR2007M
Men's,the-great-khali,rob-van-dam,1,RR2007M,RR2007M
Men's,the-great-khali,cm-punk,1,RR2007M,RR2007M
Men's,the-great-khali,carlito,1,RR2007M,RR2007M
Men's,the-great-khali,chavo-guerrero,1,RR2007M,RR2007M
Men's,the-undertaker,mvp,1,RR2007M,RR2007M
Men's,shawn-michaels,randy-orton,1,RR2007M,RR2007M
Men's,shawn-michaels,edge,1,RR2007M,RR2007M
Men's,the-undertaker,shawn-michaels,1,RR2007M,RR2007M
Men's,the-undertaker,santino-marella,1,RR2008M,RR2008M
Men's,batista,tommy-dreamer,1,RR2008M,RR2008M
Men's,chuck-palumbo,jamie-noble,1,RR2008M,RR2008M
Men's,cm-punk,chuck-palumbo,1,RR2008M,RR2008M
Men's,jamal,hardcore-holly,1,RR2008M,RR2008M
Men's,kane,roddy-piper,1,RR2008M,RR2008M
Men's,kane,jimmy-snuka,1,RR2008M,RR2008M
Men's,the-undertaker,gene-snitsky,1,RR2008M,RR2008M
Men's,shawn-michaels,the-undertaker,1,RR2008M,RR2008M
Men's,mr-kennedy,shawn-michaels,1,RR2008M,RR2008M
Men's,hornswoggle,the-miz,1,RR2008M,RR2008M
Men's,kane,johnny-nitro,1,RR2008M,RR2008M
Men's,hornswoggle,hornswoggle,1,RR2008M,RR2008M
Men's,chavo-guerrero,cm-punk,1,RR2008M,RR2008M
Men's,hunter-hearst-helmsley,mabel,1,RR2008M,RR2008M
Men's,hunter-hearst-helmsley,mick-foley,1,RR2008M,RR2008M
Men's,hunter-hearst-helmsley,elijah-burke,1,RR2008M,RR2008M
Men's,john-cena,carlito,1,RR2008M,RR2008M
Men's,john-cena,chavo-guerrero,1,RR2008M,RR2008M
Men's,john-cena,mark-henry,1,RR2008M,RR2008M
Men's,batista,mr-kennedy,1,RR2008M,RR2008M
Men's,hunter-hearst-helmsley,jamal,1,RR2008M,RR2008M
Men's,batista,kane,1,RR2008M,RR2008M
Men's,hunter-hearst-helmsley,batista,1,RR2008M,RR2008M
Men's,john-cena,hunter-hearst-helmsley,1,RR2008M,RR2008M
Men's,vladimir-kozlov,the-great-khali,1,RR2009M,RR2009M
Men's,vladimir-kozlov,mvp,1,RR2009M,RR2009M
Men's,vladimir-kozlov,carlito,1,RR2009M,RR2009M
Men's,hunter-hearst-helmsley,vladimir-kozlov,1,RR2009M,RR2009M
Men's,hunter-hearst-helmsley,johnny-nitro,1,RR2009M,RR2009M
Men's,hunter-hearst-helmsley,the-miz,1,RR2009M,RR2009M
Men's,the-undertaker,jtg,1,RR2009M,RR2009M
Men's,rey-mysterio,mark-henry,1,RR2009M,RR2009M
Men's,the-undertaker,shelton-benjamin,1,RR2009M,RR2009M
Men's,cm-punk,william-regal,1,RR2009M,RR2009M
Men's,the-brian-kendrick,kofi-kingston,1,RR2009M,RR2009M
Men's,hunter-hearst-helmsley,the-brian-kendrick,1,RR2009M,RR2009M
Men's,kane,santino-marella,1,RR2009M,RR2009M
Men's,big-show,jim-duggan,1,RR2009M,RR2009M
Men's,big-show,r-truth,1,RR2009M,RR2009M
Men's,big-show,cm-punk,1,RR2009M,RR2009M
Men's,big-show,rey-mysterio,1,RR2009M,RR2009M
Men's,big-show,mike-knox,1,RR2009M,RR2009M
Men's,kane,finlay,1,RR2009M,RR2009M
Men's,chris-jericho,rob-van-dam,1,RR2009M,RR2009M
Men's,the-undertaker,chris-jericho,1,RR2009M,RR2009M
Men's,cody-rhodes,kane,1,RR2009M,RR2009M
Men's,randy-orton,kane,1,RR2009M,RR2009M
Men's,ted-dibiase-jr,kane,1,RR2009M,RR2009M
Men's,big-show,the-undertaker,1,RR2009M,RR2009M
Men's,hunter-hearst-helmsley,ted-dibiase-jr,1,RR2009M,RR2009M
Men's,randy-orton,hunter-hearst-helmsley,1,RR2009M,RR2009M
Men's,cm-punk,evan-bourne,1,RR2010M,RR2010M
Men's,cm-punk,dolph-ziggler,1,RR2010M,RR2010M
Men's,cm-punk,jtg,1,RR2010M,RR2010M
Men's,beth-phoenix,the-great-khali,1,RR2010M,RR2010M
Men's,cm-punk,beth-phoenix,1,RR2010M,RR2010M
Men's,cm-punk,zack-ryder,1,RR2010M,RR2010M
Men's,hunter-hearst-helmsley,cm-punk,1,RR2010M,RR2010M
Men's,mvp,the-miz,1,RR2010M,RR2010M
Men's,mvp,mvp,1,RR2010M,RR2010M
Men's,kane,matt-hardy,1,RR2010M,RR2010M
Men's,shawn-michaels,carlito,1,RR2010M,RR2010M
Men's,shawn-michaels,cody-rhodes,1,RR2010M,RR2010M
Men's,shawn-michaels,ted-dibiase-jr,1,RR2010M,RR2010M
Men's,hunter-hearst-helmsley,drew-mcintyre,1,RR2010M,RR2010M
Men's,shawn-michaels,drew-mcintyre,1,RR2010M,RR2010M
Men's,shawn-michaels,hunter-hearst-helmsley,1,RR2010M,RR2010M
Men's,john-cena,shelton-benjamin,1,RR2010M,RR2010M
Men's,john-cena,yoshi-tatsu,1,RR2010M,RR2010M
Men's,big-show,chris-masters,1,RR2010M,RR2010M
Men's,r-truth,mark-henry,1,RR2010M,RR2010M
Men's,r-truth,big-show,1,RR2010M,RR2010M
Men's,kofi-kingston,jack-swagger,1,RR2010M,RR2010M
Men's,kofi-kingston,r-truth,1,RR2010M,RR2010M
Men's,john-cena,kofi-kingston,1,RR2010M,RR2010M
Men's,edge,chris-jericho,1,RR2010M,RR2010M
Men's,batista,shawn-michaels,1,RR2010M,RR2010M
Men's,john-cena,batista,1,RR2010M,RR2010M
Men's,edge,john-cena,1,RR2010M,RR2010M
Men's,daniel-bryan,justin-gabriel,1,RR2011M,RR2011M
Men's,daniel-bryan,zack-ryder,1,RR2011M,RR2011M
Men's,ted-dibiase-jr,william-regal,1,RR2011M,RR2011M
Men's,mark-henry,chavo-guerrero,1,RR2011M,RR2011M
Men's,mark-henry,yoshi-tatsu,1,RR2011M,RR2011M
Men's,michael-mcgillicutty,jtg,1,RR2011M,RR2011M
Men's,michael-mcgillicutty,ted-dibiase-jr,1,RR2011M,RR2011M
Men's,husky-harris,ted-dibiase-jr,1,RR2011M,RR2011M
Men's,cm-punk,daniel-bryan,1,RR2011M,RR2011M
Men's,cm-punk,chris-masters,1,RR2011M,RR2011M
Men's,cm-punk,johnny-nitro,1,RR2011M,RR2011M
Men's,david-otunga,johnny-nitro,1,RR2011M,RR2011M
Men's,michael-mcgillicutty,johnny-nitro,1,RR2011M,RR2011M
Men's,husky-harris,johnny-nitro,1,RR2011M,RR2011M
Men's,cm-punk,mark-henry,1,RR2011M,RR2011M
Men's,david-otunga,mark-henry,1,RR2011M,RR2011M
Men's,michael-mcgillicutty,mark-henry,1,RR2011M,RR2011M
Men's,husky-harris,mark-henry,1,RR2011M,RR2011M
Men's,cm-punk,tyler-reks,1,RR2011M,RR2011M
Men's,cm-punk,vladimir-kozlov,1,RR2011M,RR2011M
Men's,cm-punk,r-truth,1,RR2011M,RR2011M
Men's,the-great-khali,husky-harris,1,RR2011M,RR2011M
Men's,mason-ryan,the-great-khali,1,RR2011M,RR2011M
Men's,mason-ryan,booker-t,1,RR2011M,RR2011M
Men's,john-cena,mason-ryan,1,RR2011M,RR2011M
Men's,john-cena,david-otunga,1,RR2011M,RR2011M
Men's,john-cena,michael-mcgillicutty,1,RR2011M,RR2011M
Men's,john-cena,cm-punk,1,RR2011M,RR2011M
Men's,john-cena,tyson-kidd,1,RR2011M,RR2011M
Men's,sheamus,hornswoggle,1,RR2011M,RR2011M
Men's,rey-mysterio,jack-swagger,1,RR2011M,RR2011M
Men's,wade-barrett,diesel,1,RR2011M,RR2011M
Men's,john-cena,alex-riley,1,RR2011M,RR2011M
Men's,kofi-kingston,alex-riley,1,RR2011M,RR2011M
Men's,big-show,drew-mcintyre,1,RR2011M,RR2011M
Men's,ezekiel-jackson,big-show,1,RR2011M,RR2011M
Men's,randy-orton,kofi-kingston,1,RR2011M,RR2011M
Men's,randy-orton,sheamus,1,RR2011M,RR2011M
Men's,kane,ezekiel-jackson,1,RR2011M,RR2011M
Men's,rey-mysterio,kane,1,RR2011M,RR2011M
Men's,the-miz,john-cena,1,RR2011M,RR2011M
Men's,alberto-del-rio,randy-orton,1,RR2011M,RR2011M
Men's,alberto-del-rio,santino-marella,1,RR2011M,RR2011M
Men's,the-miz,alex-riley,1,RR2012M,RR2012M
Men's,the-miz,r-truth,1,RR2012M,RR2012M
Men's,mick-foley,primo,1,RR2012M,RR2012M
Men's,ricardo-rodriguez,justin-gabriel,1,RR2012M,RR2012M
Men's,mick-foley,justin-gabriel,1,RR2012M,RR2012M
Men's,santino-marella,ricardo-rodriguez,1,RR2012M,RR2012M
Men's,mick-foley,epico,1,RR2012M,RR2012M
Men's,cody-rhodes,mick-foley,1,RR2012M,RR2012M
Men's,cody-rhodes,jerry-lawler,1,RR2012M,RR2012M
Men's,the-great-khali,jinder-mahal,1,RR2012M,RR2012M
Men's,the-great-khali,ezekiel-jackson,1,RR2012M,RR2012M
Men's,cody-rhodes,jim-duggan,1,RR2012M,RR2012M
Men's,cody-rhodes,the-great-khali,1,RR2012M,RR2012M
Men's,dolph-ziggler,the-great-khali,1,RR2012M,RR2012M
Men's,cody-rhodes,booker-t,1,RR2012M,RR2012M
Men's,dolph-ziggler,booker-t,1,RR2012M,RR2012M
Men's,booker-t,michael-cole,1,RR2012M,RR2012M
Men's,jerry-lawler,michael-cole,1,RR2012M,RR2012M
Men's,kharma,hunico,1,RR2012M,RR2012M
Men's,dolph-ziggler,kharma,1,RR2012M,RR2012M
Men's,wade-barrett,road-dogg,1,RR2012M,RR2012M
Men's,randy-orton,jey-uso,1,RR2012M,RR2012M
Men's,chris-jericho,david-otunga,1,RR2012M,RR2012M
Men's,big-show,the-miz,1,RR2012M,RR2012M
Men's,big-show,cody-rhodes,1,RR2012M,RR2012M
Men's,chris-jericho,randy-orton,1,RR2012M,RR2012M
Men's,sheamus,chris-jericho,1,RR2012M,RR2012M
Men's,chris-jericho,drew-mcintyre,1,RR2013M,RR2013M
Men's,sheamus,titus-oneil,1,RR2013M,RR2013M
Men's,sheamus,david-otunga,1,RR2013M,RR2013M
Men's,chris-jericho,brodus-clay,1,RR2013M,RR2013M
Men's,kofi-kingston,prince-albert,1,RR2013M,RR2013M
Men's,kofi-kingston,darren-young,1,RR2013M,RR2013M
Men's,cody-rhodes,kofi-kingston,1,RR2013M,RR2013M
Men's,dolph-ziggler,the-godfather,1,RR2013M,RR2013M
Men's,john-cena,cody-rhodes,1,RR2013M,RR2013M
Men's,cesaro,the-great-khali,1,RR2013M,RR2013M
Men's,kane,the-great-khali,1,RR2013M,RR2013M
Men's,daniel-bryan,kane,1,RR2013M,RR2013M
Men's,cesaro,daniel-bryan,1,RR2013M,RR2013M
Men's,kane,daniel-bryan,1,RR2013M,RR2013M
Men's,randy-orton,zack-ryder,1,RR2013M,RR2013M
Men's,john-cena,cesaro,1,RR2013M,RR2013M
Men's,sheamus,jinder-mahal,1,RR2013M,RR2013M
Men's,bo-dallas,wade-barrett,1,RR2013M,RR2013M
Men's,wade-barrett,bo-dallas,1,RR2013M,RR2013M
Men's,ryback,damien-sandow,1,RR2013M,RR2013M
Men's,ryback,hunico,1,RR2013M,RR2013M
Men's,ryback,the-miz,1,RR2013M,RR2013M
Men's,dolph-ziggler,chris-jericho,1,RR2013M,RR2013M
Men's,ryback,randy-orton,1,RR2013M,RR2013M
Men's,sheamus,dolph-ziggler,1,RR2013M,RR2013M
Men's,ryback,sheamus,1,RR2013M,RR2013M
Men's,john-cena,ryback,1,RR2013M,RR2013M
Men's,cm-punk,damien-sandow,1,RR2014M,RR2014M
Men's,cm-punk,kane,1,RR2014M,RR2014M
Men's,cm-punk,rusev,1,RR2014M,RR2014M
Men's,cody-rhodes,rusev,1,RR2014M,RR2014M
Men's,kofi-kingston,rusev,1,RR2014M,RR2014M
Men's,seth-rollins,rusev,1,RR2014M,RR2014M
Men's,dean-ambrose,r-truth,1,RR2014M,RR2014M
Men's,dean-ambrose,jimmy-uso,1,RR2014M,RR2014M
Men's,diesel,jack-swagger,1,RR2014M,RR2014M
Men's,roman-reigns,kofi-kingston,1,RR2014M,RR2014M
Men's,roman-reigns,diesel,1,RR2014M,RR2014M
Men's,roman-reigns,the-great-khali,1,RR2014M,RR2014M
Men's,seth-rollins,the-great-khali,1,RR2014M,RR2014M
Men's,dean-ambrose,the-great-khali,1,RR2014M,RR2014M
Men's,goldust,cody-rhodes,1,RR2014M,RR2014M
Men's,el-torito,fandango,1,RR2014M,RR2014M
Men's,roman-reigns,el-torito,1,RR2014M,RR2014M
Men's,roman-reigns,bradshaw,1,RR2014M,RR2014M
Men's,luke-harper,the-miz,1,RR2014M,RR2014M
Men's,luke-harper,jey-uso,1,RR2014M,RR2014M
Men's,batista,erick-rowan,1,RR2014M,RR2014M
Men's,batista,ryback,1,RR2014M,RR2014M
Men's,batista,alberto-del-rio,1,RR2014M,RR2014M
Men's,seth-rollins,rey-mysterio,1,RR2014M,RR2014M
Men's,roman-reigns,luke-harper,1,RR2014M,RR2014M
Men's,roman-reigns,cesaro,1,RR2014M,RR2014M
Men's,dean-ambrose,cesaro,1,RR2014M,RR2014M
Men's,roman-reigns,dean-ambrose,1,RR2014M,RR2014M
Men's,seth-rollins,dean-ambrose,1,RR2014M,RR2014M
Men's,cesaro,dean-ambrose,1,RR2014M,RR2014M
Men's,kane,cm-punk,1,RR2014M,RR2014M
Men's,batista,roman-reigns,1,RR2014M,RR2014M
Men's,bubba-ray-dudley,the-miz,1,RR2015M,RR2015M
Men's,bubba-ray-dudley,r-truth,1,RR2015M,RR2015M
Men's,bray-wyatt,bubba-ray-dudley,1,RR2015M,RR2015M
Men's,erick-rowan,curtis-axel,1,RR2015M,RR2015M
Men's,bray-wyatt,luke-harper,1,RR2015M,RR2015M
Men's,bray-wyatt,the-boogeyman,1,RR2015M,RR2015M
Men's,bray-wyatt,hunico,1,RR2015M,RR2015M
Men's,bray-wyatt,zack-ryder,1,RR2015M,RR2015M
Men's,daniel-bryan,tyson-kidd,1,RR2015M,RR2015M
Men's,rusev,diamond-dallas-page,1,RR2015M,RR2015M
Men's,rusev,fandango,1,RR2015M,RR2015M
Men's,bray-wyatt,daniel-bryan,1,RR2015M,RR2015M
Men's,rusev,adam-rose,1,RR2015M,RR2015M
Men's,kofi-kingston,adam-rose,1,RR2015M,RR2015M
Men's,rusev,kofi-kingston,1,RR2015M,RR2015M
Men's,roman-reigns,cody-rhodes,1,RR2015M,RR2015M
Men's,rusev,damien-sandow,1,RR2015M,RR2015M
Men's,dean-ambrose,titus-oneil,1,RR2015M,RR2015M
Men's,rusev,big-e,1,RR2015M,RR2015M
Men's,kane,ryback,1,RR2015M,RR2015M
Men's,dolph-ziggler,wade-barrett,1,RR2015M,RR2015M
Men's,dolph-ziggler,cesaro,1,RR2015M,RR2015M
Men's,big-show,bray-wyatt,1,RR2015M,RR2015M
Men's,big-show,dean-ambrose,1,RR2015M,RR2015M
Men's,roman-reigns,kane,1,RR2015M,RR2015M
Men's,roman-reigns,big-show,1,RR2015M,RR2015M
Men's,roman-reigns,tyler-breeze,1,RR2016M,RR2016M
Men's,aj-styles,tyler-breeze,1,RR2016M,RR2016M
Men's,aj-styles,curtis-axel,1,RR2016M,RR2016M
Men's,titus-oneil,goldust,1,RR2016M,RR2016M
Men's,kane,r-truth,1,RR2016M,RR2016M
Men's,chris-jericho,kofi-kingston,1,RR2016M,RR2016M
Men's,big-show,titus-oneil,1,RR2016M,RR2016M
Men's,braun-strowman,kane,1,RR2016M,RR2016M
Men's,kevin-owens,aj-styles,1,RR2016M,RR2016M
Men's,sami-zayn,kevin-owens,1,RR2016M,RR2016M
Men's,luke-harper,neville,1,RR2016M,RR2016M
Men's,luke-harper,cody-rhodes,1,RR2016M,RR2016M
Men's,luke-harper,mark-henry,1,RR2016M,RR2016M
Men's,braun-strowman,sami-zayn,1,RR2016M,RR2016M
Men's,brock-lesnar,jack-swagger,1,RR2016M,RR2016M
Men's,brock-lesnar,luke-harper,1,RR2016M,RR2016M
Men's,bray-wyatt,brock-lesnar,1,RR2016M,RR2016M
Men's,roman-reigns,alberto-del-rio,1,RR2016M,RR2016M
Men's,hunter-hearst-helmsley,dolph-ziggler,1,RR2016M,RR2016M
Men's,sheamus,bray-wyatt,1,RR2016M,RR2016M
Men's,dean-ambrose,chris-jericho,1,RR2016M,RR2016M
Men's,hunter-hearst-helmsley,roman-reigns,1,RR2016M,RR2016M
Men's,hunter-hearst-helmsley,dean-ambrose,1,RR2016M,RR2016M
Men's,mark-henry,jack-gallagher,1,RR2017M,RR2017M
Men's,braun-strowman,mojo-rawley,1,RR2017M,RR2017M
Men's,braun-strowman,big-cass,1,RR2017M,RR2017M
Men's,braun-strowman,kalisto,1,RR2017M,RR2017M
Men's,braun-strowman,mark-henry,1,RR2017M,RR2017M
Men's,braun-strowman,james-ellsworth,1,RR2017M,RR2017M
Men's,braun-strowman,tye-dillinger,1,RR2017M,RR2017M
Men's,baron-corbin,braun-strowman,1,RR2017M,RR2017M
Men's,cesaro,kofi-kingston,1,RR2017M,RR2017M
Men's,cesaro,xavier-woods,1,RR2017M,RR2017M
Men's,sheamus,xavier-woods,1,RR2017M,RR2017M
Men's,cesaro,big-e,1,RR2017M,RR2017M
Men's,chris-jericho,cesaro,1,RR2017M,RR2017M
Men's,chris-jericho,sheamus,1,RR2017M,RR2017M
Men's,luke-harper,apollo-crews,1,RR2017M,RR2017M
Men's,brock-lesnar,dean-ambrose,1,RR2017M,RR2017M
Men's,brock-lesnar,dolph-ziggler,1,RR2017M,RR2017M
Men's,brock-lesnar,enzo-amore,1,RR2017M,RR2017M
Men's,goldberg,brock-lesnar,1,RR2017M,RR2017M
Men's,goldberg,rusev,1,RR2017M,RR2017M
Men's,the-undertaker,baron-corbin,1,RR2017M,RR2017M
Men's,goldberg,luke-harper,1,RR2017M,RR2017M
Men's,the-undertaker,goldberg,1,RR2017M,RR2017M
Men's,the-undertaker,the-miz,1,RR2017M,RR2017M
Men's,the-undertaker,sami-zayn,1,RR2017M,RR2017M
Men's,roman-reigns,the-undertaker,1,RR2017M,RR2017M
Men's,roman-reigns,chris-jericho,1,RR2017M,RR2017M
Men's,roman-reigns,bray-wyatt,1,RR2017M,RR2017M
Men's,randy-orton,roman-reigns,1,RR2017M,RR2017M
Men's,baron-corbin,rhyno,1,RR2018M,RR2018M
Men's,finn-balor,baron-corbin,1,RR2018M,RR2018M
Men's,heath-slater,sheamus,1,RR2018M,RR2018M
Men's,bray-wyatt,heath-slater,1,RR2018M,RR2018M
Men's,shinsuke-nakamura,sami-zayn,1,RR2018M,RR2018M
Men's,cesaro,apollo-crews,1,RR2018M,RR2018M
Men's,jinder-mahal,xavier-woods,1,RR2018M,RR2018M
Men's,jinder-mahal,big-e,1,RR2018M,RR2018M
Men's,kofi-kingston,jinder-mahal,1,RR2018M,RR2018M
Men's,andrade,kofi-kingston,1,RR2018M,RR2018M
Men's,bray-wyatt,rusev,1,RR2018M,RR2018M
Men's,matt-hardy,rusev,1,RR2018M,RR2018M
Men's,bray-wyatt,matt-hardy,1,RR2018M,RR2018M
Men's,matt-hardy,bray-wyatt,1,RR2018M,RR2018M
Men's,john-cena,elias,1,RR2018M,RR2018M
Men's,john-cena,the-hurricane,1,RR2018M,RR2018M
Men's,finn-balor,aiden-english,1,RR2018M,RR2018M
Men's,randy-orton,andrade,1,RR2018M,RR2018M
Men's,rey-mysterio,adam-cole,1,RR2018M,RR2018M
Men's,seth-rollins,the-miz,1,RR2018M,RR2018M
Men's,dolph-ziggler,goldust,1,RR2018M,RR2018M
Men's,finn-balor,dolph-ziggler,1,RR2018M,RR2018M
Men's,roman-reigns,randy-orton,1,RR2018M,RR2018M
Men's,finn-balor,rey-mysterio,1,RR2018M,RR2018M
Men's,shinsuke-nakamura,john-cena,1,RR2018M,RR2018M
Men's,shinsuke-nakamura,roman-reigns,1,RR2018M,RR2018M
Women's,lita,mandy-rose,1,RR2018W,RR2018W
Women's,lita,tamina,1,RR2018W,RR2018W
Women's,becky-lynch,lita,1,RR2018W,RR2018W
Women's,dana-brooke,kairi-sane,1,RR2018W,RR2018W
Women's,torrie-wilson,dana-brooke,1,RR2018W,RR2018W
Women's,sonya-deville,torrie-wilson,1,RR2018W,RR2018W
Women's,molly-holly,sarah-logan,1,RR2018W,RR2018W
Women's,michelle-mccool,sonya-deville,1,RR2018W,RR2018W
Women's,michelle-mccool,liv-morgan,1,RR2018W,RR2018W
Women's,michelle-mccool,molly-holly,1,RR2018W,RR2018W
Women's,michelle-mccool,lana,1,RR2018W,RR2018W
Women's,becky-lynch,vickie-guerrero,1,RR2018W,RR2018W
Women's,michelle-mccool,vickie-guerrero,1,RR2018W,RR2018W
Women's,ruby-riott,vickie-guerrero,1,RR2018W,RR2018W
Women's,sasha-banks,vickie-guerrero,1,RR2018W,RR2018W
Women's,natalya,michelle-mccool,1,RR2018W,RR2018W
Women's,ruby-riott,becky-lynch,1,RR2018W,RR2018W
Women's,nia-jax,jacqueline,1,RR2018W,RR2018W
Women's,nia-jax,kelly-kelly,1,RR2018W,RR2018W
Women's,nia-jax,ruby-riott,1,RR2018W,RR2018W
Women's,natalya,beth-phoenix,1,RR2018W,RR2018W
Women's,asuka,ember-moon,1,RR2018W,RR2018W
Women's,nikki-bella,carmella,1,RR2018W,RR2018W
Women's,trish-stratus,mickie-james,1,RR2018W,RR2018W
Women's,bayley,nia-jax,1,RR2018W,RR2018W
Women's,brie-bella,nia-jax,1,RR2018W,RR2018W
Women's,natalya,nia-jax,1,RR2018W,RR2018W
Women's,nikki-bella,nia-jax,1,RR2018W,RR2018W
Women's,trish-stratus,nia-jax,1,RR2018W,RR2018W
Women's,sasha-banks,bayley,1,RR2018W,RR2018W
Women's,trish-stratus,natalya,1,RR2018W,RR2018W
Women's,sasha-banks,trish-stratus,1,RR2018W,RR2018W
Women's,brie-bella,sasha-banks,1,RR2018W,RR2018W
Women's,nikki-bella,sasha-banks,1,RR2018W,RR2018W
Women's,nikki-bella,brie-bella,1,RR2018W,RR2018W
Women's,asuka,nikki-bella,1,RR2018W,RR2018W
Men's,elias,jeff-jarrett,1,RR2019M,RR2019M
Men's,shinsuke-nakamura,kurt-angle,1,RR2019M,RR2019M
Men's,johnny-gargano,jinder-mahal,1,RR2019M,RR2019M
Men's,samoa-joe,big-e,1,RR2019M,RR2019M
Men's,seth-rollins,elias,1,RR2019M,RR2019M
Men's,curt-hawkins,titus-oneil,1,RR2019M,RR2019M
Men's,samoa-joe,curt-hawkins,1,RR2019M,RR2019M
Men's,mustafa-ali,shinsuke-nakamura,1,RR2019M,RR2019M
Men's,dean-ambrose,johnny-gargano,1,RR2019M,RR2019M
Men's,samoa-joe,no-way-jose,1,RR2019M,RR2019M
Men's,drew-mcintyre,xavier-woods,1,RR2019M,RR2019M
Men's,drew-mcintyre,kofi-kingston,1,RR2019M,RR2019M
Men's,aleister-black,dean-ambrose,1,RR2019M,RR2019M
Men's,mustafa-ali,samoa-joe,1,RR2019M,RR2019M
Men's,baron-corbin,apollo-crews,1,RR2019M,RR2019M
Men's,baron-corbin,aleister-black,1,RR2019M,RR2019M
Men's,drew-mcintyre,pete-dunne,1,RR2019M,RR2019M
Men's,braun-strowman,baron-corbin,1,RR2019M,RR2019M
Men's,braun-strowman,shelton-benjamin,1,RR2019M,RR2019M
Men's,braun-strowman,jeff-hardy,1,RR2019M,RR2019M
Men's,drew-mcintyre,jeff-hardy,1,RR2019M,RR2019M
Men's,dolph-ziggler,drew-mcintyre,1,RR2019M,RR2019M
Men's,braun-strowman,drew-mcintyre,1,RR2019M,RR2019M
Men's,nia-jax,mustafa-ali,1,RR2019M,RR2019M
Men's,rey-mysterio,nia-jax,1,RR2019M,RR2019M
Men's,randy-orton,rey-mysterio,1,RR2019M,RR2019M
Men's,andrade,randy-orton,1,RR2019M,RR2019M
Men's,braun-strowman,andrade,1,RR2019M,RR2019M
Men's,braun-strowman,dolph-ziggler,1,RR2019M,RR2019M
Men's,seth-rollins,braun-strowman,1,RR2019M,RR2019M
Women's,natalya,liv-morgan,1,RR2019W,RR2019W
Women's,tamina,mickie-james,1,RR2019W,RR2019W
Women's,billie-kay,nikki-cross,1,RR2019W,RR2019W
Women's,peyton-royce,nikki-cross,1,RR2019W,RR2019W
Women's,lacey-evans,billie-kay,1,RR2019W,RR2019W
Women's,lacey-evans,peyton-royce,1,RR2019W,RR2019W
Women's,charlotte-flair,xia-li,1,RR2019W,RR2019W
Women's,charlotte-flair,tamina,1,RR2019W,RR2019W
Women's,natalya,sarah-logan,1,RR2019W,RR2019W
Women's,kairi-sane,sarah-logan,1,RR2019W,RR2019W
Women's,naomi,mandy-rose,1,RR2019W,RR2019W
Women's,mandy-rose,naomi,1,RR2019W,RR2019W
Women's,charlotte-flair,lacey-evans,1,RR2019W,RR2019W
Women's,alicia-fox,maria-kanellis,1,RR2019W,RR2019W
Women's,ruby-riott,alicia-fox,1,RR2019W,RR2019W
Women's,ruby-riott,candice-lerae,1,RR2019W,RR2019W
Women's,ruby-riott,kairi-sane,1,RR2019W,RR2019W
Women's,rhea-ripley,kacy-catanzaro,1,RR2019W,RR2019W
Women's,alexa-bliss,sonya-deville,1,RR2019W,RR2019W
Women's,bayley,rhea-ripley,1,RR2019W,RR2019W
Women's,nia-jax,natalya,1,RR2019W,RR2019W
Women's,alexa-bliss,ember-moon,1,RR2019W,RR2019W
Women's,bayley,alexa-bliss,1,RR2019W,RR2019W
Women's,carmella,alexa-bliss,1,RR2019W,RR2019W
Women's,charlotte-flair,carmella,1,RR2019W,RR2019W
Women's,nia-jax,bayley,1,RR2019W,RR2019W
Women's,charlotte-flair,bayley,1,RR2019W,RR2019W
Women's,becky-lynch,nia-jax,1,RR2019W,RR2019W
Women's,becky-lynch,charlotte-flair,1,RR2019W,RR2019W
Men's,brock-lesnar,elias,1,RR2020M,RR2020M
Men's,brock-lesnar,robert-roode,1,RR2020M,RR2020M
Men's,brock-lesnar,john-morrison,1,RR2020M,RR2020M
Men's,brock-lesnar,rey-mysterio,1,RR2020M,RR2020M
Men's,brock-lesnar,big-e,1,RR2020M,RR2020M
Men's,brock-lesnar,kofi-kingston,1,RR2020M,RR2020M
Men's,brock-lesnar,cesaro,1,RR2020M,RR2020M
Men's,brock-lesnar,shinsuke-nakamura,1,RR2020M,RR2020M
Men's,brock-lesnar,mvp,1,RR2020M,RR2020M
Men's,brock-lesnar,keith-lee,1,RR2020M,RR2020M
Men's,drew-mcintyre,brock-lesnar,1,RR2020M,RR2020M
Men's,drew-mcintyre,the-miz,1,RR2020M,RR2020M
Men's,edge,aj-styles,1,RR2020M,RR2020M
Men's,baron-corbin,matt-riddle,1,RR2020M,RR2020M
Men's,edge,luke-gallows,1,RR2020M,RR2020M
Men's,randy-orton,karl-anderson,1,RR2020M,RR2020M
Men's,seth-rollins,aleister-black,1,RR2020M,RR2020M
Men's,seth-rollins,kevin-owens,1,RR2020M,RR2020M
Men's,seth-rollins,samoa-joe,1,RR2020M,RR2020M
Men's,drew-mcintyre,seth-rollins,1,RR2020M,RR2020M
Men's,roman-reigns,edge,1,RR2020M,RR2020M
Men's,drew-mcintyre,roman-reigns,1,RR2020M,RR2020M
Women's,liv-morgan,lana,1,RR2020W,RR2020W
Women's,lana,liv-morgan,1,RR2020W,RR2020W
Women's,bianca-belair,molly-holly,1,RR2020W,RR2020W
Women's,mandy-rose,mercedes-martinez,1,RR2020W,RR2020W
Women's,sonya-deville,mercedes-martinez,1,RR2020W,RR2020W
Women's,bianca-belair,nikki-cross,1,RR2020W,RR2020W
Women's,bianca-belair,mandy-rose,1,RR2020W,RR2020W
Women's,bianca-belair,sonya-deville,1,RR2020W,RR2020W
Women's,bianca-belair,candice-lerae,1,RR2020W,RR2020W
Women's,alexa-bliss,kairi-sane,1,RR2020W,RR2020W
Women's,bianca-belair,tamina,1,RR2020W,RR2020W
Women's,alexa-bliss,mia-yim,1,RR2020W,RR2020W
Women's,chelsea-green,dakota-kai,1,RR2020W,RR2020W
Women's,alexa-bliss,chelsea-green,1,RR2020W,RR2020W
Women's,bianca-belair,dana-brooke,1,RR2020W,RR2020W
Women's,bianca-belair,alexa-bliss,1,RR2020W,RR2020W
Women's,charlotte-flair,sarah-logan,1,RR2020W,RR2020W
Women's,charlotte-flair,kelly-kelly,1,RR2020W,RR2020W
Women's,santino-marella,santino-marella,1,RR2020W,RR2020W
Women's,shayna-baszler,xia-li,1,RR2020W,RR2020W
Women's,shayna-baszler,tegan-nox,1,RR2020W,RR2020W
Women's,shayna-baszler,carmella,1,RR2020W,RR2020W
Women's,shayna-baszler,toni-storm,1,RR2020W,RR2020W
Women's,beth-phoenix,natalya,1,RR2020W,RR2020W
Women's,shayna-baszler,beth-phoenix,1,RR2020W,RR2020W
Men's,dolph-ziggler,jeff-hardy,1,RR2021M,RR2021M
Men's,big-e,sami-zayn,1,RR2021M,RR2021M
Men's,mustafa-ali,xavier-woods,1,RR2021M,RR2021M
Men's,big-e,mustafa-ali,1,RR2021M,RR2021M
Men's,elias,carlito,1,RR2021M,RR2021M
Men's,damian-priest,elias,1,RR2021M,RR2021M
Men's,damian-priest,the-miz,1,RR2021M,RR2021M
Men's,damian-priest,john-morrison,1,RR2021M,RR2021M
Men's,kane,ricochet,1,RR2021M,RR2021M
Men's,damian-priest,kane,1,RR2021M,RR2021M
Men's,baron-corbin,shinsuke-nakamura,1,RR2021M,RR2021M
Men's,baron-corbin,otis,1,RR2021M,RR2021M
Men's,dominik-mysterio,baron-corbin,1,RR2021M,RR2021M
Men's,bobby-lashley,dominik-mysterio,1,RR2021M,RR2021M
Men's,bobby-lashley,damian-priest,1,RR2021M,RR2021M
Men's,big-e,the-hurricane,1,RR2021M,RR2021M
Men's,bobby-lashley,the-hurricane,1,RR2021M,RR2021M
Men's,big-e,bobby-lashley,1,RR2021M,RR2021M
Men's,christian,bobby-lashley,1,RR2021M,RR2021M
Men's,daniel-bryan,bobby-lashley,1,RR2021M,RR2021M
Men's,matt-riddle,bobby-lashley,1,RR2021M,RR2021M
Men's,omos,big-e,1,RR2021M,RR2021M
Men's,omos,rey-mysterio,1,RR2021M,RR2021M
Men's,braun-strowman,cesaro,1,RR2021M,RR2021M
Men's,braun-strowman,sheamus,1,RR2021M,RR2021M
Men's,braun-strowman,aj-styles,1,RR2021M,RR2021M
Men's,seth-rollins,daniel-bryan,1,RR2021M,RR2021M
Men's,seth-rollins,matt-riddle,1,RR2021M,RR2021M
Men's,edge,braun-strowman,1,RR2021M,RR2021M
Men's,christian,braun-strowman,1,RR2021M,RR2021M
Men's,seth-rollins,christian,1,RR2021M,RR2021M
Men's,edge,seth-rollins,1,RR2021M,RR2021M
Women's,billie-kay,jillian-hall,1,RR2021W,RR2021W
Women's,liv-morgan,billie-kay,1,RR2021W,RR2021W
Women's,ruby-riott,billie-kay,1,RR2021W,RR2021W
Women's,rhea-ripley,toni-storm,1,RR2021W,RR2021W
Women's,shayna-baszler,victoria,1,RR2021W,RR2021W
Women's,rhea-ripley,santana-garrett,1,RR2021W,RR2021W
Women's,peyton-royce,liv-morgan,1,RR2021W,RR2021W
Women's,charlotte-flair,peyton-royce,1,RR2021W,RR2021W
Women's,shayna-baszler,torrie-wilson,1,RR2021W,RR2021W
Women's,bianca-belair,bayley,1,RR2021W,RR2021W
Women's,mandy-rose,alicia-fox,1,RR2021W,RR2021W
Women's,lacey-evans,mickie-james,1,RR2021W,RR2021W
Women's,rhea-ripley,dakota-kai,1,RR2021W,RR2021W
Women's,rhea-ripley,mandy-rose,1,RR2021W,RR2021W
Women's,carmella,nikki-cross,1,RR2021W,RR2021W
Women's,tamina,carmella,1,RR2021W,RR2021W
Women's,rhea-ripley,alexa-bliss,1,RR2021W,RR2021W
Women's,shayna-baszler,lacey-evans,1,RR2021W,RR2021W
Women's,nia-jax,ember-moon,1,RR2021W,RR2021W
Women's,shayna-baszler,tamina,1,RR2021W,RR2021W
Women's,nia-jax,tamina,1,RR2021W,RR2021W
Women's,lana,nia-jax,1,RR2021W,RR2021W
Women's,natalya,lana,1,RR2021W,RR2021W
Women's,bianca-belair,charlotte-flair,1,RR2021W,RR2021W
Women's,rhea-ripley,charlotte-flair,1,RR2021W,RR2021W
Women's,bianca-belair,rhea-ripley,1,RR2021W,RR2021W
Men's,aj-styles,robert-roode,1,RR2022M,RR2022M
Men's,aj-styles,shinsuke-nakamura,1,RR2022M,RR2022M
Men's,sami-zayn,johnny-knoxville,1,RR2022M,RR2022M
Men's,aj-styles,sami-zayn,1,RR2022M,RR2022M
Men's,omos,angelo-dawkins,1,RR2022M,RR2022M
Men's,omos,montez-ford,1,RR2022M,RR2022M
Men's,omos,damian-priest,1,RR2022M,RR2022M
Men's,aj-styles,omos,1,RR2022M,RR2022M
Men's,austin-theory,omos,1,RR2022M,RR2022M
Men's,chad-gable,omos,1,RR2022M,RR2022M
Men's,dominik-mysterio,omos,1,RR2022M,RR2022M
Men's,ricochet,omos,1,RR2022M,RR2022M
Men's,ridge-holland,omos,1,RR2022M,RR2022M
Men's,baron-corbin,ricochet,1,RR2022M,RR2022M
Men's,baron-corbin,dominik-mysterio,1,RR2022M,RR2022M
Men's,aj-styles,austin-theory,1,RR2022M,RR2022M
Men's,aj-styles,ridge-holland,1,RR2022M,RR2022M
Men's,rick-boogs,chad-gable,1,RR2022M,RR2022M
Men's,riddick-moss,aj-styles,1,RR2022M,RR2022M
Men's,baron-corbin,rick-boogs,1,RR2022M,RR2022M
Men's,drew-mcintyre,riddick-moss,1,RR2022M,RR2022M
Men's,kevin-owens,kofi-kingston,1,RR2022M,RR2022M
Men's,bad-bunny,sheamus,1,RR2022M,RR2022M
Men's,bad-bunny,dolph-ziggler,1,RR2022M,RR2022M
Men's,otis,rey-mysterio,1,RR2022M,RR2022M
Men's,shane-mcmahon,kevin-owens,1,RR2022M,RR2022M
Men's,randy-orton,big-e,1,RR2022M,RR2022M
Men's,matt-riddle,big-e,1,RR2022M,RR2022M
Men's,randy-orton,otis,1,RR2022M,RR2022M
Men's,matt-riddle,otis,1,RR2022M,RR2022M
Men's,brock-lesnar,randy-orton,1,RR2022M,RR2022M
Men's,brock-lesnar,bad-bunny,1,RR2022M,RR2022M
Men's,brock-lesnar,matt-riddle,1,RR2022M,RR2022M
Men's,brock-lesnar,shane-mcmahon,1,RR2022M,RR2022M
Men's,brock-lesnar,drew-mcintyre,1,RR2022M,RR2022M
Women's,sasha-banks,melina,1,RR2022W,RR2022W
Women's,sasha-banks,kelly-kelly,1,RR2022W,RR2022W
Women's,zelina-vega,sasha-banks,1,RR2022W,RR2022W
Women's,michelle-mccool,dana-brooke,1,RR2022W,RR2022W
Women's,natalya,tamina,1,RR2022W,RR2022W
Women's,sonya-deville,cameron,1,RR2022W,RR2022W
Women's,naomi,sonya-deville,1,RR2022W,RR2022W
Women's,rhea-ripley,carmella,1,RR2022W,RR2022W
Women's,charlotte-flair,aliyah,1,RR2022W,RR2022W
Women's,sonya-deville,naomi,1,RR2022W,RR2022W
Women's,rhea-ripley,ivory,1,RR2022W,RR2022W
Women's,mickie-james,michelle-mccool,1,RR2022W,RR2022W
Women's,natalya,summer-rae,1,RR2022W,RR2022W
Women's,nikki-bella,alicia-fox,1,RR2022W,RR2022W
Women's,brie-bella,sarah-logan,1,RR2022W,RR2022W
Women's,nikki-bella,sarah-logan,1,RR2022W,RR2022W
Women's,brie-bella,liv-morgan,1,RR2022W,RR2022W
Women's,lita,mickie-james,1,RR2022W,RR2022W
Women's,nikki-cross,molly-holly,1,RR2022W,RR2022W
Women's,ronda-rousey,nikki-cross,1,RR2022W,RR2022W
Women's,brie-bella,nikki-bella,1,RR2022W,RR2022W
Women's,ronda-rousey,brie-bella,1,RR2022W,RR2022W
Women's,ronda-rousey,shotzi-blackheart,1,RR2022W,RR2022W
Women's,charlotte-flair,lita,1,RR2022W,RR2022W
Women's,charlotte-flair,rhea-ripley,1,RR2022W,RR2022W
Women's,ronda-rousey,charlotte-flair,1,RR2022W,RR2022W
Men's,sheamus,the-miz,1,RR2023M,RR2023M
Men's,drew-mcintyre,karrion-kross,1,RR2023M,RR2023M
Men's,gunther,xavier-woods,1,RR2023M,RR2023M
Men's,brock-lesnar,santos-escobar,1,RR2023M,RR2023M
Men's,brock-lesnar,angelo-dawkins,1,RR2023M,RR2023M
Men's,brock-lesnar,chad-gable,1,RR2023M,RR2023M
Men's,bobby-lashley,brock-lesnar,1,RR2023M,RR2023M
Men's,seth-rollins,baron-corbin,1,RR2023M,RR2023M
Men's,drew-mcintyre,otis,1,RR2023M,RR2023M
Men's,sheamus,otis,1,RR2023M,RR2023M
Men's,drew-mcintyre,elias,1,RR2023M,RR2023M
Men's,sheamus,elias,1,RR2023M,RR2023M
Men's,dominik-mysterio,johnny-gargano,1,RR2023M,RR2023M
Men's,finn-balor,johnny-gargano,1,RR2023M,RR2023M
Men's,gunther,booker-t,1,RR2023M,RR2023M
Men's,edge,damian-priest,1,RR2023M,RR2023M
Men's,damian-priest,montez-ford,1,RR2023M,RR2023M
Men's,edge,finn-balor,1,RR2023M,RR2023M
Men's,finn-balor,edge,1,RR2023M,RR2023M
Men's,braun-strowman,omos,1,RR2023M,RR2023M
Men's,gunther,sheamus,1,RR2023M,RR2023M
Men's,gunther,drew-mcintyre,1,RR2023M,RR2023M
Men's,cody-rhodes,dominik-mysterio,1,RR2023M,RR2023M
Men's,cody-rhodes,braun-strowman,1,RR2023M,RR2023M
Men's,austin-theory,ricochet,1,RR2023M,RR2023M
Men's,logan-paul,seth-rollins,1,RR2023M,RR2023M
Men's,cody-rhodes,logan-paul,1,RR2023M,RR2023M
Women's,rhea-ripley,b-fab,1,RR2023W,RR2023W
Women's,bayley,dana-brooke,1,RR2023W,RR2023W
Women's,dakota-kai,dana-brooke,1,RR2023W,RR2023W
Women's,io-shirai,dana-brooke,1,RR2023W,RR2023W
Women's,dakota-kai,emma,1,RR2023W,RR2023W
Women's,bayley,roxanne-perez,1,RR2023W,RR2023W
Women's,dakota-kai,roxanne-perez,1,RR2023W,RR2023W
Women's,io-shirai,roxanne-perez,1,RR2023W,RR2023W
Women's,bayley,natalya,1,RR2023W,RR2023W
Women's,dakota-kai,natalya,1,RR2023W,RR2023W
Women's,io-shirai,natalya,1,RR2023W,RR2023W
Women's,dakota-kai,shayna-baszler,1,RR2023W,RR2023W
Women's,io-shirai,shayna-baszler,1,RR2023W,RR2023W
Women's,io-shirai,candice-lerae,1,RR2023W,RR2023W
Women's,asuka,tegan-nox,1,RR2023W,RR2023W
Women's,becky-lynch,dakota-kai,1,RR2023W,RR2023W
Women's,becky-lynch,io-shirai,1,RR2023W,RR2023W
Women's,bayley,becky-lynch,1,RR2023W,RR2023W
Women's,liv-morgan,bayley,1,RR2023W,RR2023W
Women's,zelina-vega,xia-li,1,RR2023W,RR2023W
Women's,michelle-mccool,tamina,1,RR2023W,RR2023W
Women's,sonya-deville,zoey-stark,1,RR2023W,RR2023W
Women's,lacey-evans,zelina-vega,1,RR2023W,RR2023W
Women's,sonya-deville,indi-hartwell,1,RR2023W,RR2023W
Women's,lacey-evans,nia-jax,1,RR2023W,RR2023W
Women's,liv-morgan,nia-jax,1,RR2023W,RR2023W
Women's,michelle-mccool,nia-jax,1,RR2023W,RR2023W
Women's,mia-yim,nia-jax,1,RR2023W,RR2023W
Women's,nikki-cross,nia-jax,1,RR2023W,RR2023W
Women's,piper-niven,nia-jax,1,RR2023W,RR2023W
Women's,raquel-rodriguez,nia-jax,1,RR2023W,RR2023W
Women's,rhea-ripley,nia-jax,1,RR2023W,RR2023W
Women's,sonya-deville,nia-jax,1,RR2023W,RR2023W
Women's,shotzi-blackheart,nia-jax,1,RR2023W,RR2023W
Women's,raquel-rodriguez,lacey-evans,1,RR2023W,RR2023W
Women's,asuka,sonya-deville,1,RR2023W,RR2023W
Women's,rhea-ripley,michelle-mccool,1,RR2023W,RR2023W
Women's,mia-yim,shotzi-blackheart,1,RR2023W,RR2023W
Women's,piper-niven,mia-yim,1,RR2023W,RR2023W
Women's,raquel-rodriguez,piper-niven,1,RR2023W,RR2023W
Women's,rhea-ripley,raquel-rodriguez,1,RR2023W,RR2023W
Women's,liv-morgan,nikki-cross,1,RR2023W,RR2023W
Women's,rhea-ripley,asuka,1,RR2023W,RR2023W
Women's,rhea-ripley,liv-morgan,1,RR2023W,RR2023W
Men's,carmelo-hayes,grayson-waller,1,RR2024M,RR2024M
Men's,carlito,santos-escobar,1,RR2024M,RR2024M
Men's,bobby-lashley,carlito,1,RR2024M,RR2024M
Men's,bobby-lashley,karrion-kross,1,RR2024M,RR2024M
Men's,karrion-kross,bobby-lashley,1,RR2024M,RR2024M
Men's,finn-balor,carmelo-hayes,1,RR2024M,RR2024M
Men's,bronson-reed,andrade,1,RR2024M,RR2024M
Men's,cody-rhodes,shinsuke-nakamura,1,RR2024M,RR2024M
Men's,kofi-kingston,ludwig-kaiser,1,RR2024M,RR2024M
Men's,bron-breakker,jimmy-uso,1,RR2024M,RR2024M
Men's,bron-breakker,finn-balor,1,RR2024M,RR2024M
Men's,omos,bronson-reed,1,RR2024M,RR2024M
Men's,bron-breakker,ivar,1,RR2024M,RR2024M
Men's,pat-mcafee,pat-mcafee,1,RR2024M,RR2024M
Men's,bron-breakker,omos,1,RR2024M,RR2024M
Men's,dominik-mysterio,bron-breakker,1,RR2024M,RR2024M
Men's,jey-uso,jd-mcdonagh,1,RR2024M,RR2024M
Men's,damian-priest,r-truth,1,RR2024M,RR2024M
Men's,cm-punk,dominik-mysterio,1,RR2024M,RR2024M
Men's,gunther,the-miz,1,RR2024M,RR2024M
Men's,gunther,jey-uso,1,RR2024M,RR2024M
Men's,sami-zayn,damian-priest,1,RR2024M,RR2024M
Men's,drew-mcintyre,sami-zayn,1,RR2024M,RR2024M
Men's,cm-punk,drew-mcintyre,1,RR2024M,RR2024M
Men's,cody-rhodes,cm-punk,1,RR2024M,RR2024M
Women's,bayley,indi-hartwell,1,RR2024W,RR2024W
Women's,asuka,candice-lerae,1,RR2024W,RR2024W
Women's,bayley,candice-lerae,1,RR2024W,RR2024W
Women's,kairi-sane,candice-lerae,1,RR2024W,RR2024W
Women's,tegan-nox,natalya,1,RR2024W,RR2024W
Women's,bayley,tegan-nox,1,RR2024W,RR2024W
Women's,kayden-carter,kairi-sane,1,RR2024W,RR2024W
Women's,kacy-catanzaro,asuka,1,RR2024W,RR2024W
Women's,kayden-carter,asuka,1,RR2024W,RR2024W
Women's,bianca-belair,jordynne-grace,1,RR2024W,RR2024W
Women's,piper-niven,kayden-carter,1,RR2024W,RR2024W
Women's,nia-jax,xia-li,1,RR2024W,RR2024W
Women's,nia-jax,ivy-nile,1,RR2024W,RR2024W
Women's,bayley,maxxine-dupri,1,RR2024W,RR2024W
Women's,nia-jax,piper-niven,1,RR2024W,RR2024W
Women's,nia-jax,kacy-catanzaro,1,RR2024W,RR2024W
Women's,becky-lynch,chelsea-green,1,RR2024W,RR2024W
Women's,nia-jax,sarah-logan,1,RR2024W,RR2024W
Women's,naomi,alba-fyre,1,RR2024W,RR2024W
Women's,zoey-stark,zelina-vega,1,RR2024W,RR2024W
Women's,nia-jax,mia-yim,1,RR2024W,RR2024W
Women's,nia-jax,shotzi-blackheart,1,RR2024W,RR2024W
Women's,jade-cargill,nia-jax,1,RR2024W,RR2024W
Women's,liv-morgan,zoey-stark,1,RR2024W,RR2024W
Women's,tiffany-stratton,roxanne-perez,1,RR2024W,RR2024W
Women's,naomi,becky-lynch,1,RR2024W,RR2024W
Women's,jade-cargill,becky-lynch,1,RR2024W,RR2024W
Women's,jade-cargill,naomi,1,RR2024W,RR2024W
Women's,bayley,bianca-belair,1,RR2024W,RR2024W
Women's,bayley,tiffany-stratton,1,RR2024W,RR2024W
Women's,liv-morgan,jade-cargill,1,RR2024W,RR2024W
Men's,bron-breakker,carmelo-hayes,1,RR2025M,RR2025M
Men's,bron-breakker,santos-escobar,1,RR2025M,RR2025M
Men's,bron-breakker,otis,1,RR2025M,RR2025M
Men's,ishowspeed,otis,1,RR2025M,RR2025M
Men's,otis,ishowspeed,1,RR2025M,RR2025M
Men's,jacob-fatu,chad-gable,1,RR2025M,RR2025M
Men's,jacob-fatu,rey-mysterio,1,RR2025M,RR2025M
Men's,jacob-fatu,andrade,1,RR2025M,RR2025M
Men's,penta,ludwig-kaiser,1,RR2025M,RR2025M
Men's,roman-reigns,joe-hendry,1,RR2025M,RR2025M
Men's,roman-reigns,bron-breakker,1,RR2025M,RR2025M
Men's,jacob-fatu,jimmy-uso,1,RR2025M,RR2025M
Men's,finn-balor,penta,1,RR2025M,RR2025M
Men's,jey-uso,shinsuke-nakamura,1,RR2025M,RR2025M
Men's,braun-strowman,jacob-fatu,1,RR2025M,RR2025M
Men's,john-cena,braun-strowman,1,RR2025M,RR2025M
Men's,damian-priest,dominik-mysterio,1,RR2025M,RR2025M
Men's,jey-uso,sami-zayn,1,RR2025M,RR2025M
Men's,damian-priest,drew-mcintyre,1,RR2025M,RR2025M
Men's,la-knight,damian-priest,1,RR2025M,RR2025M
Men's,aj-styles,la-knight,1,RR2025M,RR2025M
Men's,logan-paul,aj-styles,1,RR2025M,RR2025M
Men's,cm-punk,seth-rollins,1,RR2025M,RR2025M
Men's,cm-punk,roman-reigns,1,RR2025M,RR2025M
Men's,logan-paul,cm-punk,1,RR2025M,RR2025M
Men's,john-cena,logan-paul,1,RR2025M,RR2025M
Men's,jey-uso,john-cena,1,RR2025M,RR2025M
Women's,chelsea-green,b-fab,1,RR2025W,RR2025W
Women's,ivy-nile,lyra-valkyria,1,RR2025W,RR2025W
Women's,maxxine-dupri,ivy-nile,1,RR2025W,RR2025W
Women's,zoey-stark,maxxine-dupri,1,RR2025W,RR2025W
Women's,shayna-baszler,maxxine-dupri,1,RR2025W,RR2025W
Women's,sonya-deville,maxxine-dupri,1,RR2025W,RR2025W
Women's,bianca-belair,zoey-stark,1,RR2025W,RR2025W
Women's,naomi,zoey-stark,1,RR2025W,RR2025W
Women's,io-shirai,sonya-deville,1,RR2025W,RR2025W
Women's,chelsea-green,lash-legend,1,RR2025W,RR2025W
Women's,piper-niven,chelsea-green,1,RR2025W,RR2025W
Women's,jordynne-grace,jaida-parker,1,RR2025W,RR2025W
Women's,liv-morgan,alexa-bliss,1,RR2025W,RR2025W
Women's,charlotte-flair,mia-yim,1,RR2025W,RR2025W
Women's,charlotte-flair,piper-niven,1,RR2025W,RR2025W
Women's,giulia,jordynne-grace,1,RR2025W,RR2025W
Women's,nia-jax,zelina-vega,1,RR2025W,RR2025W
Women's,trish-stratus,candice-lerae,1,RR2025W,RR2025W
Women's,nia-jax,trish-stratus,1,RR2025W,RR2025W
Women's,nia-jax,raquel-rodriguez,1,RR2025W,RR2025W
Women's,nia-jax,stephanie-vaquer,1,RR2025W,RR2025W
Women's,nia-jax,bianca-belair,1,RR2025W,RR2025W
Women's,nia-jax,liv-morgan,1,RR2025W,RR2025W
Women's,roxanne-perez,giulia,1,RR2025W,RR2025W
Women's,nia-jax,nikki-bella,1,RR2025W,RR2025W
Women's,charlotte-flair,roxanne-perez,1,RR2025W,RR2025W
Men's,oba-femi,bron-breakker,1,RR2026M,RR2026M
Men's,oba-femi,rusev,1,RR2026M,RR2026M
Men's,oba-femi,solo-sikoa,1,RR2026M,RR2026M
Men's,oba-femi,rey-mysterio,1,RR2026M,RR2026M
Men's,oba-femi,zack-ryder,1,RR2026M,RR2026M
Men's,trick-williams,mr-iguana,1,RR2026M,RR2026M
Men's,el-grande-americano-i,el-grande-americano-ii,1,RR2026M,RR2026M
Men's,trick-williams,el-grande-americano-i,1,RR2026M,RR2026M
Men's,cody-rhodes,trick-williams,1,RR2026M,RR2026M
Men's,powerhouse-hobbs,damian-priest,1,RR2026M,RR2026M
Men's,bronson-reed,powerhouse-hobbs,1,RR2026M,RR2026M
Men's,austin-theory,la-parka-iii,1,RR2026M,RR2026M
Men's,bronson-reed,dragon-lee,1,RR2026M,RR2026M
Men's,la-knight,austin-theory,1,RR2026M,RR2026M
Men's,la-knight,bronson-reed,1,RR2026M,RR2026M
Men's,brock-lesnar,ilja-dragunov,1,RR2026M,RR2026M
Men's,brock-lesnar,rey-fenix,1,RR2026M,RR2026M
Men's,brock-lesnar,oba-femi,1,RR2026M,RR2026M
Men's,cody-rhodes,brock-lesnar,1,RR2026M,RR2026M
Men's,la-knight,brock-lesnar,1,RR2026M,RR2026M
Men's,cody-rhodes,la-knight,1,RR2026M,RR2026M
Men's,randy-orton,jevon-evans,1,RR2026M,RR2026M
Men's,gunther,penta,1,RR2026M,RR2026M
Men's,drew-mcintyre,cody-rhodes,1,RR2026M,RR2026M
Men's,roman-reigns,jacob-fatu,1,RR2026M,RR2026M
Men's,roman-reigns,jey-uso,1,RR2026M,RR2026M
Men's,roman-reigns,logan-paul,1,RR2026M,RR2026M
Men's,gunther,randy-orton,1,RR2026M,RR2026M
Men's,roman-reigns,gunther,1,RR2026M,RR2026M
Women's,jordynne-grace,lola-vice,1,RR2026W,RR2026W
Women's,jordynne-grace,candice-lerae,1,RR2026W,RR2026W
Women's,jordynne-grace,ivy-nile,1,RR2026W,RR2026W
Women's,charlotte-flair,alexa-bliss,1,RR2026W,RR2026W
Women's,becky-lynch,maxxine-dupri,1,RR2026W,RR2026W
Women's,natalya,becky-lynch,1,RR2026W,RR2026W
Women's,lash-legend,jordynne-grace,1,RR2026W,RR2026W
Women's,raquel-rodriguez,kiana-james,1,RR2026W,RR2026W
Women's,giulia,zelina-vega,1,RR2026W,RR2026W
Women's,rhea-ripley,roxanne-perez,1,RR2026W,RR2026W
Women's,lyra-valkyria,giulia,1,RR2026W,RR2026W
Women's,kairi-sane,asuka,1,RR2026W,RR2026W
Women's,io-shirai,kairi-sane,1,RR2026W,RR2026W
Women's,brie-bella,lyra-valkyria,1,RR2026W,RR2026W
Women's,jacy-jayne,kelani-jordan,1,RR2026W,RR2026W
Women's,sol-ruca,jacy-jayne,1,RR2026W,RR2026W
Women's,lash-legend,nikki-bella,1,RR2026W,RR2026W
Women's,lash-legend,brie-bella,1,RR2026W,RR2026W
Women's,lash-legend,charlotte-flair,1,RR2026W,RR2026W
Women's,lash-legend,io-shirai,1,RR2026W,RR2026W
Women's,rhea-ripley,lash-legend,1,RR2026W,RR2026W
Women's,raquel-rodriguez,rhea-ripley,1,RR2026W,RR2026W
Women's,liv-morgan,raquel-rodriguez,1,RR2026W,RR2026W
Women's,tiffany-stratton,sol-ruca,1,RR2026W,RR2026W
Women's,liv-morgan,tiffany-stratton,1,RR2026W,RR2026W
Men's,diesel,kama,1,RR1996M,RR1996M
