event_id,division,entrance_rows_count,timed_entrance_count,median_entrance_duration_seconds,median_entrance_duration,average_entrance_duration_seconds,shortest_entrance_seconds,longest_entrance_seconds,latest_physical_entry_seconds,latest_physical_entry_time,latest_physical_entry_wrestler_id,advertised_interval_seconds,interval_sample_size,median_actual_interval_seconds,largest_interval_variance_seconds,largest_interval_variance_wrestler_id,largest_interval_actual_seconds,data_quality_status,notes
RR1988M,Men's,18,18,7.0,0:07,9.3,3,33,1660,27:40,junkyard-dog,120,17,89,-69,one-man-gang,51,DERIVED,DERIVED from entrances.csv; no new factual claims or inferred timestamps. Entrance duration coverage: 18 of 18 entrance rows.
RR1989M,Men's,28,26,11.5,0:11.5,15.0,7,36,3268,54:28,rick-martel,120,27,120,3,one-man-gang,123,DERIVED,DERIVED from entrances.csv; no new factual claims or inferred timestamps. Entrance duration coverage: 26 of 28 entrance rows.
RR1990M,Men's,28,28,8.0,0:08,9.9,0,27,3311,55:11,mr-perfect,120,27,120,-69,rick-rude,51,DERIVED,DERIVED from entrances.csv; no new factual claims or inferred timestamps. Entrance duration coverage: 28 of 28 entrance rows.
RR1991M,Men's,28,27,7,0:07,10.7,5,37,3381,56:21,tugboat,120,27,120,2,saba-simba,122,DERIVED,DERIVED from entrances.csv; no new factual claims or inferred timestamps. Entrance duration coverage: 27 of 28 entrance rows.
RR1992M,Men's,28,28,13.5,0:13.5,16.5,6,42,3511,58:31,the-warlord,120,27,121,81,the-berzerker,201,DERIVED,DERIVED from entrances.csv; no new factual claims or inferred timestamps. Entrance duration coverage: 28 of 28 entrance rows.
RR1993M,Men's,28,28,8.0,0:08,19.2,5,201,3457,57:37,randy-savage,120,27,123,12,carlos-colon,132,DERIVED,DERIVED from entrances.csv; no new factual claims or inferred timestamps. Entrance duration coverage: 28 of 28 entrance rows.
RR1994M,Men's,28,27,14,0:14,17.0,8,36,2694,44:54,adam-bomb,,0,,,,,DERIVED,DERIVED from entrances.csv; no new factual claims or inferred timestamps. Entrance duration coverage: 27 of 28 entrance rows.
RR1995M,Men's,28,28,9.5,0:09.5,14.3,4,72,1705,28:25,demolition-crush,60,27,60,11,dick-murdoch,71,DERIVED,DERIVED from entrances.csv; no new factual claims or inferred timestamps. Entrance duration coverage: 28 of 28 entrance rows.
RR1996M,Men's,28,28,17.0,0:17,23.3,7,127,3417,56:57,duke-droese,,0,,,,,DERIVED,DERIVED from entrances.csv; no new factual claims or inferred timestamps. Entrance duration coverage: 28 of 28 entrance rows.
RR1997M,Men's,28,28,21.0,0:21,19.9,10,43,2612,43:32,the-undertaker,90,27,90,11,steve-austin,101,DERIVED,DERIVED from entrances.csv; no new factual claims or inferred timestamps. Entrance duration coverage: 28 of 28 entrance rows.
RR1998M,Men's,28,27,15,0:15,53.3,5,1006,3016,50:16,vader,,0,,,,,DERIVED,DERIVED from entrances.csv; no new factual claims or inferred timestamps. Entrance duration coverage: 27 of 28 entrance rows.
RR1999M,Men's,28,28,14.5,0:14.5,20.6,7,64,2826,47:06,chyna,90,27,96,61,gangrel,151,DERIVED,DERIVED from entrances.csv; no new factual claims or inferred timestamps. Entrance duration coverage: 28 of 28 entrance rows.
RR2000M,Men's,28,28,11.5,0:11.5,19.0,4,132,2815,46:55,1-2-3-kid,,0,,,,,DERIVED,DERIVED from entrances.csv; no new factual claims or inferred timestamps. Entrance duration coverage: 28 of 28 entrance rows.
RR2001M,Men's,28,28,9.5,0:09.5,29.2,1,361,3138,52:18,steve-austin,120,27,109,-24,billy-gunn,96,DERIVED,DERIVED from entrances.csv; no new factual claims or inferred timestamps. Entrance duration coverage: 28 of 28 entrance rows.
RR2002M,Men's,28,28,19.0,0:19,34.7,8,214,3693,61:33,booker-t,,0,,,,,DERIVED,DERIVED from entrances.csv; no new factual claims or inferred timestamps. Entrance duration coverage: 28 of 28 entrance rows.
RR2003M,Men's,28,28,13.5,0:13.5,23.3,7,177,2820,47:00,the-undertaker,90,27,96,31,eddie-guerrero,121,DERIVED,DERIVED from entrances.csv; no new factual claims or inferred timestamps. Entrance duration coverage: 28 of 28 entrance rows.
RR2004M,Men's,29,27,16,0:16,38.8,7,533,2889,48:09,bill-goldberg,,0,,,,,DERIVED,DERIVED from entrances.csv; no new factual claims or inferred timestamps. Entrance duration coverage: 27 of 29 entrance rows.
RR2005M,Men's,28,27,20,0:20,22.0,7,93,2767,46:07,ric-flair,90,27,96,55,hardcore-holly,145,DERIVED,DERIVED from entrances.csv; no new factual claims or inferred timestamps. Entrance duration coverage: 27 of 28 entrance rows.
RR2006M,Men's,28,28,17.0,0:17,18.3,8,30,2949,49:09,randy-orton,,0,,,,,DERIVED,DERIVED from entrances.csv; no new factual claims or inferred timestamps. Entrance duration coverage: 28 of 28 entrance rows.
RR2007M,Men's,28,28,12.0,0:12,14.9,7,33,2584,43:04,the-undertaker,90,27,91,22,cm-punk,112,DERIVED,DERIVED from entrances.csv; no new factual claims or inferred timestamps. Entrance duration coverage: 28 of 28 entrance rows.
RR2008M,Men's,27,27,13,0:13,72.1,7,1545,2208,36:48,hornswoggle,90,24,90.0,47,john-cena,137,DERIVED,DERIVED from entrances.csv; no new factual claims or inferred timestamps. Entrance duration coverage: 27 of 27 entrance rows. Excluded 4 absolute enters-ring timestamp(s) beyond the recorded match duration. Excluded 1 source-clock interval discontinuity value(s).
RR2009M,Men's,28,28,14.5,0:14.5,17.5,6,47,2778,46:18,big-show,90,27,97,23,mike-knox,113,DERIVED,DERIVED from entrances.csv; no new factual claims or inferred timestamps. Entrance duration coverage: 28 of 28 entrance rows.
RR2010M,Men's,28,28,13.0,0:13,23.0,8,202,2601,43:21,batista,90,27,91,28,edge,118,DERIVED,DERIVED from entrances.csv; no new factual claims or inferred timestamps. Entrance duration coverage: 28 of 28 entrance rows.
RR2011M,Men's,38,38,12.5,0:12.5,18.1,5,115,3712,61:52,kane,90,37,91,53,hornswoggle,143,DERIVED,DERIVED from entrances.csv; no new factual claims or inferred timestamps. Entrance duration coverage: 38 of 38 entrance rows.
RR2012M,Men's,28,28,18.0,0:18,22.2,8,63,2719,45:19,big-show,90,27,90,41,santino-marella,131,DERIVED,DERIVED from entrances.csv; no new factual claims or inferred timestamps. Entrance duration coverage: 28 of 28 entrance rows.
RR2013M,Men's,28,28,14.0,0:14,17.2,8,49,2776,46:16,ryback,90,27,95,57,ryback,147,DERIVED,DERIVED from entrances.csv; no new factual claims or inferred timestamps. Entrance duration coverage: 28 of 28 entrance rows.
RR2014M,Men's,28,28,12.0,0:12,14.9,8,32,2733,45:33,rey-mysterio,90,27,92,56,dean-ambrose,146,DERIVED,DERIVED from entrances.csv; no new factual claims or inferred timestamps. Entrance duration coverage: 28 of 28 entrance rows.
RR2015M,Men's,28,28,20.5,0:20.5,24.4,11,57,3032,50:32,dolph-ziggler,90,27,105,65,luke-harper,155,DERIVED,DERIVED from entrances.csv; no new factual claims or inferred timestamps. Entrance duration coverage: 28 of 28 entrance rows.
RR2016M,Men's,28,28,24.0,0:24,51,12,439,3326,55:26,sheamus,90,27,107,91,dolph-ziggler,181,DERIVED,DERIVED from entrances.csv; no new factual claims or inferred timestamps. Entrance duration coverage: 28 of 28 entrance rows.
RR2017M,Men's,28,28,31.5,0:31.5,39.0,15,137,3422,57:02,roman-reigns,,0,,,,,DERIVED,DERIVED from entrances.csv; no new factual claims or inferred timestamps. Entrance duration coverage: 28 of 28 entrance rows.
RR2018M,Men's,28,28,19.5,0:19.5,48.4,8,682,2884,48:04,dolph-ziggler,,0,,,,,DERIVED,DERIVED from entrances.csv; no new factual claims or inferred timestamps. Entrance duration coverage: 28 of 28 entrance rows.
RR2018W,Women's,28,28,21.5,0:21.5,27.4,11,111,2851,47:31,trish-stratus,,0,,,,,DERIVED,DERIVED from entrances.csv; no new factual claims or inferred timestamps. Entrance duration coverage: 28 of 28 entrance rows.
RR2019M,Men's,28,28,28.0,0:28,32.6,17,67,2902,48:22,nia-jax,,0,,,,,DERIVED,DERIVED from entrances.csv; no new factual claims or inferred timestamps. Entrance duration coverage: 28 of 28 entrance rows.
RR2019W,Women's,28,28,28.5,0:28.5,48.7,13,365,3482,58:02,becky-lynch,,0,,,,,DERIVED,DERIVED from entrances.csv; no new factual claims or inferred timestamps. Entrance duration coverage: 28 of 28 entrance rows.
RR2020M,Men's,28,28,31.0,0:31,34.0,12,81,3045,50:45,seth-rollins,,0,,,,,DERIVED,DERIVED from entrances.csv; no new factual claims or inferred timestamps. Entrance duration coverage: 28 of 28 entrance rows.
RR2020W,Women's,28,28,22.5,0:22.5,26.3,15,62,2989,49:49,shayna-baszler,,0,,,,,DERIVED,DERIVED from entrances.csv; no new factual claims or inferred timestamps. Entrance duration coverage: 28 of 28 entrance rows.
RR2021M,Men's,28,28,19.0,0:19,23.9,8,62,3035,50:35,braun-strowman,,0,,,,,DERIVED,DERIVED from entrances.csv; no new factual claims or inferred timestamps. Entrance duration coverage: 28 of 28 entrance rows.
RR2021W,Women's,28,28,27.5,0:27.5,47.2,13,445,3071,51:11,natalya,90,27,100,117,natalya,207,DERIVED,DERIVED from entrances.csv; no new factual claims or inferred timestamps. Entrance duration coverage: 28 of 28 entrance rows.
RR2022M,Men's,28,28,24.5,0:24.5,24.9,10,44,2921,48:41,brock-lesnar,,0,,,,,DERIVED,DERIVED from entrances.csv; no new factual claims or inferred timestamps. Entrance duration coverage: 28 of 28 entrance rows.
RR2022W,Women's,28,28,29.5,0:29.5,45.8,15,287,3172,52:52,shayna-baszler,,0,,,,,DERIVED,DERIVED from entrances.csv; no new factual claims or inferred timestamps. Entrance duration coverage: 28 of 28 entrance rows.
RR2023M,Men's,28,27,39,0:39,52.3,16,184,3393,56:33,cody-rhodes,,0,,,,,DERIVED,DERIVED from entrances.csv; no new factual claims or inferred timestamps. Entrance duration coverage: 27 of 28 entrance rows.
RR2023W,Women's,28,28,33.5,0:33.5,36.4,16,68,3104,51:44,nia-jax,,0,,,,,DERIVED,DERIVED from entrances.csv; no new factual claims or inferred timestamps. Entrance duration coverage: 28 of 28 entrance rows.
RR2024M,Men's,28,0,,,,,,,,,,0,,,,,DERIVED,DERIVED from entrances.csv; no new factual claims or inferred timestamps. Entrance duration coverage: 0 of 28 entrance rows.
RR2024W,Women's,28,0,,,,,,,,,,0,,,,,DERIVED,DERIVED from entrances.csv; no new factual claims or inferred timestamps. Entrance duration coverage: 0 of 28 entrance rows.
RR2025M,Men's,28,0,,,,,,,,,,0,,,,,DERIVED,DERIVED from entrances.csv; no new factual claims or inferred timestamps. Entrance duration coverage: 0 of 28 entrance rows.
RR2025W,Women's,28,0,,,,,,,,,,0,,,,,DERIVED,DERIVED from entrances.csv; no new factual claims or inferred timestamps. Entrance duration coverage: 0 of 28 entrance rows.
RR2026M,Men's,28,0,,,,,,,,,,0,,,,,DERIVED,DERIVED from entrances.csv; no new factual claims or inferred timestamps. Entrance duration coverage: 0 of 28 entrance rows.
RR2026W,Women's,28,0,,,,,,,,,,0,,,,,DERIVED,DERIVED from entrances.csv; no new factual claims or inferred timestamps. Entrance duration coverage: 0 of 28 entrance rows.
