division,entry_number,events_sample_size,wins,win_rate,avg_survival_seconds,median_survival_seconds,avg_eliminations,final_four_rate,runner_up_count
Men's,1,39,3,7.7,1822.6,1696,2.69,23.1,2
Men's,2,39,2,5.1,1470.9,1172,1.28,17.9,2
Men's,3,39,1,2.6,556.9,263,0.59,2.6,0
Men's,4,39,0,0.0,656.1,358,0.56,0.0,1
Men's,5,39,1,2.6,652.7,251,0.92,5.1,0
Men's,6,39,0,0.0,782.8,550,0.92,2.6,1
Men's,7,39,0,0.0,687.0,496,1.05,5.1,1
Men's,8,40,1,2.5,789.1,484,0.78,7.5,0
Men's,9,39,0,0.0,595.7,467,0.67,0.0,0
Men's,10,39,1,2.6,626.3,379,0.74,5.1,0
Men's,11,39,0,0.0,708.8,424,1.08,5.1,0
Men's,12,39,0,0.0,577.9,433,0.74,0.0,0
Men's,13,39,1,2.6,647.8,489,0.87,5.1,0
Men's,14,39,1,2.6,592.6,325,0.72,2.6,0
Men's,15,39,1,2.6,749.3,447,1.38,12.8,2
Men's,16,39,1,2.6,678.3,542,0.9,5.1,0
Men's,17,39,0,0.0,639.4,586,0.74,5.1,0
Men's,18,39,1,2.6,666.4,670,1.26,5.1,0
Men's,19,39,2,5.1,621.2,297,1.33,20.5,3
Men's,20,39,1,2.6,615.3,428,0.69,15.4,0
Men's,21,39,0,0.0,581.6,401,0.85,12.8,2
Men's,22,38,2,5.3,575.4,459,1.26,10.5,2
Men's,23,38,2,5.3,589.4,545,0.97,13.2,2
Men's,24,38,3,7.9,482.2,423,0.97,13.2,1
Men's,25,38,1,2.6,574.2,663,0.66,13.2,1
Men's,26,38,1,2.6,450.0,427,0.84,15.8,3
Men's,27,38,4,10.5,382.4,347,1.05,13.2,2
Men's,28,38,2,5.3,424.4,371,1.26,28.9,1
Men's,29,38,2,5.3,347.1,329,1.18,34.2,3
Men's,30,38,5,13.2,350.9,296,2.08,52.6,8
Men's,31,1,0,0.0,432.0,432,0.0,0.0,0
Men's,32,1,0,0.0,166.0,166,0.0,0.0,0
Men's,33,1,0,0.0,287.0,287,0.0,0.0,0
Men's,34,1,0,0.0,170.0,170,0.0,0.0,0
Men's,35,1,0,0.0,90.0,90,2.0,0.0,0
Men's,36,1,0,0.0,435.0,435,1.0,0.0,0
Men's,37,1,0,0.0,776.0,776,0.0,100.0,1
Men's,38,1,1,100.0,573.0,573,2.0,100.0,0
Men's,39,1,0,0.0,499.0,499,3.0,100.0,0
Men's,40,1,0,0.0,96.0,96,1.0,0.0,0
Women's,1,9,1,11.1,2387.9,1760,2.44,22.2,0
Women's,2,9,0,0.0,2484.7,2860,2.11,11.1,1
Women's,3,9,2,22.2,1975.2,1550,1.44,33.3,1
Women's,4,9,0,0.0,531.2,569,0.11,0.0,0
Women's,5,9,0,0.0,743.1,698,0.56,0.0,0
Women's,6,9,0,0.0,1244.8,494,1.22,0.0,0
Women's,7,9,0,0.0,485.1,565,0.56,0.0,0
Women's,8,9,0,0.0,907.4,540,0.78,11.1,0
Women's,9,9,0,0.0,712.6,541,1.11,0.0,0
Women's,10,9,0,0.0,1448.7,1249,1.33,11.1,0
Women's,11,9,0,0.0,477.1,312,0.56,0.0,0
Women's,12,9,0,0.0,755.6,311,0.56,0.0,0
Women's,13,9,0,0.0,888.4,397,1.11,11.1,1
Women's,14,9,1,11.1,1005.9,930,2.0,22.2,1
Women's,15,9,0,0.0,1040.8,692,1.33,11.1,0
Women's,16,9,0,0.0,432.1,221,0.56,0.0,0
Women's,17,9,1,11.1,1359.4,1450,1.67,44.4,1
Women's,18,9,0,0.0,898.8,1034,0.78,0.0,0
Women's,19,9,0,0.0,904.7,915,1.56,11.1,0
Women's,20,9,0,0.0,775.2,702,0.22,0.0,0
Women's,21,9,0,0.0,569.2,661,0.56,0.0,0
Women's,22,9,0,0.0,749.8,733,1.33,0.0,0
Women's,23,9,0,0.0,642.3,801,0.33,11.1,0
Women's,24,9,0,0.0,532.9,520,1.0,0.0,0
Women's,25,9,1,11.1,593.6,571,0.89,11.1,0
Women's,26,9,0,0.0,601.6,598,0.67,0.0,0
Women's,27,9,1,11.1,547.4,562,1.56,33.3,1
Women's,28,9,2,22.2,484.6,608,1.56,44.4,0
Women's,29,9,0,0.0,366.1,410,2.22,44.4,0
Women's,30,9,0,0.0,326.8,331,1.89,66.7,3
