event_id,division,actual_entrant_count,billed_weight_count,weight_coverage_percentage,combined_billed_weight_kg,average_billed_weight_kg,billed_height_count,height_coverage_percentage,combined_billed_height_m,average_billed_height_m,data_quality_status,notes
RR1988M,Men's,20,20,100.0,2475.0,123.8,20,100.0,37.96,1.898,DERIVED,Actual entrants only; genuine no-shows are excluded and winners retained. Combined and average values are blank unless every actual entrant has the relevant appearance-specific field.
RR1989M,Men's,30,30,100.0,3785.0,126.2,30,100.0,57.06,1.902,DERIVED,Actual entrants only; genuine no-shows are excluded and winners retained. Combined and average values are blank unless every actual entrant has the relevant appearance-specific field.
RR1990M,Men's,30,30,100.0,3825.0,127.5,30,100.0,56.92,1.897,DERIVED,Actual entrants only; genuine no-shows are excluded and winners retained. Combined and average values are blank unless every actual entrant has the relevant appearance-specific field.
RR1991M,Men's,29,29,100.0,3629.0,125.1,29,100.0,54.69,1.886,DERIVED,Actual entrants only; genuine no-shows are excluded and winners retained. Combined and average values are blank unless every actual entrant has the relevant appearance-specific field.
RR1992M,Men's,30,30,100.0,3657.0,121.9,30,100.0,57.03,1.901,DERIVED,Actual entrants only; genuine no-shows are excluded and winners retained. Combined and average values are blank unless every actual entrant has the relevant appearance-specific field.
RR1993M,Men's,30,30,100.0,3819.0,127.3,30,100.0,56.43,1.881,DERIVED,Actual entrants only; genuine no-shows are excluded and winners retained. Combined and average values are blank unless every actual entrant has the relevant appearance-specific field.
RR1994M,Men's,29,29,100.0,3572.0,123.2,29,100.0,54.46,1.878,DERIVED,Actual entrants only; genuine no-shows are excluded and winners retained. Combined and average values are blank unless every actual entrant has the relevant appearance-specific field.
RR1995M,Men's,30,30,100.0,3826.0,127.5,30,100.0,56.43,1.881,DERIVED,Actual entrants only; genuine no-shows are excluded and winners retained. Combined and average values are blank unless every actual entrant has the relevant appearance-specific field.
RR1996M,Men's,30,30,100.0,3901.0,130.0,30,100.0,56.55,1.885,DERIVED,Actual entrants only; genuine no-shows are excluded and winners retained. Combined and average values are blank unless every actual entrant has the relevant appearance-specific field.
RR1997M,Men's,30,30,100.0,3636.0,121.2,30,100.0,56.82,1.894,DERIVED,Actual entrants only; genuine no-shows are excluded and winners retained. Combined and average values are blank unless every actual entrant has the relevant appearance-specific field.
RR1998M,Men's,29,29,100.0,3668.0,126.5,29,100.0,55.19,1.903,DERIVED,Actual entrants only; genuine no-shows are excluded and winners retained. Combined and average values are blank unless every actual entrant has the relevant appearance-specific field.
RR1999M,Men's,30,30,100.0,3805.0,126.8,30,100.0,57.62,1.921,DERIVED,Actual entrants only; genuine no-shows are excluded and winners retained. Combined and average values are blank unless every actual entrant has the relevant appearance-specific field.
RR2000M,Men's,30,30,100.0,3766.0,125.5,30,100.0,56.97,1.899,DERIVED,Actual entrants only; genuine no-shows are excluded and winners retained. Combined and average values are blank unless every actual entrant has the relevant appearance-specific field.
RR2001M,Men's,30,30,100.0,3666.0,122.2,30,100.0,56.86,1.895,DERIVED,Actual entrants only; genuine no-shows are excluded and winners retained. Combined and average values are blank unless every actual entrant has the relevant appearance-specific field.
RR2002M,Men's,30,30,100.0,3726.0,124.2,30,100.0,57.58,1.919,DERIVED,Actual entrants only; genuine no-shows are excluded and winners retained. Combined and average values are blank unless every actual entrant has the relevant appearance-specific field.
RR2003M,Men's,30,30,100.0,3603.0,120.1,30,100.0,56.84,1.895,DERIVED,Actual entrants only; genuine no-shows are excluded and winners retained. Combined and average values are blank unless every actual entrant has the relevant appearance-specific field.
RR2004M,Men's,29,29,100.0,3569.0,123.1,29,100.0,54.91,1.893,DERIVED,Actual entrants only; genuine no-shows are excluded and winners retained. Combined and average values are blank unless every actual entrant has the relevant appearance-specific field.
RR2005M,Men's,29,29,100.0,3319.0,114.4,29,100.0,54.83,1.891,DERIVED,Actual entrants only; genuine no-shows are excluded and winners retained. Combined and average values are blank unless every actual entrant has the relevant appearance-specific field.
RR2006M,Men's,30,30,100.0,3506.0,116.9,30,100.0,56.32,1.877,DERIVED,Actual entrants only; genuine no-shows are excluded and winners retained. Combined and average values are blank unless every actual entrant has the relevant appearance-specific field.
RR2007M,Men's,30,30,100.0,3457.0,115.2,30,100.0,56.85,1.895,DERIVED,Actual entrants only; genuine no-shows are excluded and winners retained. Combined and average values are blank unless every actual entrant has the relevant appearance-specific field.
RR2008M,Men's,29,29,100.0,3480.0,120.0,29,100.0,54.72,1.887,DERIVED,Actual entrants only; genuine no-shows are excluded and winners retained. Combined and average values are blank unless every actual entrant has the relevant appearance-specific field.
RR2009M,Men's,30,30,100.0,3484.0,116.1,30,100.0,57.24,1.908,DERIVED,Actual entrants only; genuine no-shows are excluded and winners retained. Combined and average values are blank unless every actual entrant has the relevant appearance-specific field.
RR2010M,Men's,30,30,100.0,3432.0,114.4,30,100.0,57.05,1.902,DERIVED,Actual entrants only; genuine no-shows are excluded and winners retained. Combined and average values are blank unless every actual entrant has the relevant appearance-specific field.
RR2011M,Men's,40,40,100.0,4590.0,114.8,40,100.0,75.84,1.896,DERIVED,Actual entrants only; genuine no-shows are excluded and winners retained. Combined and average values are blank unless every actual entrant has the relevant appearance-specific field.
RR2012M,Men's,30,30,100.0,3391.0,113.0,30,100.0,56.54,1.885,DERIVED,Actual entrants only; genuine no-shows are excluded and winners retained. Combined and average values are blank unless every actual entrant has the relevant appearance-specific field.
RR2013M,Men's,30,30,100.0,3445.0,114.8,30,100.0,57.22,1.907,DERIVED,Actual entrants only; genuine no-shows are excluded and winners retained. Combined and average values are blank unless every actual entrant has the relevant appearance-specific field.
RR2014M,Men's,30,30,100.0,3440.0,114.7,30,100.0,57.22,1.907,DERIVED,Actual entrants only; genuine no-shows are excluded and winners retained. Combined and average values are blank unless every actual entrant has the relevant appearance-specific field.
RR2015M,Men's,29,29,100.0,3380.0,116.6,29,100.0,55.35,1.909,DERIVED,Actual entrants only; genuine no-shows are excluded and winners retained. Combined and average values are blank unless every actual entrant has the relevant appearance-specific field.
RR2016M,Men's,30,30,100.0,3609.0,120.3,30,100.0,57.41,1.914,DERIVED,Actual entrants only; genuine no-shows are excluded and winners retained. Combined and average values are blank unless every actual entrant has the relevant appearance-specific field.
RR2017M,Men's,30,30,100.0,3519.0,117.3,30,100.0,56.96,1.899,DERIVED,Actual entrants only; genuine no-shows are excluded and winners retained. Combined and average values are blank unless every actual entrant has the relevant appearance-specific field.
RR2018M,Men's,30,30,100.0,3210.0,107.0,30,100.0,56.02,1.867,DERIVED,Actual entrants only; genuine no-shows are excluded and winners retained. Combined and average values are blank unless every actual entrant has the relevant appearance-specific field.
RR2018W,Women's,30,30,100.0,1804.0,60.1,30,100.0,49.87,1.662,DERIVED,Actual entrants only; genuine no-shows are excluded and winners retained. Combined and average values are blank unless every actual entrant has the relevant appearance-specific field.
RR2019M,Men's,30,30,100.0,3230.0,107.7,30,100.0,55.84,1.861,DERIVED,Actual entrants only; genuine no-shows are excluded and winners retained. Combined and average values are blank unless every actual entrant has the relevant appearance-specific field.
RR2019W,Women's,30,30,100.0,1775.0,59.2,30,100.0,49.58,1.653,DERIVED,Actual entrants only; genuine no-shows are excluded and winners retained. Combined and average values are blank unless every actual entrant has the relevant appearance-specific field.
RR2020M,Men's,30,30,100.0,3364.0,112.1,30,100.0,56.48,1.883,DERIVED,Actual entrants only; genuine no-shows are excluded and winners retained. Combined and average values are blank unless every actual entrant has the relevant appearance-specific field.
RR2020W,Women's,30,30,100.0,1807.0,60.2,30,100.0,49.83,1.661,DERIVED,Actual entrants only; genuine no-shows are excluded and winners retained. Combined and average values are blank unless every actual entrant has the relevant appearance-specific field.
RR2021M,Men's,30,30,100.0,3212.0,107.1,30,100.0,55.96,1.865,DERIVED,Actual entrants only; genuine no-shows are excluded and winners retained. Combined and average values are blank unless every actual entrant has the relevant appearance-specific field.
RR2021W,Women's,30,30,100.0,1835.0,61.2,30,100.0,50.35,1.678,DERIVED,Actual entrants only; genuine no-shows are excluded and winners retained. Combined and average values are blank unless every actual entrant has the relevant appearance-specific field.
RR2022M,Men's,30,30,100.0,3262.0,108.7,30,100.0,56.08,1.869,DERIVED,Actual entrants only; genuine no-shows are excluded and winners retained. Combined and average values are blank unless every actual entrant has the relevant appearance-specific field.
RR2022W,Women's,30,30,100.0,1763.0,58.8,30,100.0,50.12,1.671,DERIVED,Actual entrants only; genuine no-shows are excluded and winners retained. Combined and average values are blank unless every actual entrant has the relevant appearance-specific field.
RR2023M,Men's,29,29,100.0,3234.0,111.5,29,100.0,54.75,1.888,DERIVED,Actual entrants only; genuine no-shows are excluded and winners retained. Combined and average values are blank unless every actual entrant has the relevant appearance-specific field.
RR2023W,Women's,30,30,100.0,1902.0,63.4,30,100.0,50.33,1.678,DERIVED,Actual entrants only; genuine no-shows are excluded and winners retained. Combined and average values are blank unless every actual entrant has the relevant appearance-specific field.
RR2024M,Men's,30,30,100.0,3271.0,109.0,30,100.0,56.17,1.872,DERIVED,Actual entrants only; genuine no-shows are excluded and winners retained. Combined and average values are blank unless every actual entrant has the relevant appearance-specific field.
RR2024W,Women's,30,30,100.0,1865.0,62.2,30,100.0,49.82,1.661,DERIVED,Actual entrants only; genuine no-shows are excluded and winners retained. Combined and average values are blank unless every actual entrant has the relevant appearance-specific field.
RR2025M,Men's,30,30,100.0,3157.0,105.2,30,100.0,55.48,1.849,DERIVED,Actual entrants only; genuine no-shows are excluded and winners retained. Combined and average values are blank unless every actual entrant has the relevant appearance-specific field.
RR2025W,Women's,30,30,100.0,1889.0,63.0,30,100.0,50.14,1.671,DERIVED,Actual entrants only; genuine no-shows are excluded and winners retained. Combined and average values are blank unless every actual entrant has the relevant appearance-specific field.
RR2026M,Men's,30,30,100.0,3185.0,106.2,30,100.0,55.85,1.862,DERIVED,Actual entrants only; genuine no-shows are excluded and winners retained. Combined and average values are blank unless every actual entrant has the relevant appearance-specific field.
RR2026W,Women's,30,29,96.7,,,30,100.0,49.98,1.666,DERIVED,Actual entrants only; genuine no-shows are excluded and winners retained. Combined and average values are blank unless every actual entrant has the relevant appearance-specific field.
