event_id,division,nationality,entrant_count,percentage_of_known,known_nationality_count,actual_entrant_count,coverage_percentage,data_quality_status,notes
RR1988M,Men's,American,15,75.0,20,20,100.0,DERIVED,
RR1988M,Men's,Canadian,3,15.0,20,20,100.0,DERIVED,
RR1988M,Men's,Croatian-American,1,5.0,20,20,100.0,DERIVED,
RR1988M,Men's,Mexican-American,1,5.0,20,20,100.0,DERIVED,
RR1989M,Men's,American,22,73.3,30,30,100.0,DERIVED,
RR1989M,Men's,Canadian,3,10.0,30,30,100.0,DERIVED,
RR1989M,Men's,New Zealander,2,6.7,30,30,100.0,DERIVED,
RR1989M,Men's,French,1,3.3,30,30,100.0,DERIVED,
RR1989M,Men's,Mexican-American,1,3.3,30,30,100.0,DERIVED,
RR1989M,Men's,Tongan,1,3.3,30,30,100.0,DERIVED,
RR1990M,Men's,American,19,73.1,26,30,86.7,DERIVED,"Percentage is of entrants with a known nationality, not of the full field -- see coverage_percentage."
RR1990M,Men's,Canadian,3,11.5,26,30,86.7,DERIVED,"Percentage is of entrants with a known nationality, not of the full field -- see coverage_percentage."
RR1990M,Men's,Tongan,2,7.7,26,30,86.7,DERIVED,"Percentage is of entrants with a known nationality, not of the full field -- see coverage_percentage."
RR1990M,Men's,French,1,3.8,26,30,86.7,DERIVED,"Percentage is of entrants with a known nationality, not of the full field -- see coverage_percentage."
RR1990M,Men's,Mexican-American,1,3.8,26,30,86.7,DERIVED,"Percentage is of entrants with a known nationality, not of the full field -- see coverage_percentage."
RR1991M,Men's,American,10,58.8,17,29,58.6,DERIVED,"Percentage is of entrants with a known nationality, not of the full field -- see coverage_percentage."
RR1991M,Men's,Canadian,3,17.6,17,29,58.6,DERIVED,"Percentage is of entrants with a known nationality, not of the full field -- see coverage_percentage."
RR1991M,Men's,New Zealander,2,11.8,17,29,58.6,DERIVED,"Percentage is of entrants with a known nationality, not of the full field -- see coverage_percentage."
RR1991M,Men's,Mexican-American,1,5.9,17,29,58.6,DERIVED,"Percentage is of entrants with a known nationality, not of the full field -- see coverage_percentage."
RR1991M,Men's,Tongan,1,5.9,17,29,58.6,DERIVED,"Percentage is of entrants with a known nationality, not of the full field -- see coverage_percentage."
RR1992M,Men's,American,12,70.6,17,30,56.7,DERIVED,"Percentage is of entrants with a known nationality, not of the full field -- see coverage_percentage."
RR1992M,Men's,Tongan,2,11.8,17,30,56.7,DERIVED,"Percentage is of entrants with a known nationality, not of the full field -- see coverage_percentage."
RR1992M,Men's,Canadian,1,5.9,17,30,56.7,DERIVED,"Percentage is of entrants with a known nationality, not of the full field -- see coverage_percentage."
RR1992M,Men's,Croatian-American,1,5.9,17,30,56.7,DERIVED,"Percentage is of entrants with a known nationality, not of the full field -- see coverage_percentage."
RR1992M,Men's,Mexican-American,1,5.9,17,30,56.7,DERIVED,"Percentage is of entrants with a known nationality, not of the full field -- see coverage_percentage."
RR1993M,Men's,American,7,77.8,9,30,30.0,DERIVED,"Percentage is of entrants with a known nationality, not of the full field -- see coverage_percentage."
RR1993M,Men's,Canadian,1,11.1,9,30,30.0,DERIVED,"Percentage is of entrants with a known nationality, not of the full field -- see coverage_percentage."
RR1993M,Men's,Mexican-American,1,11.1,9,30,30.0,DERIVED,"Percentage is of entrants with a known nationality, not of the full field -- see coverage_percentage."
RR1994M,Men's,American,5,71.4,7,29,24.1,DERIVED,"Percentage is of entrants with a known nationality, not of the full field -- see coverage_percentage."
RR1994M,Men's,Canadian,2,28.6,7,29,24.1,DERIVED,"Percentage is of entrants with a known nationality, not of the full field -- see coverage_percentage."
RR1995M,Men's,New Zealander,2,50.0,4,30,13.3,DERIVED,"Percentage is of entrants with a known nationality, not of the full field -- see coverage_percentage."
RR1995M,Men's,American,1,25.0,4,30,13.3,DERIVED,"Percentage is of entrants with a known nationality, not of the full field -- see coverage_percentage."
RR1995M,Men's,Canadian,1,25.0,4,30,13.3,DERIVED,"Percentage is of entrants with a known nationality, not of the full field -- see coverage_percentage."
RR1996M,Men's,American,3,100.0,3,30,10.0,DERIVED,"Percentage is of entrants with a known nationality, not of the full field -- see coverage_percentage."
RR1997M,Men's,American,1,50.0,2,30,6.7,DERIVED,"Percentage is of entrants with a known nationality, not of the full field -- see coverage_percentage."
RR1997M,Men's,Canadian,1,50.0,2,30,6.7,DERIVED,"Percentage is of entrants with a known nationality, not of the full field -- see coverage_percentage."
RR1998M,Men's,American,1,100.0,1,29,3.4,DERIVED,"Percentage is of entrants with a known nationality, not of the full field -- see coverage_percentage."
RR1999M,Men's,American,1,100.0,1,30,3.3,DERIVED,"Percentage is of entrants with a known nationality, not of the full field -- see coverage_percentage."
RR2000M,Men's,,0,,0,30,0.0,DERIVED,No entrant in this field has a recorded nationality yet.
RR2001M,Men's,American,1,50.0,2,30,6.7,DERIVED,"Percentage is of entrants with a known nationality, not of the full field -- see coverage_percentage."
RR2001M,Men's,Tongan,1,50.0,2,30,6.7,DERIVED,"Percentage is of entrants with a known nationality, not of the full field -- see coverage_percentage."
RR2002M,Men's,American,1,100.0,1,30,3.3,DERIVED,"Percentage is of entrants with a known nationality, not of the full field -- see coverage_percentage."
RR2003M,Men's,American,1,100.0,1,30,3.3,DERIVED,"Percentage is of entrants with a known nationality, not of the full field -- see coverage_percentage."
RR2004M,Men's,,0,,0,29,0.0,DERIVED,No entrant in this field has a recorded nationality yet.
RR2005M,Men's,American,1,100.0,1,29,3.4,DERIVED,"Percentage is of entrants with a known nationality, not of the full field -- see coverage_percentage."
RR2006M,Men's,American,1,100.0,1,30,3.3,DERIVED,"Percentage is of entrants with a known nationality, not of the full field -- see coverage_percentage."
RR2007M,Men's,American,1,100.0,1,30,3.3,DERIVED,"Percentage is of entrants with a known nationality, not of the full field -- see coverage_percentage."
RR2008M,Men's,American,1,100.0,1,29,3.4,DERIVED,"Percentage is of entrants with a known nationality, not of the full field -- see coverage_percentage."
RR2009M,Men's,American,1,100.0,1,30,3.3,DERIVED,"Percentage is of entrants with a known nationality, not of the full field -- see coverage_percentage."
RR2010M,Men's,American,1,100.0,1,30,3.3,DERIVED,"Percentage is of entrants with a known nationality, not of the full field -- see coverage_percentage."
RR2011M,Men's,,0,,0,40,0.0,DERIVED,No entrant in this field has a recorded nationality yet.
RR2012M,Men's,American,1,100.0,1,30,3.3,DERIVED,"Percentage is of entrants with a known nationality, not of the full field -- see coverage_percentage."
RR2013M,Men's,,0,,0,30,0.0,DERIVED,No entrant in this field has a recorded nationality yet.
RR2014M,Men's,,0,,0,30,0.0,DERIVED,No entrant in this field has a recorded nationality yet.
RR2015M,Men's,,0,,0,29,0.0,DERIVED,No entrant in this field has a recorded nationality yet.
RR2016M,Men's,,0,,0,30,0.0,DERIVED,No entrant in this field has a recorded nationality yet.
RR2017M,Men's,,0,,0,30,0.0,DERIVED,No entrant in this field has a recorded nationality yet.
RR2018M,Men's,Irish,1,33.3,3,30,10.0,DERIVED,"Percentage is of entrants with a known nationality, not of the full field -- see coverage_percentage."
RR2018M,Men's,Japanese,1,33.3,3,30,10.0,DERIVED,"Percentage is of entrants with a known nationality, not of the full field -- see coverage_percentage."
RR2018M,Men's,Mexican,1,33.3,3,30,10.0,DERIVED,"Percentage is of entrants with a known nationality, not of the full field -- see coverage_percentage."
RR2018W,Women's,Canadian,2,40.0,5,30,16.7,DERIVED,"Percentage is of entrants with a known nationality, not of the full field -- see coverage_percentage."
RR2018W,Women's,Japanese,2,40.0,5,30,16.7,DERIVED,"Percentage is of entrants with a known nationality, not of the full field -- see coverage_percentage."
RR2018W,Women's,Irish,1,20.0,5,30,16.7,DERIVED,"Percentage is of entrants with a known nationality, not of the full field -- see coverage_percentage."
RR2019M,Men's,American,5,55.6,9,30,30.0,DERIVED,"Percentage is of entrants with a known nationality, not of the full field -- see coverage_percentage."
RR2019M,Men's,Dutch,1,11.1,9,30,30.0,DERIVED,"Percentage is of entrants with a known nationality, not of the full field -- see coverage_percentage."
RR2019M,Men's,English,1,11.1,9,30,30.0,DERIVED,"Percentage is of entrants with a known nationality, not of the full field -- see coverage_percentage."
RR2019M,Men's,Japanese,1,11.1,9,30,30.0,DERIVED,"Percentage is of entrants with a known nationality, not of the full field -- see coverage_percentage."
RR2019M,Men's,Mexican,1,11.1,9,30,30.0,DERIVED,"Percentage is of entrants with a known nationality, not of the full field -- see coverage_percentage."
RR2019W,Women's,American,8,47.1,17,30,56.7,DERIVED,"Percentage is of entrants with a known nationality, not of the full field -- see coverage_percentage."
RR2019W,Women's,Australian,3,17.6,17,30,56.7,DERIVED,"Percentage is of entrants with a known nationality, not of the full field -- see coverage_percentage."
RR2019W,Women's,Japanese,2,11.8,17,30,56.7,DERIVED,"Percentage is of entrants with a known nationality, not of the full field -- see coverage_percentage."
RR2019W,Women's,Canadian,1,5.9,17,30,56.7,DERIVED,"Percentage is of entrants with a known nationality, not of the full field -- see coverage_percentage."
RR2019W,Women's,Chinese,1,5.9,17,30,56.7,DERIVED,"Percentage is of entrants with a known nationality, not of the full field -- see coverage_percentage."
RR2019W,Women's,Irish,1,5.9,17,30,56.7,DERIVED,"Percentage is of entrants with a known nationality, not of the full field -- see coverage_percentage."
RR2019W,Women's,Scottish,1,5.9,17,30,56.7,DERIVED,"Percentage is of entrants with a known nationality, not of the full field -- see coverage_percentage."
RR2020M,Men's,American,7,70.0,10,30,33.3,DERIVED,"Percentage is of entrants with a known nationality, not of the full field -- see coverage_percentage."
RR2020M,Men's,Canadian,1,10.0,10,30,33.3,DERIVED,"Percentage is of entrants with a known nationality, not of the full field -- see coverage_percentage."
RR2020M,Men's,Dutch,1,10.0,10,30,33.3,DERIVED,"Percentage is of entrants with a known nationality, not of the full field -- see coverage_percentage."
RR2020M,Men's,Japanese,1,10.0,10,30,33.3,DERIVED,"Percentage is of entrants with a known nationality, not of the full field -- see coverage_percentage."
RR2020W,Women's,American,9,52.9,17,30,56.7,DERIVED,"Percentage is of entrants with a known nationality, not of the full field -- see coverage_percentage."
RR2020W,Women's,Canadian,2,11.8,17,30,56.7,DERIVED,"Percentage is of entrants with a known nationality, not of the full field -- see coverage_percentage."
RR2020W,Women's,Chinese,1,5.9,17,30,56.7,DERIVED,"Percentage is of entrants with a known nationality, not of the full field -- see coverage_percentage."
RR2020W,Women's,Japanese,1,5.9,17,30,56.7,DERIVED,"Percentage is of entrants with a known nationality, not of the full field -- see coverage_percentage."
RR2020W,Women's,"New Zealand-born, Australia-billed",1,5.9,17,30,56.7,DERIVED,"Percentage is of entrants with a known nationality, not of the full field -- see coverage_percentage."
RR2020W,Women's,New Zealander,1,5.9,17,30,56.7,DERIVED,"Percentage is of entrants with a known nationality, not of the full field -- see coverage_percentage."
RR2020W,Women's,Scottish,1,5.9,17,30,56.7,DERIVED,"Percentage is of entrants with a known nationality, not of the full field -- see coverage_percentage."
RR2020W,Women's,Welsh,1,5.9,17,30,56.7,DERIVED,"Percentage is of entrants with a known nationality, not of the full field -- see coverage_percentage."
RR2021M,Men's,American,7,87.5,8,30,26.7,DERIVED,"Percentage is of entrants with a known nationality, not of the full field -- see coverage_percentage."
RR2021M,Men's,Japanese,1,12.5,8,30,26.7,DERIVED,"Percentage is of entrants with a known nationality, not of the full field -- see coverage_percentage."
RR2021W,Women's,American,10,58.8,17,30,56.7,DERIVED,"Percentage is of entrants with a known nationality, not of the full field -- see coverage_percentage."
RR2021W,Women's,Australian,3,17.6,17,30,56.7,DERIVED,"Percentage is of entrants with a known nationality, not of the full field -- see coverage_percentage."
RR2021W,Women's,Canadian,1,5.9,17,30,56.7,DERIVED,"Percentage is of entrants with a known nationality, not of the full field -- see coverage_percentage."
RR2021W,Women's,"New Zealand-born, Australia-billed",1,5.9,17,30,56.7,DERIVED,"Percentage is of entrants with a known nationality, not of the full field -- see coverage_percentage."
RR2021W,Women's,New Zealander,1,5.9,17,30,56.7,DERIVED,"Percentage is of entrants with a known nationality, not of the full field -- see coverage_percentage."
RR2021W,Women's,Scottish,1,5.9,17,30,56.7,DERIVED,"Percentage is of entrants with a known nationality, not of the full field -- see coverage_percentage."
RR2022M,Men's,American,12,70.6,17,30,56.7,DERIVED,"Percentage is of entrants with a known nationality, not of the full field -- see coverage_percentage."
RR2022M,Men's,Canadian,1,5.9,17,30,56.7,DERIVED,"Percentage is of entrants with a known nationality, not of the full field -- see coverage_percentage."
RR2022M,Men's,English,1,5.9,17,30,56.7,DERIVED,"Percentage is of entrants with a known nationality, not of the full field -- see coverage_percentage."
RR2022M,Men's,Japanese,1,5.9,17,30,56.7,DERIVED,"Percentage is of entrants with a known nationality, not of the full field -- see coverage_percentage."
RR2022M,Men's,Nigerian,1,5.9,17,30,56.7,DERIVED,"Percentage is of entrants with a known nationality, not of the full field -- see coverage_percentage."
RR2022M,Men's,Puerto Rican,1,5.9,17,30,56.7,DERIVED,"Percentage is of entrants with a known nationality, not of the full field -- see coverage_percentage."
RR2022W,Women's,American,11,73.3,15,30,50.0,DERIVED,"Percentage is of entrants with a known nationality, not of the full field -- see coverage_percentage."
RR2022W,Women's,Canadian,2,13.3,15,30,50.0,DERIVED,"Percentage is of entrants with a known nationality, not of the full field -- see coverage_percentage."
RR2022W,Women's,Australian,1,6.7,15,30,50.0,DERIVED,"Percentage is of entrants with a known nationality, not of the full field -- see coverage_percentage."
RR2022W,Women's,Scottish,1,6.7,15,30,50.0,DERIVED,"Percentage is of entrants with a known nationality, not of the full field -- see coverage_percentage."
RR2023M,Men's,American,11,73.3,15,29,51.7,DERIVED,"Percentage is of entrants with a known nationality, not of the full field -- see coverage_percentage."
RR2023M,Men's,Austrian,1,6.7,15,29,51.7,DERIVED,"Percentage is of entrants with a known nationality, not of the full field -- see coverage_percentage."
RR2023M,Men's,Irish,1,6.7,15,29,51.7,DERIVED,"Percentage is of entrants with a known nationality, not of the full field -- see coverage_percentage."
RR2023M,Men's,Mexican,1,6.7,15,29,51.7,DERIVED,"Percentage is of entrants with a known nationality, not of the full field -- see coverage_percentage."
RR2023M,Men's,Nigerian,1,6.7,15,29,51.7,DERIVED,"Percentage is of entrants with a known nationality, not of the full field -- see coverage_percentage."
RR2023W,Women's,American,10,43.5,23,30,76.7,DERIVED,"Percentage is of entrants with a known nationality, not of the full field -- see coverage_percentage."
RR2023W,Women's,Australian,3,13.0,23,30,76.7,DERIVED,"Percentage is of entrants with a known nationality, not of the full field -- see coverage_percentage."
RR2023W,Women's,Canadian,2,8.7,23,30,76.7,DERIVED,"Percentage is of entrants with a known nationality, not of the full field -- see coverage_percentage."
RR2023W,Women's,Japanese,2,8.7,23,30,76.7,DERIVED,"Percentage is of entrants with a known nationality, not of the full field -- see coverage_percentage."
RR2023W,Women's,Scottish,2,8.7,23,30,76.7,DERIVED,"Percentage is of entrants with a known nationality, not of the full field -- see coverage_percentage."
RR2023W,Women's,Chinese,1,4.3,23,30,76.7,DERIVED,"Percentage is of entrants with a known nationality, not of the full field -- see coverage_percentage."
RR2023W,Women's,Irish,1,4.3,23,30,76.7,DERIVED,"Percentage is of entrants with a known nationality, not of the full field -- see coverage_percentage."
RR2023W,Women's,New Zealander,1,4.3,23,30,76.7,DERIVED,"Percentage is of entrants with a known nationality, not of the full field -- see coverage_percentage."
RR2023W,Women's,Welsh,1,4.3,23,30,76.7,DERIVED,"Percentage is of entrants with a known nationality, not of the full field -- see coverage_percentage."
RR2024M,Men's,American,9,47.4,19,30,63.3,DERIVED,"Percentage is of entrants with a known nationality, not of the full field -- see coverage_percentage."
RR2024M,Men's,Australian,2,10.5,19,30,63.3,DERIVED,"Percentage is of entrants with a known nationality, not of the full field -- see coverage_percentage."
RR2024M,Men's,Irish,2,10.5,19,30,63.3,DERIVED,"Percentage is of entrants with a known nationality, not of the full field -- see coverage_percentage."
RR2024M,Men's,Mexican,2,10.5,19,30,63.3,DERIVED,"Percentage is of entrants with a known nationality, not of the full field -- see coverage_percentage."
RR2024M,Men's,Austrian,1,5.3,19,30,63.3,DERIVED,"Percentage is of entrants with a known nationality, not of the full field -- see coverage_percentage."
RR2024M,Men's,German,1,5.3,19,30,63.3,DERIVED,"Percentage is of entrants with a known nationality, not of the full field -- see coverage_percentage."
RR2024M,Men's,Japanese,1,5.3,19,30,63.3,DERIVED,"Percentage is of entrants with a known nationality, not of the full field -- see coverage_percentage."
RR2024M,Men's,Nigerian,1,5.3,19,30,63.3,DERIVED,"Percentage is of entrants with a known nationality, not of the full field -- see coverage_percentage."
RR2024W,Women's,American,15,60.0,25,30,83.3,DERIVED,"Percentage is of entrants with a known nationality, not of the full field -- see coverage_percentage."
RR2024W,Women's,Canadian,2,8.0,25,30,83.3,DERIVED,"Percentage is of entrants with a known nationality, not of the full field -- see coverage_percentage."
RR2024W,Women's,Japanese,2,8.0,25,30,83.3,DERIVED,"Percentage is of entrants with a known nationality, not of the full field -- see coverage_percentage."
RR2024W,Women's,Scottish,2,8.0,25,30,83.3,DERIVED,"Percentage is of entrants with a known nationality, not of the full field -- see coverage_percentage."
RR2024W,Women's,Australian,1,4.0,25,30,83.3,DERIVED,"Percentage is of entrants with a known nationality, not of the full field -- see coverage_percentage."
RR2024W,Women's,Chinese,1,4.0,25,30,83.3,DERIVED,"Percentage is of entrants with a known nationality, not of the full field -- see coverage_percentage."
RR2024W,Women's,Irish,1,4.0,25,30,83.3,DERIVED,"Percentage is of entrants with a known nationality, not of the full field -- see coverage_percentage."
RR2024W,Women's,Welsh,1,4.0,25,30,83.3,DERIVED,"Percentage is of entrants with a known nationality, not of the full field -- see coverage_percentage."
RR2025M,Men's,American,10,58.8,17,30,56.7,DERIVED,"Percentage is of entrants with a known nationality, not of the full field -- see coverage_percentage."
RR2025M,Men's,Mexican,3,17.6,17,30,56.7,DERIVED,"Percentage is of entrants with a known nationality, not of the full field -- see coverage_percentage."
RR2025M,Men's,German,1,5.9,17,30,56.7,DERIVED,"Percentage is of entrants with a known nationality, not of the full field -- see coverage_percentage."
RR2025M,Men's,Irish,1,5.9,17,30,56.7,DERIVED,"Percentage is of entrants with a known nationality, not of the full field -- see coverage_percentage."
RR2025M,Men's,Japanese,1,5.9,17,30,56.7,DERIVED,"Percentage is of entrants with a known nationality, not of the full field -- see coverage_percentage."
RR2025M,Men's,Scottish,1,5.9,17,30,56.7,DERIVED,"Percentage is of entrants with a known nationality, not of the full field -- see coverage_percentage."
RR2025W,Women's,American,16,66.7,24,30,80.0,DERIVED,"Percentage is of entrants with a known nationality, not of the full field -- see coverage_percentage."
RR2025W,Women's,Canadian,3,12.5,24,30,80.0,DERIVED,"Percentage is of entrants with a known nationality, not of the full field -- see coverage_percentage."
RR2025W,Women's,Japanese,2,8.3,24,30,80.0,DERIVED,"Percentage is of entrants with a known nationality, not of the full field -- see coverage_percentage."
RR2025W,Women's,Chilean,1,4.2,24,30,80.0,DERIVED,"Percentage is of entrants with a known nationality, not of the full field -- see coverage_percentage."
RR2025W,Women's,Irish,1,4.2,24,30,80.0,DERIVED,"Percentage is of entrants with a known nationality, not of the full field -- see coverage_percentage."
RR2025W,Women's,Scottish,1,4.2,24,30,80.0,DERIVED,"Percentage is of entrants with a known nationality, not of the full field -- see coverage_percentage."
RR2026M,Men's,American,11,52.4,21,30,70.0,DERIVED,"Percentage is of entrants with a known nationality, not of the full field -- see coverage_percentage."
RR2026M,Men's,Mexican,5,23.8,21,30,70.0,DERIVED,"Percentage is of entrants with a known nationality, not of the full field -- see coverage_percentage."
RR2026M,Men's,Australian,1,4.8,21,30,70.0,DERIVED,"Percentage is of entrants with a known nationality, not of the full field -- see coverage_percentage."
RR2026M,Men's,Austrian,1,4.8,21,30,70.0,DERIVED,"Percentage is of entrants with a known nationality, not of the full field -- see coverage_percentage."
RR2026M,Men's,German,1,4.8,21,30,70.0,DERIVED,"Percentage is of entrants with a known nationality, not of the full field -- see coverage_percentage."
RR2026M,Men's,Nigerian,1,4.8,21,30,70.0,DERIVED,"Percentage is of entrants with a known nationality, not of the full field -- see coverage_percentage."
RR2026M,Men's,Russian-German,1,4.8,21,30,70.0,DERIVED,"Percentage is of entrants with a known nationality, not of the full field -- see coverage_percentage."
RR2026W,Women's,American,15,60.0,25,30,83.3,DERIVED,"Percentage is of entrants with a known nationality, not of the full field -- see coverage_percentage."
RR2026W,Women's,Japanese,4,16.0,25,30,83.3,DERIVED,"Percentage is of entrants with a known nationality, not of the full field -- see coverage_percentage."
RR2026W,Women's,Canadian,2,8.0,25,30,83.3,DERIVED,"Percentage is of entrants with a known nationality, not of the full field -- see coverage_percentage."
RR2026W,Women's,Irish,2,8.0,25,30,83.3,DERIVED,"Percentage is of entrants with a known nationality, not of the full field -- see coverage_percentage."
RR2026W,Women's,Australian,1,4.0,25,30,83.3,DERIVED,"Percentage is of entrants with a known nationality, not of the full field -- see coverage_percentage."
RR2026W,Women's,Cuban-American,1,4.0,25,30,83.3,DERIVED,"Percentage is of entrants with a known nationality, not of the full field -- see coverage_percentage."
