event_id,division,as_of_date,hof_members_at_time_count,hof_members_eventually_count,now_deceased_count,future_world_champions_count,combined_billed_weight_kg,combined_age_final_four_years,notes
RR1988M,Men's,2026-09-28,0,10,7,,2475.0,139.7,"now_deceased_count and hof_members_eventually_count are moving targets -- recomputed vs today's date each run, not fixed at event time. Future world champions count is blank because no world-title-history table exists; see IDEAS.md."
RR1989M,Men's,2026-09-28,0,17,10,,3785.0,137.4,"now_deceased_count and hof_members_eventually_count are moving targets -- recomputed vs today's date each run, not fixed at event time. Future world champions count is blank because no world-title-history table exists; see IDEAS.md."
RR1990M,Men's,2026-09-28,0,17,14,,3825.0,132.9,"now_deceased_count and hof_members_eventually_count are moving targets -- recomputed vs today's date each run, not fixed at event time. Future world champions count is blank because no world-title-history table exists; see IDEAS.md."
RR1991M,Men's,2026-09-28,0,17,14,,3737.0,,"now_deceased_count and hof_members_eventually_count are moving targets -- recomputed vs today's date each run, not fixed at event time. Future world champions count is blank because no world-title-history table exists; see IDEAS.md."
RR1992M,Men's,2026-09-28,0,19,11,,3657.0,151.5,"now_deceased_count and hof_members_eventually_count are moving targets -- recomputed vs today's date each run, not fixed at event time. Future world champions count is blank because no world-title-history table exists; see IDEAS.md."
RR1993M,Men's,2026-09-28,0,10,5,,3819.0,146.7,"now_deceased_count and hof_members_eventually_count are moving targets -- recomputed vs today's date each run, not fixed at event time. Future world champions count is blank because no world-title-history table exists; see IDEAS.md."
RR1994M,Men's,2026-09-28,0,11,7,,3754.0,,"now_deceased_count and hof_members_eventually_count are moving targets -- recomputed vs today's date each run, not fixed at event time. Future world champions count is blank because no world-title-history table exists; see IDEAS.md."
RR1995M,Men's,2026-09-28,0,7,11,,3826.0,128.9,"now_deceased_count and hof_members_eventually_count are moving targets -- recomputed vs today's date each run, not fixed at event time. Future world champions count is blank because no world-title-history table exists; see IDEAS.md."
RR1996M,Men's,2026-09-28,0,9,5,,3901.0,,"now_deceased_count and hof_members_eventually_count are moving targets -- recomputed vs today's date each run, not fixed at event time. Future world champions count is blank because no world-title-history table exists; see IDEAS.md."
RR1997M,Men's,2026-09-28,0,11,5,,3636.0,133.0,"now_deceased_count and hof_members_eventually_count are moving targets -- recomputed vs today's date each run, not fixed at event time. Future world champions count is blank because no world-title-history table exists; see IDEAS.md."
RR1998M,Men's,2026-09-28,0,10,3,,3803.0,,"now_deceased_count and hof_members_eventually_count are moving targets -- recomputed vs today's date each run, not fixed at event time. Future world champions count is blank because no world-title-history table exists; see IDEAS.md."
RR1999M,Men's,2026-09-28,0,9,7,,3805.0,148.4,"now_deceased_count and hof_members_eventually_count are moving targets -- recomputed vs today's date each run, not fixed at event time. Future world champions count is blank because no world-title-history table exists; see IDEAS.md."
RR2000M,Men's,2026-09-28,0,9,7,,3766.0,88.3,"now_deceased_count and hof_members_eventually_count are moving targets -- recomputed vs today's date each run, not fixed at event time. Future world champions count is blank because no world-title-history table exists; see IDEAS.md."
RR2001M,Men's,2026-09-28,0,8,3,,3666.0,135.6,"now_deceased_count and hof_members_eventually_count are moving targets -- recomputed vs today's date each run, not fixed at event time. Future world champions count is blank because no world-title-history table exists; see IDEAS.md."
RR2002M,Men's,2026-09-28,0,13,3,,3726.0,146.3,"now_deceased_count and hof_members_eventually_count are moving targets -- recomputed vs today's date each run, not fixed at event time. Future world champions count is blank because no world-title-history table exists; see IDEAS.md."
RR2003M,Men's,2026-09-28,0,8,4,,3603.0,132.9,"now_deceased_count and hof_members_eventually_count are moving targets -- recomputed vs today's date each run, not fixed at event time. Future world champions count is blank because no world-title-history table exists; see IDEAS.md."
RR2004M,Men's,2026-09-28,0,9,2,,3766.0,136.8,"now_deceased_count and hof_members_eventually_count are moving targets -- recomputed vs today's date each run, not fixed at event time. Future world champions count is blank because no world-title-history table exists; see IDEAS.md."
RR2005M,Men's,2026-09-28,0,8,3,,3414.0,125.1,"now_deceased_count and hof_members_eventually_count are moving targets -- recomputed vs today's date each run, not fixed at event time. Future world champions count is blank because no world-title-history table exists; see IDEAS.md."
RR2006M,Men's,2026-09-28,0,7,3,,3506.0,128.4,"now_deceased_count and hof_members_eventually_count are moving targets -- recomputed vs today's date each run, not fixed at event time. Future world champions count is blank because no world-title-history table exists; see IDEAS.md."
RR2007M,Men's,2026-09-28,0,8,3,,3457.0,143.2,"now_deceased_count and hof_members_eventually_count are moving targets -- recomputed vs today's date each run, not fixed at event time. Future world champions count is blank because no world-title-history table exists; see IDEAS.md."
RR2008M,Men's,2026-09-28,0,9,4,,3586.0,149.0,"now_deceased_count and hof_members_eventually_count are moving targets -- recomputed vs today's date each run, not fixed at event time. Future world champions count is blank because no world-title-history table exists; see IDEAS.md."
RR2009M,Men's,2026-09-28,0,8,0,,3484.0,117.8,"now_deceased_count and hof_members_eventually_count are moving targets -- recomputed vs today's date each run, not fixed at event time. Future world champions count is blank because no world-title-history table exists; see IDEAS.md."
RR2010M,Men's,2026-09-28,0,7,0,,3432.0,154.5,"now_deceased_count and hof_members_eventually_count are moving targets -- recomputed vs today's date each run, not fixed at event time. Future world champions count is blank because no world-title-history table exists; see IDEAS.md."
RR2011M,Men's,2026-09-28,0,6,1,,4590.0,94.8,"now_deceased_count and hof_members_eventually_count are moving targets -- recomputed vs today's date each run, not fixed at event time. Future world champions count is blank because no world-title-history table exists; see IDEAS.md."
RR2012M,Men's,2026-09-28,0,5,0,,3391.0,146.8,"now_deceased_count and hof_members_eventually_count are moving targets -- recomputed vs today's date each run, not fixed at event time. Future world champions count is blank because no world-title-history table exists; see IDEAS.md."
RR2013M,Men's,2026-09-28,0,4,0,,3445.0,134.3,"now_deceased_count and hof_members_eventually_count are moving targets -- recomputed vs today's date each run, not fixed at event time. Future world champions count is blank because no world-title-history table exists; see IDEAS.md."
RR2014M,Men's,2026-09-28,0,5,1,,3440.0,144.8,"now_deceased_count and hof_members_eventually_count are moving targets -- recomputed vs today's date each run, not fixed at event time. Future world champions count is blank because no world-title-history table exists; see IDEAS.md."
RR2015M,Men's,2026-09-28,0,2,2,,3483.0,149.3,"now_deceased_count and hof_members_eventually_count are moving targets -- recomputed vs today's date each run, not fixed at event time. Future world champions count is blank because no world-title-history table exists; see IDEAS.md."
RR2016M,Men's,2026-09-28,0,3,2,,3609.0,145.0,"now_deceased_count and hof_members_eventually_count are moving targets -- recomputed vs today's date each run, not fixed at event time. Future world champions count is blank because no world-title-history table exists; see IDEAS.md."
RR2017M,Men's,2026-09-28,0,3,2,,3519.0,144.3,"now_deceased_count and hof_members_eventually_count are moving targets -- recomputed vs today's date each run, not fixed at event time. Future world champions count is blank because no world-title-history table exists; see IDEAS.md."
RR2018M,Men's,2026-09-28,0,1,1,,3210.0,147.8,"now_deceased_count and hof_members_eventually_count are moving targets -- recomputed vs today's date each run, not fixed at event time. Future world champions count is blank because no world-title-history table exists; see IDEAS.md."
RR2018W,Women's,2026-09-28,4,9,0,,1804.0,130.7,"now_deceased_count and hof_members_eventually_count are moving targets -- recomputed vs today's date each run, not fixed at event time. Future world champions count is blank because no world-title-history table exists; see IDEAS.md."
RR2019M,Men's,2026-09-28,0,3,0,,3230.0,135.6,"now_deceased_count and hof_members_eventually_count are moving targets -- recomputed vs today's date each run, not fixed at event time. Future world champions count is blank because no world-title-history table exists; see IDEAS.md."
RR2019W,Women's,2026-09-28,0,0,0,,1775.0,128.8,"now_deceased_count and hof_members_eventually_count are moving targets -- recomputed vs today's date each run, not fixed at event time. Future world champions count is blank because no world-title-history table exists; see IDEAS.md."
RR2020M,Men's,2026-09-28,0,2,0,,3364.0,155.2,"now_deceased_count and hof_members_eventually_count are moving targets -- recomputed vs today's date each run, not fixed at event time. Future world champions count is blank because no world-title-history table exists; see IDEAS.md."
RR2020W,Women's,2026-09-28,0,2,0,,1807.0,149.9,"now_deceased_count and hof_members_eventually_count are moving targets -- recomputed vs today's date each run, not fixed at event time. Future world champions count is blank because no world-title-history table exists; see IDEAS.md."
RR2021M,Men's,2026-09-28,1,3,0,,3212.0,169.8,"now_deceased_count and hof_members_eventually_count are moving targets -- recomputed vs today's date each run, not fixed at event time. Future world champions count is blank because no world-title-history table exists; see IDEAS.md."
RR2021W,Women's,2026-09-28,1,1,0,,1835.0,129.4,"now_deceased_count and hof_members_eventually_count are moving targets -- recomputed vs today's date each run, not fixed at event time. Future world champions count is blank because no world-title-history table exists; see IDEAS.md."
RR2022M,Men's,2026-09-28,0,1,0,,3262.0,169.1,"now_deceased_count and hof_members_eventually_count are moving targets -- recomputed vs today's date each run, not fixed at event time. Future world champions count is blank because no world-title-history table exists; see IDEAS.md."
RR2022W,Women's,2026-09-28,0,6,0,,1763.0,144.8,"now_deceased_count and hof_members_eventually_count are moving targets -- recomputed vs today's date each run, not fixed at event time. Future world champions count is blank because no world-title-history table exists; see IDEAS.md."
RR2023M,Men's,2026-09-28,0,3,0,,3313.0,137.3,"now_deceased_count and hof_members_eventually_count are moving targets -- recomputed vs today's date each run, not fixed at event time. Future world champions count is blank because no world-title-history table exists; see IDEAS.md."
RR2023W,Women's,2026-09-28,0,1,0,,1902.0,129.9,"now_deceased_count and hof_members_eventually_count are moving targets -- recomputed vs today's date each run, not fixed at event time. Future world champions count is blank because no world-title-history table exists; see IDEAS.md."
RR2024M,Men's,2026-09-28,0,0,0,,3271.0,158.8,"now_deceased_count and hof_members_eventually_count are moving targets -- recomputed vs today's date each run, not fixed at event time. Future world champions count is blank because no world-title-history table exists; see IDEAS.md."
RR2024W,Women's,2026-09-28,0,0,0,,1865.0,120.4,"now_deceased_count and hof_members_eventually_count are moving targets -- recomputed vs today's date each run, not fixed at event time. Future world champions count is blank because no world-title-history table exists; see IDEAS.md."
RR2025M,Men's,2026-09-28,0,1,0,,3228.0,163.2,"now_deceased_count and hof_members_eventually_count are moving targets -- recomputed vs today's date each run, not fixed at event time. Future world champions count is blank because no world-title-history table exists; see IDEAS.md."
RR2025W,Women's,2026-09-28,0,2,0,,1889.0,143.8,"now_deceased_count and hof_members_eventually_count are moving targets -- recomputed vs today's date each run, not fixed at event time. Future world champions count is blank because no world-title-history table exists; see IDEAS.md."
RR2026M,Men's,2026-09-28,0,1,0,,3185.0,155.6,"now_deceased_count and hof_members_eventually_count are moving targets -- recomputed vs today's date each run, not fixed at event time. Future world champions count is blank because no world-title-history table exists; see IDEAS.md."
RR2026W,Women's,2026-09-28,0,2,0,,1799.0,119.7,"now_deceased_count and hof_members_eventually_count are moving targets -- recomputed vs today's date each run, not fixed at event time. Future world champions count is blank because no world-title-history table exists; see IDEAS.md."
