record_id,division,category,record_name,holder_wrestler_id,value,event_id,as_of_date,notes
R001,Men's,Physical,Heaviest entrant ever (billed),andre-the-giant,240 kg,RR1989M,2026-09-30,"Based on the 1171 of 1172 Men's entrants (99.9%) with billed weight currently researched (years covered so far: 1988-2026) -- NOT a claim about the other 1 entrants, whose billed weight simply hasn't been looked up yet. Will update automatically as that research (ROADMAP.md Phase B) fills in."
R002,Men's,Physical,Lightest entrant ever (billed),el-torito,45 kg,RR2014M,2026-09-30,"Based on the 1171 of 1172 Men's entrants (99.9%) with billed weight currently researched (years covered so far: 1988-2026) -- NOT a claim about the other 1 entrants, whose billed weight simply hasn't been looked up yet. Will update automatically as that research (ROADMAP.md Phase B) fills in."
R003,Men's,Physical,Tallest entrant ever (billed),andre-the-giant,2.24 m,RR1989M,2026-09-30,"Based on the 1171 of 1172 Men's entrants (99.9%) with billed height currently researched (years covered so far: 1988-2026) -- NOT a claim about the other 1 entrants, whose billed height simply hasn't been looked up yet. Will update automatically as that research (ROADMAP.md Phase B) fills in."
R004,Men's,Physical,Shortest entrant ever (billed),hornswoggle,1.35 m,RR2008M,2026-09-30,"Based on the 1171 of 1172 Men's entrants (99.9%) with billed height currently researched (years covered so far: 1988-2026) -- NOT a claim about the other 1 entrants, whose billed height simply hasn't been looked up yet. Will update automatically as that research (ROADMAP.md Phase B) fills in."
R005,Men's,Age,Oldest entrant ever,jimmy-snuka,"64 Years, 8 Months, 9 Days",RR2008M,2026-09-30,"Based on the 1152 of 1172 Men's entrants (98.3%) with age at event currently researched (years covered so far: 1988-2026) -- NOT a claim about the other 20 entrants, whose age at event simply hasn't been looked up yet. Will update automatically as that research (ROADMAP.md Phase B) fills in."
R006,Men's,Age,Youngest entrant ever,ishowspeed,"20 Years, 0 Months, 11 Days",RR2025M,2026-09-30,"Based on the 1152 of 1172 Men's entrants (98.3%) with age at event currently researched (years covered so far: 1988-2026) -- NOT a claim about the other 20 entrants, whose age at event simply hasn't been looked up yet. Will update automatically as that research (ROADMAP.md Phase B) fills in."
R007,Men's,Time,Longest single Rumble appearance ever,gunther,1:11:40,RR2023M,2026-09-30,
R008,Men's,Time,Shortest single Rumble appearance ever,santino-marella,0:02,RR2009M,2026-09-30,"Excludes entrants who were advertised/counted as an entrant but never actually entered the ring at all (withdrew, attacked before their entrance, etc. -- see NEVER_ENTERED in this script). Randy Savage's 1991 no-show (00:00, F023) held this record incorrectly until the Collection of Stats cross-check pass (2026-09-17) caught the mismatch."
R009,Men's,Eliminations,Most eliminations in a single Rumble ever,brock-lesnar,13,RR2020M,2026-09-30,
R010,Men's,Eliminations,Most CAREER eliminations,kane,42,RR2026M,2026-09-30,
R011,Men's,Frequency,Most career appearances,kane,18,RR2026M,2026-09-30,
R012,Men's,Frequency,Most Rumble wins,steve-austin,3,RR2026M,2026-09-30,
R013,Men's,Field composition,Rumble with most eventual Hall of Famers,,19,RR1992M,2026-09-30,"'eventual' = inducted at any point, not necessarily by the event date"
R014,Men's,Field composition,Rumble with most Hall of Famers already inducted at the time,,1,RR2021M,2026-09-30,"distinct from the 'eventual' record above -- this one only counts wrestlers who were ALREADY Hall of Famers on the night, not ones inducted later"
R015,Men's,Field composition,Rumble with most now-deceased entrants,,14,RR1990M,2026-09-30,"as of 2026-09-30 -- recompute this periodically, it only grows"
R016,Men's,Rivalries,Most frequent eliminator/eliminated pairing,roman-reigns -> the-miz,4,RR2026M,2026-09-30,
R017,Men's,Eliminations,Most wrestlers required to eliminate a single entrant,muhammad-hassan,8,RR2005M,2026-09-30,"Contributors: booker-t, chris-benoit, chris-jericho, eddie-guerrero, edge, luther-reigns, rey-mysterio, shelton-benjamin. TIED with: mabel (RR2007M, 8). A new stat type added during the Collection of Stats cross-check pass (2026-09-17) -- cross-verify against Wrestling Inc/Cult of Whatever's own headcount claims for this and other years before treating any single value as final (2 mismatches already flagged for Earthquake 1990 and Muhammad Hassan 2005)."
R018,Men's,Eliminations,Most consecutive solo eliminations in a single Rumble,brock-lesnar,13,RR2020M,2026-09-30, A new stat type added during the Collection of Stats cross-check pass (2026-09-17). Only computed from events where order_in_match is populated for at least 50% of recorded eliminations -- 1994 and 2000 (both at 0% coverage) are excluded on this basis despite Rumble trivia claiming a tying 7-streak for Diesel (1994) and Rikishi (2000) respectively; see the flagged cross-check note for details.
R019,Men's,Eliminations,Most career eliminations without ever winning,kane,42,RR2026M,2026-09-30,
R020,Men's,Frequency,Most career appearances without ever winning,kane,18,RR2026M,2026-09-30,
R021,Men's,Eliminations,Most eliminations in a single Rumble without winning it,brock-lesnar,13,RR2020M,2026-09-30,
R022,Men's,Durability,Longest gap between Rumble appearances (career),jeff-jarrett,22 years,RR2026M,2026-09-30,
R023,Men's,Durability,Longest consecutive-year appearance streak,dolph-ziggler,14 years,RR2026M,2026-09-30,
R024,Men's,Rivalries,Most distinct wrestlers eliminated across a career,kane,38,RR2026M,2026-09-30,
R025,Men's,Rivalries,Eliminated by the most different opponents across a career,mabel,24,RR2026M,2026-09-30,
R026,Women's,Physical,Heaviest entrant ever (billed),nia-jax,123 kg,RR2018W,2026-09-30,"Based on the 269 of 270 Women's entrants (99.6%) with billed weight currently researched (years covered so far: 2018-2026) -- NOT a claim about the other 1 entrants, whose billed weight simply hasn't been looked up yet. Will update automatically as that research (ROADMAP.md Phase B) fills in."
R027,Women's,Physical,Lightest entrant ever (billed),kacy-catanzaro,43 kg,RR2019W,2026-09-30,"Based on the 269 of 270 Women's entrants (99.6%) with billed weight currently researched (years covered so far: 2018-2026) -- NOT a claim about the other 1 entrants, whose billed weight simply hasn't been looked up yet. Will update automatically as that research (ROADMAP.md Phase B) fills in."
R028,Women's,Physical,Tallest entrant ever (billed),nia-jax,1.83 m,RR2018W,2026-09-30,"Based on the 270 of 270 Women's entrants (100.0%) with billed height currently researched (years covered so far: 2018-2026) -- NOT a claim about the other 0 entrants, whose billed height simply hasn't been looked up yet. Will update automatically as that research (ROADMAP.md Phase B) fills in."
R029,Women's,Physical,Shortest entrant ever (billed),kacy-catanzaro,1.52 m,RR2019W,2026-09-30,"Based on the 270 of 270 Women's entrants (100.0%) with billed height currently researched (years covered so far: 2018-2026) -- NOT a claim about the other 0 entrants, whose billed height simply hasn't been looked up yet. Will update automatically as that research (ROADMAP.md Phase B) fills in."
R030,Women's,Age,Oldest entrant ever,ivory,"60 Years, 2 Months, 3 Days",RR2022W,2026-09-30,"Based on the 269 of 270 Women's entrants (99.6%) with age at event currently researched (years covered so far: 2018-2026) -- NOT a claim about the other 1 entrants, whose age at event simply hasn't been looked up yet. Will update automatically as that research (ROADMAP.md Phase B) fills in."
R031,Women's,Age,Youngest entrant ever,roxanne-perez,"21 Years, 2 Months, 23 Days",RR2023W,2026-09-30,"Based on the 269 of 270 Women's entrants (99.6%) with age at event currently researched (years covered so far: 2018-2026) -- NOT a claim about the other 1 entrants, whose age at event simply hasn't been looked up yet. Will update automatically as that research (ROADMAP.md Phase B) fills in."
R032,Women's,Time,Longest single Rumble appearance ever,roxanne-perez,1:07:47,RR2025W,2026-09-30,
R033,Women's,Time,Shortest single Rumble appearance ever,chelsea-green,00:05,RR2023W,2026-09-30,"Excludes entrants who were advertised/counted as an entrant but never actually entered the ring at all (withdrew, attacked before their entrance, etc. -- see NEVER_ENTERED in this script). Randy Savage's 1991 no-show (00:00, F023) held this record incorrectly until the Collection of Stats cross-check pass (2026-09-17) caught the mismatch."
R034,Women's,Eliminations,Most eliminations in a single Rumble ever,nia-jax,9,RR2025W,2026-09-30,
R035,Women's,Eliminations,Most CAREER eliminations,nia-jax,28,RR2026W,2026-09-30,
R036,Women's,Frequency,Most career appearances,liv-morgan,9,RR2026W,2026-09-30,
R037,Women's,Frequency,Most Rumble wins,charlotte-flair,2,RR2026W,2026-09-30,
R038,Women's,Field composition,Rumble with most eventual Hall of Famers,,9,RR2018W,2026-09-30,"'eventual' = inducted at any point, not necessarily by the event date"
R039,Women's,Field composition,Rumble with most Hall of Famers already inducted at the time,,4,RR2018W,2026-09-30,"distinct from the 'eventual' record above -- this one only counts wrestlers who were ALREADY Hall of Famers on the night, not ones inducted later"
R040,Women's,Field composition,Rumble with most now-deceased entrants,,0,RR2018W,2026-09-30,"as of 2026-09-30 -- recompute this periodically, it only grows"
R041,Women's,Rivalries,Most frequent eliminator/eliminated pairing,nia-jax -> naomi,3,RR2025W,2026-09-30,
R042,Women's,Eliminations,Most wrestlers required to eliminate a single entrant,nia-jax,11,RR2023W,2026-09-30,"Contributors: asuka, lacey-evans, liv-morgan, mia-yim, michelle-mccool, nikki-cross, piper-niven, raquel-rodriguez, rhea-ripley, shotzi-blackheart, sonya-deville. A new stat type added during the Collection of Stats cross-check pass (2026-09-17) -- cross-verify against Wrestling Inc/Cult of Whatever's own headcount claims for this and other years before treating any single value as final (2 mismatches already flagged for Earthquake 1990 and Muhammad Hassan 2005)."
R043,Women's,Eliminations,Most consecutive solo eliminations in a single Rumble,shayna-baszler,7,RR2020W,2026-09-30,TIED with: nia-jax (RR2025W). A new stat type added during the Collection of Stats cross-check pass (2026-09-17). Only computed from events where order_in_match is populated for at least 50% of recorded eliminations -- 1994 and 2000 (both at 0% coverage) are excluded on this basis despite Rumble trivia claiming a tying 7-streak for Diesel (1994) and Rikishi (2000) respectively; see the flagged cross-check note for details.
R044,Women's,Eliminations,Most career eliminations without ever winning,nia-jax,28,RR2026W,2026-09-30,
R045,Women's,Frequency,Most career appearances without ever winning,natalya,9,RR2026W,2026-09-30,
R046,Women's,Eliminations,Most eliminations in a single Rumble without winning it,nia-jax,9,RR2025W,2026-09-30,
R047,Women's,Durability,Longest gap between Rumble appearances (career),brie-bella,6 years,RR2026W,2026-09-30,
R048,Women's,Durability,Longest consecutive-year appearance streak,liv-morgan,9 years,RR2026W,2026-09-30,
R049,Women's,Rivalries,Most distinct wrestlers eliminated across a career,nia-jax,24,RR2026W,2026-09-30,
R050,Women's,Rivalries,Eliminated by the most different opponents across a career,nia-jax,20,RR2026W,2026-09-30,
R051,Men's,Match dynamics,Most wrestlers simultaneously in the ring,,15,RR2009M,2026-09-30,Peak window 39:33-39:37. Based on 36 complete-timeline Men's events only; incomplete events are excluded rather than estimated.
R052,Men's,Entrance timing,Longest entrance (buzzer to physical ring entry),hornswoggle,25:45,RR2008M,2026-09-30,Based on 999 sourced entrance-duration rows in this division.
R053,Men's,Entrance timing,Shortest entrance (buzzer to physical ring entry),rick-rude,0:00,RR1990M,2026-09-30,Based on 999 sourced entrance-duration rows in this division.
R054,Men's,Entrance timing,Latest physical ring entry in a Rumble,kane,61:52,RR2011M,2026-09-30,Absolute timestamps beyond an event's recorded match duration are excluded as source-video clock discontinuities.
R055,Men's,Entrance timing,Biggest variance from advertised entry interval,dolph-ziggler,91 sec late,RR2016M,2026-09-30,Actual buzzer gap 181 sec versus advertised 90 sec. Consecutive entry numbers only; source-clock discontinuities over five minutes are excluded.
R056,Men's,Entrance timing,Rumble with longest median entrance,,0:39,RR2023M,2026-09-30,Median of 27 sourced entrance durations for this event.
R057,Men's,Entrance timing,Rumble with shortest median entrance,,0:07,RR1988M,2026-09-30,Median of 18 sourced entrance durations for this event. Tied with: RR1991M.
R058,Women's,Entrance timing,Longest entrance (buzzer to physical ring entry),billie-kay,7:25,RR2021W,2026-09-30,Based on 168 sourced entrance-duration rows in this division.
R059,Women's,Entrance timing,Shortest entrance (buzzer to physical ring entry),brie-bella,0:11,RR2018W,2026-09-30,Based on 168 sourced entrance-duration rows in this division.
R060,Women's,Entrance timing,Latest physical ring entry in a Rumble,becky-lynch,58:02,RR2019W,2026-09-30,Absolute timestamps beyond an event's recorded match duration are excluded as source-video clock discontinuities.
R061,Women's,Entrance timing,Biggest variance from advertised entry interval,natalya,117 sec late,RR2021W,2026-09-30,Actual buzzer gap 207 sec versus advertised 90 sec. Consecutive entry numbers only; source-clock discontinuities over five minutes are excluded.
R062,Women's,Entrance timing,Rumble with longest median entrance,,0:33.5,RR2023W,2026-09-30,Median of 28 sourced entrance durations for this event.
R063,Women's,Entrance timing,Rumble with shortest median entrance,,0:21.5,RR2018W,2026-09-30,Median of 28 sourced entrance durations for this event.
R064,Men's,Championship context,Rumble with most reigning champions in the field,,6,RR2006M,2026-09-30,Counts titles held when the Rumble match began; a title lost earlier on the card is not counted.
R065,Men's,Championship context,Longest title reign entering a Rumble,pete-dunne,617 days,RR2019M,2026-09-30,Title: NXT UK Championship.
R066,Men's,Championship context,Most Rumble appearances as reigning champion,shinsuke-nakamura,4,RR2025M,2026-09-30,A reigning-champion appearance is counted only when current_champion_title is populated at match start. Tied with: the-miz.
R067,Men's,Return context,Rumble with most returning wrestlers,,4,RR2015M,2026-09-30,Uses the existing is_returning_wrestler classification; no absence length is inferred when it is unknown. Tied with: RR2021M.
R068,Men's,Return context,Most Rumble appearances classified as a return,edge,2,RR2020M,2026-09-30,"Counts separately documented return appearances, not ordinary year-to-year participation. Tied with: goldust, rey-mysterio, the-honky-tonk-man, the-hurricane."
R069,Women's,Championship context,Rumble with most reigning champions in the field,,6,RR2025W,2026-09-30,Counts titles held when the Rumble match began; a title lost earlier on the card is not counted. Tied with: RR2026W.
R070,Women's,Championship context,Longest title reign entering a Rumble,bianca-belair,154 days,RR2025W,2026-09-30,Title: WWE Women's Tag Team Championship.
R071,Women's,Championship context,Most Rumble appearances as reigning champion,chelsea-green,2,RR2026W,2026-09-30,"A reigning-champion appearance is counted only when current_champion_title is populated at match start. Tied with: giulia, kairi-sane."
R072,Women's,Return context,Rumble with most returning wrestlers,,11,RR2018W,2026-09-30,Uses the existing is_returning_wrestler classification; no absence length is inferred when it is unknown.
R073,Women's,Return context,Most Rumble appearances classified as a return,molly-holly,3,RR2022W,2026-09-30,"Counts separately documented return appearances, not ordinary year-to-year participation."
R074,Men's,Match dynamics,Highest combined billed weight simultaneously in the ring,,"1,792.0 kg",RR2009M,2026-09-30,Peak window: 46:18-47:02. Complete-timeline events with 100% appearance-specific profile coverage only; no missing value is estimated.
R075,Men's,Match dynamics,Greatest combined billed height simultaneously in the ring,,28.89 m,RR2009M,2026-09-30,Peak window: 46:18-47:02. Complete-timeline events with 100% appearance-specific profile coverage only; no missing value is estimated.
R076,Men's,Field composition,Heaviest combined billed Rumble field,,"4,590.0 kg",RR2011M,2026-09-30,Based on all 40 actual entrants; 100% appearance-specific field coverage required.
R077,Men's,Field composition,Highest average billed weight in a Rumble field,,130.0 kg,RR1996M,2026-09-30,Based on all 30 actual entrants; 100% appearance-specific field coverage required.
R078,Men's,Field composition,Greatest combined billed height in a Rumble field,,75.84 m,RR2011M,2026-09-30,Based on all 40 actual entrants; 100% appearance-specific field coverage required.
R079,Men's,Field composition,Highest average billed height in a Rumble field,,1.921 m,RR1999M,2026-09-30,Based on all 30 actual entrants; 100% appearance-specific field coverage required.
R080,Women's,Field composition,Heaviest combined billed Rumble field,,"1,902.0 kg",RR2023W,2026-09-30,Based on all 30 actual entrants; 100% appearance-specific field coverage required.
R081,Women's,Field composition,Highest average billed weight in a Rumble field,,63.4 kg,RR2023W,2026-09-30,Based on all 30 actual entrants; 100% appearance-specific field coverage required.
R082,Women's,Field composition,Greatest combined billed height in a Rumble field,,50.35 m,RR2021W,2026-09-30,Based on all 30 actual entrants; 100% appearance-specific field coverage required.
R083,Women's,Field composition,Highest average billed height in a Rumble field,,1.678 m,RR2021W,2026-09-30,Based on all 30 actual entrants; 100% appearance-specific field coverage required. Tied with: RR2023W.
R084,Men's,Durability,Longest iron-man streak (most consecutive editions with the longest ring time),chris-benoit,2 consecutive editions,RR2005M,2026-09-30,Streak runs RR2004M to RR2005M in this database's own edition sequence for this division.
R085,Men's,Durability,Best bounce-back (earliest elimination immediately followed by a win the next edition),hulk-hogan,"Eliminated #21 of 30 at RR1989M, won RR1990M",RR1990M,2026-09-30,"Score = elimination position / field size for the earlier event (lower = eliminated earlier); this entrant scored 0.700. Restricted to truly back-to-back editions of this division as present in the database, and to an outright win the following year (not a looser 'deep run' threshold, to keep this record unambiguous)."
R086,Women's,Durability,Longest iron-man streak (most consecutive editions with the longest ring time),bianca-belair,3 consecutive editions,RR2022W,2026-09-30,Streak runs RR2020W to RR2022W in this database's own edition sequence for this division.
R087,Women's,Durability,Best bounce-back (earliest elimination immediately followed by a win the next edition),bayley,"Eliminated #13 of 30 at RR2023W, won RR2024W",RR2024W,2026-09-30,"Score = elimination position / field size for the earlier event (lower = eliminated earlier); this entrant scored 0.433. Restricted to truly back-to-back editions of this division as present in the database, and to an outright win the following year (not a looser 'deep run' threshold, to keep this record unambiguous)."
R088,Women's,Match dynamics,Most wrestlers simultaneously in the ring,,12,RR2021W,2026-09-30,Peak window 17:48-18:45. Tied with: RR2023W. Based on 6 complete-timeline Women's events only; incomplete events are excluded rather than estimated.
R089,Women's,Match dynamics,Highest combined billed weight simultaneously in the ring,,839.0 kg,RR2023W,2026-09-30,Peak window: 51:44-53:41. Complete-timeline events with 100% appearance-specific profile coverage only; no missing value is estimated.
R090,Women's,Match dynamics,Greatest combined billed height simultaneously in the ring,,20.46 m,RR2023W,2026-09-30,Peak window: 51:44-53:41. Complete-timeline events with 100% appearance-specific profile coverage only; no missing value is estimated.
R091,Men's,Frequency,Most runner-up finishes (career),roman-reigns,4,RR2026M,2026-09-30,
R092,Women's,Frequency,Most runner-up finishes (career),charlotte-flair,2,RR2026W,2026-09-30,Tied with: liv-morgan (all at 2).
