event_id,division,metric,peak_value,unit,peak_start_seconds,peak_end_seconds,peak_start_time,peak_end_time,wrestler_ids_at_peak,timed_entrant_count,eligible_entrant_count,profiled_entrant_count,profile_coverage_percentage,data_quality_status,notes
RR1988M,Men's,combined_billed_weight,1433.0,kg,1593,1621,26:33,27:01,b-brian-blair;danny-davis;dino-bravo;don-muraco;hillbilly-jim;jake-roberts;jim-duggan;nikolai-volkoff;one-man-gang;ron-bass;the-ultimate-warrior,20,20,20,100.0,DERIVED,Complete-timeline and complete appearance-specific physical-profile events only. Uses the same half-open intervals as ring_occupancy_stats.csv; no missing physical value is estimated.
RR1988M,Men's,combined_billed_height,21.09,m,1593,1621,26:33,27:01,b-brian-blair;danny-davis;dino-bravo;don-muraco;hillbilly-jim;jake-roberts;jim-duggan;nikolai-volkoff;one-man-gang;ron-bass;the-ultimate-warrior,20,20,20,100.0,DERIVED,Complete-timeline and complete appearance-specific physical-profile events only. Uses the same half-open intervals as ring_occupancy_stats.csv; no missing physical value is estimated.
RR1990M,Men's,combined_billed_weight,1182.0,kg,1680,1695,28:00,28:15,andre-the-giant;ax;bret-hart;dusty-rhodes;haku;one-man-gang;smash;ted-dibiase,30,30,30,100.0,DERIVED,Complete-timeline and complete appearance-specific physical-profile events only. Uses the same half-open intervals as ring_occupancy_stats.csv; no missing physical value is estimated.
RR1990M,Men's,combined_billed_height,15.56,m,1680,1695,28:00,28:15,andre-the-giant;ax;bret-hart;dusty-rhodes;haku;one-man-gang;smash;ted-dibiase,30,30,30,100.0,DERIVED,Complete-timeline and complete appearance-specific physical-profile events only. Uses the same half-open intervals as ring_occupancy_stats.csv; no missing physical value is estimated.
RR1991M,Men's,combined_billed_weight,1465.0,kg,3260,3294,54:20,54:54,brian-knobbs;british-bulldog;demolition-crush;earthquake;haku;hulk-hogan;jim-neidhart;mr-perfect;rick-martel;shane-douglas;the-warlord,29,29,29,100.0,DERIVED,Complete-timeline and complete appearance-specific physical-profile events only. Uses the same half-open intervals as ring_occupancy_stats.csv; no missing physical value is estimated.
RR1991M,Men's,combined_billed_height,20.91,m,3260,3294,54:20,54:54,brian-knobbs;british-bulldog;demolition-crush;earthquake;haku;hulk-hogan;jim-neidhart;mr-perfect;rick-martel;shane-douglas;the-warlord,29,29,29,100.0,DERIVED,Complete-timeline and complete appearance-specific physical-profile events only. Uses the same half-open intervals as ring_occupancy_stats.csv; no missing physical value is estimated.
RR1992M,Men's,combined_billed_weight,1187.0,kg,3002,3058,50:02,50:58,hulk-hogan;irwin-r-schyster;jim-duggan;randy-savage;ric-flair;rick-martel;roddy-piper;the-berzerker;the-undertaker;virgil,30,30,30,100.0,DERIVED,Complete-timeline and complete appearance-specific physical-profile events only. Uses the same half-open intervals as ring_occupancy_stats.csv; no missing physical value is estimated.
RR1992M,Men's,combined_billed_height,19.18,m,3002,3058,50:02,50:58,hulk-hogan;irwin-r-schyster;jim-duggan;randy-savage;ric-flair;rick-martel;roddy-piper;the-berzerker;the-undertaker;virgil,30,30,30,100.0,DERIVED,Complete-timeline and complete appearance-specific physical-profile events only. Uses the same half-open intervals as ring_occupancy_stats.csv; no missing physical value is estimated.
RR1993M,Men's,combined_billed_weight,1134.0,kg,3105,3130,51:45,52:10,bob-backlund;carlos-colon;earthquake;jerry-sags;rick-martel;tatanka;tito-santana;yokozuna,30,30,30,100.0,DERIVED,Complete-timeline and complete appearance-specific physical-profile events only. Uses the same half-open intervals as ring_occupancy_stats.csv; no missing physical value is estimated.
RR1993M,Men's,combined_billed_height,16.87,m,1462,1496,24:22,24:56,bob-backlund;genichiro-tenryu;jerry-lawler;koko-b-ware;mr-perfect;samu;ted-dibiase;the-berzerker;virgil,30,30,30,100.0,DERIVED,Complete-timeline and complete appearance-specific physical-profile events only. Uses the same half-open intervals as ring_occupancy_stats.csv; no missing physical value is estimated.
RR1994M,Men's,combined_billed_weight,1583.0,kg,2694,2721,44:54,45:21,adam-bomb;bam-bam-bigelow;bret-hart;fatu;genichiro-tenryu;greg-valentine;lex-luger;marty-jannetty;mo;rick-martel;shawn-michaels;sparky-plugg;tatanka,29,29,29,100.0,DERIVED,Complete-timeline and complete appearance-specific physical-profile events only. Uses the same half-open intervals as ring_occupancy_stats.csv; no missing physical value is estimated.
RR1994M,Men's,combined_billed_height,24.32,m,2694,2721,44:54,45:21,adam-bomb;bam-bam-bigelow;bret-hart;fatu;genichiro-tenryu;greg-valentine;lex-luger;marty-jannetty;mo;rick-martel;shawn-michaels;sparky-plugg;tatanka,29,29,29,100.0,DERIVED,Complete-timeline and complete appearance-specific physical-profile events only. Uses the same half-open intervals as ring_occupancy_stats.csv; no missing physical value is estimated.
RR1995M,Men's,combined_billed_weight,1506.0,kg,1642,1663,27:22,27:43,adam-bomb;aldo-montoya;bart-gunn;billy-gunn;british-bulldog;dick-murdoch;fatu;henry-godwinn;lex-luger;mantaur;shawn-michaels;steven-dunn,30,30,30,100.0,DERIVED,Complete-timeline and complete appearance-specific physical-profile events only. Uses the same half-open intervals as ring_occupancy_stats.csv; no missing physical value is estimated.
RR1995M,Men's,combined_billed_height,22.78,m,1705,1709,28:25,28:29,adam-bomb;aldo-montoya;bart-gunn;billy-gunn;british-bulldog;demolition-crush;dick-murdoch;fatu;henry-godwinn;lex-luger;shawn-michaels;steven-dunn,30,30,30,100.0,DERIVED,Complete-timeline and complete appearance-specific physical-profile events only. Uses the same half-open intervals as ring_occupancy_stats.csv; no missing physical value is estimated.
RR1996M,Men's,combined_billed_weight,1333.0,kg,1224,1256,20:24,20:56,1-2-3-kid;bob-holly;dory-funk-jr;hunter-hearst-helmsley;jake-roberts;jerry-lawler;mabel;savio-vega;takao-omori;yokozuna,30,30,30,100.0,DERIVED,Complete-timeline and complete appearance-specific physical-profile events only. Uses the same half-open intervals as ring_occupancy_stats.csv; no missing physical value is estimated.
RR1996M,Men's,combined_billed_height,18.99,m,1224,1256,20:24,20:56,1-2-3-kid;bob-holly;dory-funk-jr;hunter-hearst-helmsley;jake-roberts;jerry-lawler;mabel;savio-vega;takao-omori;yokozuna,30,30,30,100.0,DERIVED,Complete-timeline and complete appearance-specific physical-profile events only. Uses the same half-open intervals as ring_occupancy_stats.csv; no missing physical value is estimated.
RR1997M,Men's,combined_billed_weight,1314.0,kg,2612,2684,43:32,44:44,bret-hart;fake-diesel;flash-funk;henry-godwinn;mankind;rocky-maivia;steve-austin;terry-funk;the-undertaker;vader,30,30,30,100.0,DERIVED,Complete-timeline and complete appearance-specific physical-profile events only. Uses the same half-open intervals as ring_occupancy_stats.csv; no missing physical value is estimated.
RR1997M,Men's,combined_billed_height,19.28,m,2612,2684,43:32,44:44,bret-hart;fake-diesel;flash-funk;henry-godwinn;mankind;rocky-maivia;steve-austin;terry-funk;the-undertaker;vader,30,30,30,100.0,DERIVED,Complete-timeline and complete appearance-specific physical-profile events only. Uses the same half-open intervals as ring_occupancy_stats.csv; no missing physical value is estimated.
RR1998M,Men's,combined_billed_weight,1720.0,kg,3016,3030,50:16,50:30,chainz;dude-love;faarooq;goldust;henry-godwinn;kama;mark-henry;rocky-maivia;savio-vega;steve-austin;the-honky-tonk-man;thrasher;vader,29,29,29,100.0,DERIVED,Complete-timeline and complete appearance-specific physical-profile events only. Uses the same half-open intervals as ring_occupancy_stats.csv; no missing physical value is estimated.
RR1998M,Men's,combined_billed_height,24.89,m,3016,3030,50:16,50:30,chainz;dude-love;faarooq;goldust;henry-godwinn;kama;mark-henry;rocky-maivia;savio-vega;steve-austin;the-honky-tonk-man;thrasher;vader,29,29,29,100.0,DERIVED,Complete-timeline and complete appearance-specific physical-profile events only. Uses the same half-open intervals as ring_occupancy_stats.csv; no missing physical value is estimated.
RR1999M,Men's,combined_billed_weight,1221.0,kg,2585,2605,43:05,43:25,1-2-3-kid;big-boss-man;d-lo-brown;hunter-hearst-helmsley;jeff-jarrett;mark-henry;steve-austin;test;val-venis;vince-mcmahon,30,30,30,100.0,DERIVED,Complete-timeline and complete appearance-specific physical-profile events only. Uses the same half-open intervals as ring_occupancy_stats.csv; no missing physical value is estimated.
RR1999M,Men's,combined_billed_height,19.08,m,2585,2605,43:05,43:25,1-2-3-kid;big-boss-man;d-lo-brown;hunter-hearst-helmsley;jeff-jarrett;mark-henry;steve-austin;test;val-venis;vince-mcmahon,30,30,30,100.0,DERIVED,Complete-timeline and complete appearance-specific physical-profile events only. Uses the same half-open intervals as ring_occupancy_stats.csv; no missing physical value is estimated.
RR2000M,Men's,combined_billed_weight,1305.0,kg,2443,2446,40:43,40:46,al-snow;big-show;billy-gunn;gangrel;hardcore-holly;jesse-james;prince-albert;rocky-maivia;test;val-venis,30,30,30,100.0,DERIVED,Complete-timeline and complete appearance-specific physical-profile events only. Uses the same half-open intervals as ring_occupancy_stats.csv; no missing physical value is estimated.
RR2000M,Men's,combined_billed_height,19.36,m,2443,2446,40:43,40:46,al-snow;big-show;billy-gunn;gangrel;hardcore-holly;jesse-james;prince-albert;rocky-maivia;test;val-venis,30,30,30,100.0,DERIVED,Complete-timeline and complete appearance-specific physical-profile events only. Uses the same half-open intervals as ring_occupancy_stats.csv; no missing physical value is estimated.
RR2001M,Men's,combined_billed_weight,1237.0,kg,2346,2356,39:06,39:16,big-show;bradshaw;hardcore-holly;k-kwik;kane;prince-albert;rocky-maivia;test;val-venis,30,30,30,100.0,DERIVED,Complete-timeline and complete appearance-specific physical-profile events only. Uses the same half-open intervals as ring_occupancy_stats.csv; no missing physical value is estimated.
RR2001M,Men's,combined_billed_height,17.81,m,2346,2356,39:06,39:16,big-show;bradshaw;hardcore-holly;k-kwik;kane;prince-albert;rocky-maivia;test;val-venis,30,30,30,100.0,DERIVED,Complete-timeline and complete appearance-specific physical-profile events only. Uses the same half-open intervals as ring_occupancy_stats.csv; no missing physical value is estimated.
RR2002M,Men's,combined_billed_weight,825.0,kg,3456,3501,57:36,58:21,big-show;hunter-hearst-helmsley;kane;kurt-angle;mr-perfect;steve-austin,30,30,30,100.0,DERIVED,Complete-timeline and complete appearance-specific physical-profile events only. Uses the same half-open intervals as ring_occupancy_stats.csv; no missing physical value is estimated.
RR2002M,Men's,combined_billed_height,11.81,m,3456,3501,57:36,58:21,big-show;hunter-hearst-helmsley;kane;kurt-angle;mr-perfect;steve-austin,30,30,30,100.0,DERIVED,Complete-timeline and complete appearance-specific physical-profile events only. Uses the same half-open intervals as ring_occupancy_stats.csv; no missing physical value is estimated.
RR2003M,Men's,combined_billed_weight,1658.0,kg,2476,2523,41:16,42:03,booker-t;charlie-haas;goldust;jamal;john-cena;kane;matt-hardy;maven;prince-albert;rikishi;rob-van-dam;shelton-benjamin;test,30,30,30,100.0,DERIVED,Complete-timeline and complete appearance-specific physical-profile events only. Uses the same half-open intervals as ring_occupancy_stats.csv; no missing physical value is estimated.
RR2003M,Men's,combined_billed_height,24.99,m,2476,2523,41:16,42:03,booker-t;charlie-haas;goldust;jamal;john-cena;kane;matt-hardy;maven;prince-albert;rikishi;rob-van-dam;shelton-benjamin;test,30,30,30,100.0,DERIVED,Complete-timeline and complete appearance-specific physical-profile events only. Uses the same half-open intervals as ring_occupancy_stats.csv; no missing physical value is estimated.
RR2004M,Men's,combined_billed_weight,1189.0,kg,2889,2916,48:09,48:36,big-show;bill-goldberg;billy-gunn;charlie-haas;chris-benoit;chris-jericho;john-cena;kurt-angle;nunzio;rob-van-dam,29,29,29,100.0,DERIVED,Complete-timeline and complete appearance-specific physical-profile events only. Uses the same half-open intervals as ring_occupancy_stats.csv; no missing physical value is estimated.
RR2004M,Men's,combined_billed_height,18.74,m,2889,2916,48:09,48:36,big-show;bill-goldberg;billy-gunn;charlie-haas;chris-benoit;chris-jericho;john-cena;kurt-angle;nunzio;rob-van-dam,29,29,29,100.0,DERIVED,Complete-timeline and complete appearance-specific physical-profile events only. Uses the same half-open intervals as ring_occupancy_stats.csv; no missing physical value is estimated.
RR2005M,Men's,combined_billed_weight,1078.0,kg,1438,1462,23:58,24:22,booker-t;charlie-haas;chris-benoit;chris-jericho;eddie-guerrero;edge;luther-reigns;orlando-jordan;rey-mysterio;shelton-benjamin,29,29,29,100.0,DERIVED,Complete-timeline and complete appearance-specific physical-profile events only. Uses the same half-open intervals as ring_occupancy_stats.csv; no missing physical value is estimated.
RR2005M,Men's,combined_billed_height,18.58,m,1438,1462,23:58,24:22,booker-t;charlie-haas;chris-benoit;chris-jericho;eddie-guerrero;edge;luther-reigns;orlando-jordan;rey-mysterio;shelton-benjamin,29,29,29,100.0,DERIVED,Complete-timeline and complete appearance-specific physical-profile events only. Uses the same half-open intervals as ring_occupancy_stats.csv; no missing physical value is estimated.
RR2006M,Men's,combined_billed_weight,1602.0,kg,2949,2967,49:09,49:27,carlito;chris-benoit;chris-masters;goldust;hunter-hearst-helmsley;joey-mercury;johnny-nitro;mabel;orlando-jordan;randy-orton;rey-mysterio;rob-van-dam;shawn-michaels;shelton-benjamin,30,30,30,100.0,DERIVED,Complete-timeline and complete appearance-specific physical-profile events only. Uses the same half-open intervals as ring_occupancy_stats.csv; no missing physical value is estimated.
RR2006M,Men's,combined_billed_height,26.19,m,2949,2967,49:09,49:27,carlito;chris-benoit;chris-masters;goldust;hunter-hearst-helmsley;joey-mercury;johnny-nitro;mabel;orlando-jordan;randy-orton;rey-mysterio;rob-van-dam;shawn-michaels;shelton-benjamin,30,30,30,100.0,DERIVED,Complete-timeline and complete appearance-specific physical-profile events only. Uses the same half-open intervals as ring_occupancy_stats.csv; no missing physical value is estimated.
RR2007M,Men's,combined_billed_weight,1400.0,kg,1929,1954,32:09,32:34,chris-benoit;cm-punk;edge;finlay;hardcore-holly;johnny-nitro;kevin-thorn;mabel;randy-orton;rob-van-dam;shawn-michaels;shelton-benjamin,30,30,30,100.0,DERIVED,Complete-timeline and complete appearance-specific physical-profile events only. Uses the same half-open intervals as ring_occupancy_stats.csv; no missing physical value is estimated.
RR2007M,Men's,combined_billed_height,22.67,m,1929,1954,32:09,32:34,chris-benoit;cm-punk;edge;finlay;hardcore-holly;johnny-nitro;kevin-thorn;mabel;randy-orton;rob-van-dam;shawn-michaels;shelton-benjamin,30,30,30,100.0,DERIVED,Complete-timeline and complete appearance-specific physical-profile events only. Uses the same half-open intervals as ring_occupancy_stats.csv; no missing physical value is estimated.
RR2008M,Men's,combined_billed_weight,1591.0,kg,2408,2416,40:08,40:16,batista;carlito;chavo-guerrero;cody-rhodes;elijah-burke;hunter-hearst-helmsley;jamal;kane;mabel;mark-henry;mick-foley;mr-kennedy,29,29,29,100.0,DERIVED,Complete-timeline and complete appearance-specific physical-profile events only. Uses the same half-open intervals as ring_occupancy_stats.csv; no missing physical value is estimated.
RR2008M,Men's,combined_billed_height,25.01,m,1856,1951,30:56,32:31,batista;carlito;cm-punk;cody-rhodes;gene-snitsky;jamal;johnny-nitro;kane;mick-foley;mr-kennedy;shawn-michaels;the-miz;the-undertaker,29,29,29,100.0,DERIVED,Complete-timeline and complete appearance-specific physical-profile events only. Uses the same half-open intervals as ring_occupancy_stats.csv; no missing physical value is estimated.
RR2009M,Men's,combined_billed_weight,1792.0,kg,2778,2822,46:18,47:02,big-show;chris-jericho;cm-punk;cody-rhodes;finlay;hunter-hearst-helmsley;jim-duggan;kane;mike-knox;r-truth;randy-orton;rey-mysterio;rob-van-dam;ted-dibiase-jr;the-undertaker,30,30,30,100.0,DERIVED,Complete-timeline and complete appearance-specific physical-profile events only. Uses the same half-open intervals as ring_occupancy_stats.csv; no missing physical value is estimated.
RR2009M,Men's,combined_billed_height,28.89,m,2778,2822,46:18,47:02,big-show;chris-jericho;cm-punk;cody-rhodes;finlay;hunter-hearst-helmsley;jim-duggan;kane;mike-knox;r-truth;randy-orton;rey-mysterio;rob-van-dam;ted-dibiase-jr;the-undertaker,30,30,30,100.0,DERIVED,Complete-timeline and complete appearance-specific physical-profile events only. Uses the same half-open intervals as ring_occupancy_stats.csv; no missing physical value is estimated.
RR2010M,Men's,combined_billed_weight,1014.0,kg,1343,1350,22:23,22:30,carlito;cody-rhodes;drew-mcintyre;hunter-hearst-helmsley;johnny-nitro;kane;mvp;ted-dibiase-jr;the-miz,30,30,30,100.0,DERIVED,Complete-timeline and complete appearance-specific physical-profile events only. Uses the same half-open intervals as ring_occupancy_stats.csv; no missing physical value is estimated.
RR2010M,Men's,combined_billed_height,17.21,m,1343,1350,22:23,22:30,carlito;cody-rhodes;drew-mcintyre;hunter-hearst-helmsley;johnny-nitro;kane;mvp;ted-dibiase-jr;the-miz,30,30,30,100.0,DERIVED,Complete-timeline and complete appearance-specific physical-profile events only. Uses the same half-open intervals as ring_occupancy_stats.csv; no missing physical value is estimated.
RR2011M,Men's,combined_billed_weight,1078.0,kg,3244,3291,54:04,54:51,alex-riley;big-show;dolph-ziggler;drew-mcintyre;john-cena;kofi-kingston;rey-mysterio;sheamus;wade-barrett,40,40,40,100.0,DERIVED,Complete-timeline and complete appearance-specific physical-profile events only. Uses the same half-open intervals as ring_occupancy_stats.csv; no missing physical value is estimated.
RR2011M,Men's,combined_billed_height,17.11,m,3244,3291,54:04,54:51,alex-riley;big-show;dolph-ziggler;drew-mcintyre;john-cena;kofi-kingston;rey-mysterio;sheamus;wade-barrett,40,40,40,100.0,DERIVED,Complete-timeline and complete appearance-specific physical-profile events only. Uses the same half-open intervals as ring_occupancy_stats.csv; no missing physical value is estimated.
RR2012M,Men's,combined_billed_weight,983.0,kg,2489,2555,41:29,42:35,cody-rhodes;david-otunga;dolph-ziggler;jack-swagger;jey-uso;randy-orton;sheamus;the-miz;wade-barrett,30,30,30,100.0,DERIVED,Complete-timeline and complete appearance-specific physical-profile events only. Uses the same half-open intervals as ring_occupancy_stats.csv; no missing physical value is estimated.
RR2012M,Men's,combined_billed_height,17.19,m,2489,2555,41:29,42:35,cody-rhodes;david-otunga;dolph-ziggler;jack-swagger;jey-uso;randy-orton;sheamus;the-miz;wade-barrett,30,30,30,100.0,DERIVED,Complete-timeline and complete appearance-specific physical-profile events only. Uses the same half-open intervals as ring_occupancy_stats.csv; no missing physical value is estimated.
RR2013M,Men's,combined_billed_weight,1379.0,kg,2260,2268,37:40,37:48,bo-dallas;cesaro;chris-jericho;damien-sandow;daniel-bryan;dolph-ziggler;john-cena;kane;sheamus;the-great-khali;wade-barrett;zack-ryder,30,30,30,100.0,DERIVED,Complete-timeline and complete appearance-specific physical-profile events only. Uses the same half-open intervals as ring_occupancy_stats.csv; no missing physical value is estimated.
RR2013M,Men's,combined_billed_height,23.11,m,2260,2268,37:40,37:48,bo-dallas;cesaro;chris-jericho;damien-sandow;daniel-bryan;dolph-ziggler;john-cena;kane;sheamus;the-great-khali;wade-barrett;zack-ryder,30,30,30,100.0,DERIVED,Complete-timeline and complete appearance-specific physical-profile events only. Uses the same half-open intervals as ring_occupancy_stats.csv; no missing physical value is estimated.
RR2014M,Men's,combined_billed_weight,1292.0,kg,2537,2556,42:17,42:36,alberto-del-rio;batista;cesaro;cm-punk;dean-ambrose;erick-rowan;luke-harper;roman-reigns;ryback;seth-rollins;sheamus,30,30,30,100.0,DERIVED,Complete-timeline and complete appearance-specific physical-profile events only. Uses the same half-open intervals as ring_occupancy_stats.csv; no missing physical value is estimated.
RR2014M,Men's,combined_billed_height,21.28,m,2537,2556,42:17,42:36,alberto-del-rio;batista;cesaro;cm-punk;dean-ambrose;erick-rowan;luke-harper;roman-reigns;ryback;seth-rollins;sheamus,30,30,30,100.0,DERIVED,Complete-timeline and complete appearance-specific physical-profile events only. Uses the same half-open intervals as ring_occupancy_stats.csv; no missing physical value is estimated.
RR2015M,Men's,combined_billed_weight,1340.0,kg,2932,2972,48:52,49:32,big-show;bray-wyatt;cesaro;dean-ambrose;jack-swagger;kane;roman-reigns;rusev;ryback;wade-barrett,29,29,29,100.0,DERIVED,Complete-timeline and complete appearance-specific physical-profile events only. Uses the same half-open intervals as ring_occupancy_stats.csv; no missing physical value is estimated.
RR2015M,Men's,combined_billed_height,19.73,m,2932,2972,48:52,49:32,big-show;bray-wyatt;cesaro;dean-ambrose;jack-swagger;kane;roman-reigns;rusev;ryback;wade-barrett,29,29,29,100.0,DERIVED,Complete-timeline and complete appearance-specific physical-profile events only. Uses the same half-open intervals as ring_occupancy_stats.csv; no missing physical value is estimated.
RR2016M,Men's,combined_billed_weight,1177.0,kg,1489,1514,24:49,25:14,aj-styles;big-show;chris-jericho;cody-rhodes;kane;luke-harper;roman-reigns;ryback;titus-oneil,30,30,30,100.0,DERIVED,Complete-timeline and complete appearance-specific physical-profile events only. Uses the same half-open intervals as ring_occupancy_stats.csv; no missing physical value is estimated.
RR2016M,Men's,combined_billed_height,17.53,m,1489,1514,24:49,25:14,aj-styles;big-show;chris-jericho;cody-rhodes;kane;luke-harper;roman-reigns;ryback;titus-oneil,30,30,30,100.0,DERIVED,Complete-timeline and complete appearance-specific physical-profile events only. Uses the same half-open intervals as ring_occupancy_stats.csv; no missing physical value is estimated.
RR2017M,Men's,combined_billed_weight,1453.0,kg,2353,2392,39:13,39:52,apollo-crews;baron-corbin;big-e;bray-wyatt;cesaro;chris-jericho;dean-ambrose;kofi-kingston;rusev;sami-zayn;sheamus;the-miz;xavier-woods,30,30,30,100.0,DERIVED,Complete-timeline and complete appearance-specific physical-profile events only. Uses the same half-open intervals as ring_occupancy_stats.csv; no missing physical value is estimated.
RR2017M,Men's,combined_billed_height,24.41,m,2353,2392,39:13,39:52,apollo-crews;baron-corbin;big-e;bray-wyatt;cesaro;chris-jericho;dean-ambrose;kofi-kingston;rusev;sami-zayn;sheamus;the-miz;xavier-woods,30,30,30,100.0,DERIVED,Complete-timeline and complete appearance-specific physical-profile events only. Uses the same half-open intervals as ring_occupancy_stats.csv; no missing physical value is estimated.
RR2018M,Men's,combined_billed_weight,1195.0,kg,1621,1635,27:01,27:15,andrade;big-e;bray-wyatt;cesaro;elias;finn-balor;jinder-mahal;kofi-kingston;rusev;seth-rollins;shinsuke-nakamura,30,30,30,100.0,DERIVED,Complete-timeline and complete appearance-specific physical-profile events only. Uses the same half-open intervals as ring_occupancy_stats.csv; no missing physical value is estimated.
RR2018M,Men's,combined_billed_height,20.4,m,1621,1635,27:01,27:15,andrade;big-e;bray-wyatt;cesaro;elias;finn-balor;jinder-mahal;kofi-kingston;rusev;seth-rollins;shinsuke-nakamura,30,30,30,100.0,DERIVED,Complete-timeline and complete appearance-specific physical-profile events only. Uses the same half-open intervals as ring_occupancy_stats.csv; no missing physical value is estimated.
RR2018W,Women's,combined_billed_weight,578.0,kg,2851,2993,47:31,49:53,asuka;bayley;brie-bella;mickie-james;natalya;nia-jax;nikki-bella;sasha-banks;trish-stratus,30,30,30,100.0,DERIVED,Complete-timeline and complete appearance-specific physical-profile events only. Uses the same half-open intervals as ring_occupancy_stats.csv; no missing physical value is estimated.
RR2018W,Women's,combined_billed_height,15.05,m,2851,2993,47:31,49:53,asuka;bayley;brie-bella;mickie-james;natalya;nia-jax;nikki-bella;sasha-banks;trish-stratus,30,30,30,100.0,DERIVED,Complete-timeline and complete appearance-specific physical-profile events only. Uses the same half-open intervals as ring_occupancy_stats.csv; no missing physical value is estimated.
RR2019M,Men's,combined_billed_weight,988.0,kg,2567,2579,42:47,42:59,andrade;baron-corbin;braun-strowman;drew-mcintyre;jeff-hardy;mustafa-ali;rey-mysterio;seth-rollins;shelton-benjamin,30,30,30,100.0,DERIVED,Complete-timeline and complete appearance-specific physical-profile events only. Uses the same half-open intervals as ring_occupancy_stats.csv; no missing physical value is estimated.
RR2019M,Men's,combined_billed_height,16.76,m,2567,2579,42:47,42:59,andrade;baron-corbin;braun-strowman;drew-mcintyre;jeff-hardy;mustafa-ali;rey-mysterio;seth-rollins;shelton-benjamin,30,30,30,100.0,DERIVED,Complete-timeline and complete appearance-specific physical-profile events only. Uses the same half-open intervals as ring_occupancy_stats.csv; no missing physical value is estimated.
RR2019W,Women's,combined_billed_weight,615.0,kg,1280,1314,21:20,21:54,billie-kay;charlotte-flair;ember-moon;lacey-evans;mandy-rose;natalya;peyton-royce;sarah-logan;tamina;xia-li,30,30,30,100.0,DERIVED,Complete-timeline and complete appearance-specific physical-profile events only. Uses the same half-open intervals as ring_occupancy_stats.csv; no missing physical value is estimated.
RR2019W,Women's,combined_billed_height,16.88,m,1280,1314,21:20,21:54,billie-kay;charlotte-flair;ember-moon;lacey-evans;mandy-rose;natalya;peyton-royce;sarah-logan;tamina;xia-li,30,30,30,100.0,DERIVED,Complete-timeline and complete appearance-specific physical-profile events only. Uses the same half-open intervals as ring_occupancy_stats.csv; no missing physical value is estimated.
RR2020M,Men's,combined_billed_weight,905.0,kg,3045,3106,50:45,51:46,aleister-black;drew-mcintyre;edge;kevin-owens;randy-orton;roman-reigns;samoa-joe;seth-rollins,30,30,30,100.0,DERIVED,Complete-timeline and complete appearance-specific physical-profile events only. Uses the same half-open intervals as ring_occupancy_stats.csv; no missing physical value is estimated.
RR2020M,Men's,combined_billed_height,15.18,m,3045,3106,50:45,51:46,aleister-black;drew-mcintyre;edge;kevin-owens;randy-orton;roman-reigns;samoa-joe;seth-rollins,30,30,30,100.0,DERIVED,Complete-timeline and complete appearance-specific physical-profile events only. Uses the same half-open intervals as ring_occupancy_stats.csv; no missing physical value is estimated.
RR2020W,Women's,combined_billed_weight,703.0,kg,2869,2930,47:49,48:50,beth-phoenix;carmella;charlotte-flair;naomi;natalya;santino-marella;shotzi-blackheart;tegan-nox;toni-storm;xia-li;zelina-vega,30,30,30,100.0,DERIVED,Complete-timeline and complete appearance-specific physical-profile events only. Uses the same half-open intervals as ring_occupancy_stats.csv; no missing physical value is estimated.
RR2020W,Women's,combined_billed_height,18.5,m,2869,2930,47:49,48:50,beth-phoenix;carmella;charlotte-flair;naomi;natalya;santino-marella;shotzi-blackheart;tegan-nox;toni-storm;xia-li;zelina-vega,30,30,30,100.0,DERIVED,Complete-timeline and complete appearance-specific physical-profile events only. Uses the same half-open intervals as ring_occupancy_stats.csv; no missing physical value is estimated.
RR2021M,Men's,combined_billed_weight,1098.0,kg,3035,3067,50:35,51:07,aj-styles;braun-strowman;cesaro;christian;daniel-bryan;edge;matt-riddle;randy-orton;seth-rollins;sheamus,30,30,30,100.0,DERIVED,Complete-timeline and complete appearance-specific physical-profile events only. Uses the same half-open intervals as ring_occupancy_stats.csv; no missing physical value is estimated.
RR2021M,Men's,combined_billed_height,18.93,m,1685,1712,28:05,28:32,big-e;damian-priest;daniel-bryan;dolph-ziggler;edge;kane;matt-riddle;randy-orton;ricochet;shinsuke-nakamura,30,30,30,100.0,DERIVED,Complete-timeline and complete appearance-specific physical-profile events only. Uses the same half-open intervals as ring_occupancy_stats.csv; no missing physical value is estimated.
RR2021W,Women's,combined_billed_weight,725.0,kg,1068,1125,17:48,18:45,bayley;bianca-belair;billie-kay;jillian-hall;liv-morgan;naomi;peyton-royce;ruby-riott;santana-garrett;shayna-baszler;toni-storm;victoria,30,30,30,100.0,DERIVED,Complete-timeline and complete appearance-specific physical-profile events only. Uses the same half-open intervals as ring_occupancy_stats.csv; no missing physical value is estimated.
RR2021W,Women's,combined_billed_height,20.13,m,1068,1125,17:48,18:45,bayley;bianca-belair;billie-kay;jillian-hall;liv-morgan;naomi;peyton-royce;ruby-riott;santana-garrett;shayna-baszler;toni-storm;victoria,30,30,30,100.0,DERIVED,Complete-timeline and complete appearance-specific physical-profile events only. Uses the same half-open intervals as ring_occupancy_stats.csv; no missing physical value is estimated.
RR2022M,Men's,combined_billed_weight,977.0,kg,2521,2578,42:01,42:58,bad-bunny;big-e;dolph-ziggler;drew-mcintyre;kevin-owens;matt-riddle;otis;rey-mysterio;sheamus,30,30,30,100.0,DERIVED,Complete-timeline and complete appearance-specific physical-profile events only. Uses the same half-open intervals as ring_occupancy_stats.csv; no missing physical value is estimated.
RR2022M,Men's,combined_billed_height,16.47,m,2521,2578,42:01,42:58,bad-bunny;big-e;dolph-ziggler;drew-mcintyre;kevin-owens;matt-riddle;otis;rey-mysterio;sheamus,30,30,30,100.0,DERIVED,Complete-timeline and complete appearance-specific physical-profile events only. Uses the same half-open intervals as ring_occupancy_stats.csv; no missing physical value is estimated.
RR2022W,Women's,combined_billed_weight,615.0,kg,2607,2650,43:27,44:10,bianca-belair;brie-bella;charlotte-flair;liv-morgan;mickie-james;natalya;nikki-bella;nikki-cross;rhea-ripley;sarah-logan,30,30,30,100.0,DERIVED,Complete-timeline and complete appearance-specific physical-profile events only. Uses the same half-open intervals as ring_occupancy_stats.csv; no missing physical value is estimated.
RR2022W,Women's,combined_billed_height,16.85,m,2386,2438,39:46,40:38,alicia-fox;bianca-belair;brie-bella;charlotte-flair;liv-morgan;mickie-james;natalya;nikki-cross;rhea-ripley;summer-rae,30,30,30,100.0,DERIVED,Complete-timeline and complete appearance-specific physical-profile events only. Uses the same half-open intervals as ring_occupancy_stats.csv; no missing physical value is estimated.
RR2023M,Men's,combined_billed_weight,993.0,kg,2892,2937,48:12,48:57,austin-theory;braun-strowman;dominik-mysterio;drew-mcintyre;gunther;omos;seth-rollins;sheamus,29,29,29,100.0,DERIVED,Complete-timeline and complete appearance-specific physical-profile events only. Uses the same half-open intervals as ring_occupancy_stats.csv; no missing physical value is estimated.
RR2023M,Men's,combined_billed_height,16.75,m,1022,1079,17:02,17:59,angelo-dawkins;chad-gable;drew-mcintyre;gunther;johnny-gargano;kofi-kingston;santos-escobar;sheamus;xavier-woods,29,29,29,100.0,DERIVED,Complete-timeline and complete appearance-specific physical-profile events only. Uses the same half-open intervals as ring_occupancy_stats.csv; no missing physical value is estimated.
RR2023W,Women's,combined_billed_weight,839.0,kg,3104,3221,51:44,53:41,asuka;lacey-evans;liv-morgan;mia-yim;michelle-mccool;nia-jax;nikki-cross;piper-niven;raquel-rodriguez;rhea-ripley;shotzi-blackheart;sonya-deville,30,30,30,100.0,DERIVED,Complete-timeline and complete appearance-specific physical-profile events only. Uses the same half-open intervals as ring_occupancy_stats.csv; no missing physical value is estimated.
RR2023W,Women's,combined_billed_height,20.46,m,3104,3221,51:44,53:41,asuka;lacey-evans;liv-morgan;mia-yim;michelle-mccool;nia-jax;nikki-cross;piper-niven;raquel-rodriguez;rhea-ripley;shotzi-blackheart;sonya-deville,30,30,30,100.0,DERIVED,Complete-timeline and complete appearance-specific physical-profile events only. Uses the same half-open intervals as ring_occupancy_stats.csv; no missing physical value is estimated.
