event_id,division,peak_in_ring_count,peak_start_seconds,peak_end_seconds,peak_start_time,peak_end_time,wrestler_ids_at_peak,timed_entrant_count,eligible_entrant_count,coverage_percentage,data_quality_status,notes
RR1988M,Men's,11,1361,1375,22:41,22:55,b-brian-blair;bret-hart;danny-davis;don-muraco;hillbilly-jim;jake-roberts;jim-duggan;jim-neidhart;nikolai-volkoff;ron-bass;sam-houston,20,20,100.0,DERIVED,"Complete-timeline events only. Timeline method: sourced_physical_entry_plus_ring_time. Uses sourced ring-time/clock fields, half-open intervals, and no assumed entry-gap timing."
RR1990M,Men's,8,1680,1695,28:00,28:15,andre-the-giant;ax;bret-hart;dusty-rhodes;haku;one-man-gang;smash;ted-dibiase,30,30,100.0,DERIVED,"Complete-timeline events only. Timeline method: sourced_physical_entry_plus_ring_time. Uses sourced ring-time/clock fields, half-open intervals, and no assumed entry-gap timing."
RR1991M,Men's,11,1814,1828,30:14,30:28,british-bulldog;greg-valentine;hawk;hercules;jimmy-snuka;rick-martel;shane-douglas;smash;texas-tornado;the-undertaker;tito-santana,29,29,100.0,DERIVED,"Complete-timeline events only. Timeline method: sourced_physical_entry_plus_ring_time. Uses sourced ring-time/clock fields, half-open intervals, and no assumed entry-gap timing."
RR1992M,Men's,10,2879,2928,47:59,48:48,col-mustafa;irwin-r-schyster;jim-duggan;randy-savage;ric-flair;rick-martel;roddy-piper;the-berzerker;the-undertaker;virgil,30,30,100.0,DERIVED,"Complete-timeline events only. Timeline method: sourced_physical_entry_plus_ring_time. Uses sourced ring-time/clock fields, half-open intervals, and no assumed entry-gap timing."
RR1993M,Men's,9,1462,1496,24:22,24:56,bob-backlund;genichiro-tenryu;jerry-lawler;koko-b-ware;mr-perfect;samu;ted-dibiase;the-berzerker;virgil,30,30,100.0,DERIVED,"Complete-timeline events only. Timeline method: sourced_physical_entry_plus_ring_time. Uses sourced ring-time/clock fields, half-open intervals, and no assumed entry-gap timing."
RR1994M,Men's,13,2694,2721,44:54,45:21,adam-bomb;bam-bam-bigelow;bret-hart;fatu;genichiro-tenryu;greg-valentine;lex-luger;marty-jannetty;mo;rick-martel;shawn-michaels;sparky-plugg;tatanka,29,29,100.0,DERIVED,"Complete-timeline events only. Timeline method: elimination_clock_minus_ring_time. Uses sourced ring-time/clock fields, half-open intervals, and no assumed entry-gap timing."
RR1995M,Men's,12,1642,1663,27:22,27:43,adam-bomb;aldo-montoya;bart-gunn;billy-gunn;british-bulldog;dick-murdoch;fatu;henry-godwinn;lex-luger;mantaur;shawn-michaels;steven-dunn,30,30,100.0,DERIVED,"Complete-timeline events only. Timeline method: sourced_physical_entry_plus_ring_time. Uses sourced ring-time/clock fields, half-open intervals, and no assumed entry-gap timing."
RR1996M,Men's,10,1224,1256,20:24,20:56,1-2-3-kid;bob-holly;dory-funk-jr;hunter-hearst-helmsley;jake-roberts;jerry-lawler;mabel;savio-vega;takao-omori;yokozuna,30,30,100.0,DERIVED,"Complete-timeline events only. Timeline method: sourced_physical_entry_plus_ring_time. Uses sourced ring-time/clock fields, half-open intervals, and no assumed entry-gap timing."
RR1997M,Men's,10,2612,2684,43:32,44:44,bret-hart;fake-diesel;flash-funk;henry-godwinn;mankind;rocky-maivia;steve-austin;terry-funk;the-undertaker;vader,30,30,100.0,DERIVED,"Complete-timeline events only. Timeline method: sourced_physical_entry_plus_ring_time. Uses sourced ring-time/clock fields, half-open intervals, and no assumed entry-gap timing."
RR1998M,Men's,13,2796,2799,46:36,46:39,bradshaw;d-lo-brown;dude-love;faarooq;goldust;henry-godwinn;kama;mark-henry;rocky-maivia;savio-vega;steve-austin;the-honky-tonk-man;thrasher,29,29,100.0,DERIVED,"Complete-timeline events only. Timeline method: sourced_physical_entry_plus_ring_time. Uses sourced ring-time/clock fields, half-open intervals, and no assumed entry-gap timing."
RR1999M,Men's,10,2585,2605,43:05,43:25,1-2-3-kid;big-boss-man;d-lo-brown;hunter-hearst-helmsley;jeff-jarrett;mark-henry;steve-austin;test;val-venis;vince-mcmahon,30,30,100.0,DERIVED,"Complete-timeline events only. Timeline method: elimination_clock_minus_ring_time. Uses sourced ring-time/clock fields, half-open intervals, and no assumed entry-gap timing."
RR2000M,Men's,10,2229,2232,37:09,37:12,al-snow;big-boss-man;crash-holly;gangrel;hardcore-holly;jesse-james;prince-albert;rocky-maivia;test;val-venis,30,30,100.0,DERIVED,"Complete-timeline events only. Timeline method: elimination_clock_minus_ring_time. Uses sourced ring-time/clock fields, half-open intervals, and no assumed entry-gap timing."
RR2001M,Men's,9,2227,2236,37:07,37:16,bradshaw;hardcore-holly;k-kwik;kane;prince-albert;rocky-maivia;test;val-venis;william-regal,30,30,100.0,DERIVED,"Complete-timeline events only. Timeline method: elimination_clock_minus_ring_time. Uses sourced ring-time/clock fields, half-open intervals, and no assumed entry-gap timing."
RR2002M,Men's,6,609,662,10:09,11:02,al-snow;billy-gunn;bradshaw;goldust;lance-storm;rikishi,30,30,100.0,DERIVED,"Complete-timeline events only. Timeline method: elimination_clock_minus_ring_time. Uses sourced ring-time/clock fields, half-open intervals, and no assumed entry-gap timing."
RR2003M,Men's,13,2476,2523,41:16,42:03,booker-t;charlie-haas;goldust;jamal;john-cena;kane;matt-hardy;maven;prince-albert;rikishi;rob-van-dam;shelton-benjamin;test,30,30,100.0,DERIVED,"Complete-timeline events only. Timeline method: elimination_clock_minus_ring_time. Uses sourced ring-time/clock fields, half-open intervals, and no assumed entry-gap timing."
RR2004M,Men's,10,2889,2916,48:09,48:36,big-show;bill-goldberg;billy-gunn;charlie-haas;chris-benoit;chris-jericho;john-cena;kurt-angle;nunzio;rob-van-dam,29,29,100.0,DERIVED,"Complete-timeline events only. Timeline method: elimination_clock_minus_ring_time. Uses sourced ring-time/clock fields, half-open intervals, and no assumed entry-gap timing."
RR2005M,Men's,10,1438,1462,23:58,24:22,booker-t;charlie-haas;chris-benoit;chris-jericho;eddie-guerrero;edge;luther-reigns;orlando-jordan;rey-mysterio;shelton-benjamin,29,29,100.0,DERIVED,"Complete-timeline events only. Timeline method: elimination_clock_minus_ring_time. Uses sourced ring-time/clock fields, half-open intervals, and no assumed entry-gap timing."
RR2006M,Men's,14,2686,2752,44:46,45:52,carlito;chris-benoit;chris-masters;eugene;hunter-hearst-helmsley;joey-mercury;johnny-nitro;mabel;matt-hardy;orlando-jordan;rey-mysterio;rob-van-dam;shawn-michaels;super-crazy,30,30,100.0,DERIVED,"Complete-timeline events only. Timeline method: elimination_clock_minus_ring_time. Uses sourced ring-time/clock fields, half-open intervals, and no assumed entry-gap timing."
RR2007M,Men's,12,1929,1954,32:09,32:34,chris-benoit;cm-punk;edge;finlay;hardcore-holly;johnny-nitro;kevin-thorn;mabel;randy-orton;rob-van-dam;shawn-michaels;shelton-benjamin,30,30,100.0,DERIVED,"Complete-timeline events only. Timeline method: elimination_clock_minus_ring_time. Uses sourced ring-time/clock fields, half-open intervals, and no assumed entry-gap timing."
RR2008M,Men's,13,1856,1951,30:56,32:31,batista;carlito;cm-punk;cody-rhodes;gene-snitsky;jamal;johnny-nitro;kane;mick-foley;mr-kennedy;shawn-michaels;the-miz;the-undertaker,29,29,100.0,DERIVED,"Complete-timeline events only. Timeline method: elimination_clock_minus_ring_time. Uses sourced ring-time/clock fields, half-open intervals, and no assumed entry-gap timing."
RR2009M,Men's,15,2373,2377,39:33,39:37,chris-jericho;cm-punk;cody-rhodes;finlay;hunter-hearst-helmsley;kane;kofi-kingston;mike-knox;r-truth;randy-orton;rey-mysterio;rob-van-dam;ted-dibiase-jr;the-brian-kendrick;the-undertaker,30,30,100.0,DERIVED,"Complete-timeline events only. Timeline method: elimination_clock_minus_ring_time. Uses sourced ring-time/clock fields, half-open intervals, and no assumed entry-gap timing."
RR2010M,Men's,9,1343,1350,22:23,22:30,carlito;cody-rhodes;drew-mcintyre;hunter-hearst-helmsley;johnny-nitro;kane;mvp;ted-dibiase-jr;the-miz,30,30,100.0,DERIVED,"Complete-timeline events only. Timeline method: elimination_clock_minus_ring_time. Uses sourced ring-time/clock fields, half-open intervals, and no assumed entry-gap timing."
RR2011M,Men's,9,3131,3142,52:11,52:22,alex-riley;diesel;dolph-ziggler;drew-mcintyre;john-cena;kofi-kingston;rey-mysterio;sheamus;wade-barrett,40,40,100.0,DERIVED,"Complete-timeline events only. Timeline method: elimination_clock_minus_ring_time. Uses sourced ring-time/clock fields, half-open intervals, and no assumed entry-gap timing."
RR2012M,Men's,9,2489,2555,41:29,42:35,cody-rhodes;david-otunga;dolph-ziggler;jack-swagger;jey-uso;randy-orton;sheamus;the-miz;wade-barrett,30,30,100.0,DERIVED,"Complete-timeline events only. Timeline method: elimination_clock_minus_ring_time. Uses sourced ring-time/clock fields, half-open intervals, and no assumed entry-gap timing."
RR2013M,Men's,12,2260,2268,37:40,37:48,bo-dallas;cesaro;chris-jericho;damien-sandow;daniel-bryan;dolph-ziggler;john-cena;kane;sheamus;the-great-khali;wade-barrett;zack-ryder,30,30,100.0,DERIVED,"Complete-timeline events only. Timeline method: elimination_clock_minus_ring_time. Uses sourced ring-time/clock fields, half-open intervals, and no assumed entry-gap timing."
RR2014M,Men's,11,2537,2556,42:17,42:36,alberto-del-rio;batista;cesaro;cm-punk;dean-ambrose;erick-rowan;luke-harper;roman-reigns;ryback;seth-rollins;sheamus,30,30,100.0,DERIVED,"Complete-timeline events only. Timeline method: elimination_clock_minus_ring_time. Uses sourced ring-time/clock fields, half-open intervals, and no assumed entry-gap timing."
RR2015M,Men's,10,2825,2896,47:05,48:16,big-e;bray-wyatt;cesaro;dean-ambrose;jack-swagger;kane;roman-reigns;rusev;ryback;wade-barrett,29,29,100.0,DERIVED,"Complete-timeline events only. Timeline method: elimination_clock_minus_ring_time. Uses sourced ring-time/clock fields, half-open intervals, and no assumed entry-gap timing."
RR2016M,Men's,9,1350,1377,22:30,22:57,aj-styles;chris-jericho;cody-rhodes;kane;kofi-kingston;luke-harper;roman-reigns;ryback;titus-oneil,30,30,100.0,DERIVED,"Complete-timeline events only. Timeline method: elimination_clock_minus_ring_time. Uses sourced ring-time/clock fields, half-open intervals, and no assumed entry-gap timing."
RR2017M,Men's,13,2353,2392,39:13,39:52,apollo-crews;baron-corbin;big-e;bray-wyatt;cesaro;chris-jericho;dean-ambrose;kofi-kingston;rusev;sami-zayn;sheamus;the-miz;xavier-woods,30,30,100.0,DERIVED,"Complete-timeline events only. Timeline method: sourced_physical_entry_plus_ring_time. Uses sourced ring-time/clock fields, half-open intervals, and no assumed entry-gap timing."
RR2018M,Men's,11,1445,1490,24:05,24:50,andrade;apollo-crews;big-e;bray-wyatt;cesaro;elias;finn-balor;kofi-kingston;rusev;shinsuke-nakamura;xavier-woods,30,30,100.0,DERIVED,"Complete-timeline events only. Timeline method: sourced_physical_entry_plus_ring_time. Uses sourced ring-time/clock fields, half-open intervals, and no assumed entry-gap timing."
RR2018W,Women's,9,2851,2993,47:31,49:53,asuka;bayley;brie-bella;mickie-james;natalya;nia-jax;nikki-bella;sasha-banks;trish-stratus,30,30,100.0,DERIVED,"Complete-timeline events only. Timeline method: sourced_physical_entry_plus_ring_time. Uses sourced ring-time/clock fields, half-open intervals, and no assumed entry-gap timing."
RR2019M,Men's,9,1929,1999,32:09,33:19,aleister-black;andrade;apollo-crews;dean-ambrose;drew-mcintyre;mustafa-ali;pete-dunne;samoa-joe;seth-rollins,30,30,100.0,DERIVED,"Complete-timeline events only. Timeline method: sourced_physical_entry_plus_ring_time. Uses sourced ring-time/clock fields, half-open intervals, and no assumed entry-gap timing."
RR2019W,Women's,10,1161,1223,19:21,20:23,billie-kay;ember-moon;lacey-evans;mandy-rose;natalya;nikki-cross;peyton-royce;sarah-logan;tamina;xia-li,30,30,100.0,DERIVED,"Complete-timeline events only. Timeline method: sourced_physical_entry_plus_ring_time. Uses sourced ring-time/clock fields, half-open intervals, and no assumed entry-gap timing."
RR2020M,Men's,8,3045,3106,50:45,51:46,aleister-black;drew-mcintyre;edge;kevin-owens;randy-orton;roman-reigns;samoa-joe;seth-rollins,30,30,100.0,DERIVED,"Complete-timeline events only. Timeline method: sourced_physical_entry_plus_ring_time. Uses sourced ring-time/clock fields, half-open intervals, and no assumed entry-gap timing."
RR2020W,Women's,11,2869,2930,47:49,48:50,beth-phoenix;carmella;charlotte-flair;naomi;natalya;santino-marella;shotzi-blackheart;tegan-nox;toni-storm;xia-li;zelina-vega,30,30,100.0,DERIVED,"Complete-timeline events only. Timeline method: sourced_physical_entry_plus_ring_time. Uses sourced ring-time/clock fields, half-open intervals, and no assumed entry-gap timing."
RR2021M,Men's,10,1685,1712,28:05,28:32,big-e;damian-priest;daniel-bryan;dolph-ziggler;edge;kane;matt-riddle;randy-orton;ricochet;shinsuke-nakamura,30,30,100.0,DERIVED,"Complete-timeline events only. Timeline method: sourced_physical_entry_plus_ring_time. Uses sourced ring-time/clock fields, half-open intervals, and no assumed entry-gap timing."
RR2021W,Women's,12,1068,1125,17:48,18:45,bayley;bianca-belair;billie-kay;jillian-hall;liv-morgan;naomi;peyton-royce;ruby-riott;santana-garrett;shayna-baszler;toni-storm;victoria,30,30,100.0,DERIVED,"Complete-timeline events only. Timeline method: sourced_physical_entry_plus_ring_time. Uses sourced ring-time/clock fields, half-open intervals, and no assumed entry-gap timing."
RR2022M,Men's,9,2521,2578,42:01,42:58,bad-bunny;big-e;dolph-ziggler;drew-mcintyre;kevin-owens;matt-riddle;otis;rey-mysterio;sheamus,30,30,100.0,DERIVED,"Complete-timeline events only. Timeline method: sourced_physical_entry_plus_ring_time. Uses sourced ring-time/clock fields, half-open intervals, and no assumed entry-gap timing."
RR2022W,Women's,10,2386,2438,39:46,40:38,alicia-fox;bianca-belair;brie-bella;charlotte-flair;liv-morgan;mickie-james;natalya;nikki-cross;rhea-ripley;summer-rae,30,30,100.0,DERIVED,"Complete-timeline events only. Timeline method: sourced_physical_entry_plus_ring_time. Uses sourced ring-time/clock fields, half-open intervals, and no assumed entry-gap timing."
RR2023M,Men's,9,1022,1079,17:02,17:59,angelo-dawkins;chad-gable;drew-mcintyre;gunther;johnny-gargano;kofi-kingston;santos-escobar;sheamus;xavier-woods,29,29,100.0,DERIVED,"Complete-timeline events only. Timeline method: sourced_physical_entry_plus_ring_time. Uses sourced ring-time/clock fields, half-open intervals, and no assumed entry-gap timing."
RR2023W,Women's,12,1999,2004,33:19,33:24,asuka;bayley;becky-lynch;chelsea-green;dakota-kai;io-shirai;liv-morgan;piper-niven;rhea-ripley;tamina;xia-li;zoey-stark,30,30,100.0,DERIVED,"Complete-timeline events only. Timeline method: sourced_physical_entry_plus_ring_time. Uses sourced ring-time/clock fields, half-open intervals, and no assumed entry-gap timing."
