normalized_alias,wrestler_ids,ring_names,entrant_ids
a train,a-train;prince-albert,A-Train;Prince Albert,prince-albert
big boss man,big-boss-man;big-bossman,Big Boss Man;Big Bossman,big-boss-man;big-bossman
big bossman,big-boss-man;big-bossman,Big Boss Man;Big Bossman,big-boss-man;big-bossman
brian girard james,jesse-james;road-dogg,Jesse James;Road Dogg,jesse-james;road-dogg
brian lee,brian-lee;chainz,Brian Lee;Chainz,chainz
charles edward betts,chad-gable;el-grande-americano-i,Chad Gable;Original El Grande Americano,chad-gable;el-grande-americano-i
charles wright,kama;papa-shango;the-godfather,Kama;Papa Shango;The Godfather,kama;papa-shango;the-godfather
don bruise,jacob-blu;skull,Jacob Blu;Skull,jacob-blu;skull
don harris,jacob-blu;skull,Jacob Blu;Skull,jacob-blu;skull
donald harris,jacob-blu;skull,Jacob Blu;Skull,jacob-blu;skull
dustin patrick runnels,dustin-rhodes;goldust,Dustin Rhodes;Goldust,goldust
earthquake,earthquake;golga,Earthquake;Golga,earthquake;golga
eight ball,eight-ball;eli-blu,Eight-Ball;Eli Blu,eight-ball;eli-blu
eli blu,eight-ball;eli-blu,Eight-Ball;Eli Blu,eight-ball;eli-blu
gerald,eight-ball;eli-blu,Eight-Ball;Eli Blu,eight-ball;eli-blu
glenn thomas jacobs,fake-diesel;isaac-yankem;kane,Fake Diesel;Isaac Yankem;Kane,fake-diesel;isaac-yankem;kane
jacob blu,jacob-blu;skull,Jacob Blu;Skull,jacob-blu;skull
john anthony tenta jr,earthquake;golga,Earthquake;Golga,earthquake;golga
john morrison,john-morrison;johnny-nitro,John Morrison;Johnny Nitro,john-morrison;johnny-nitro
john randall hennigan,john-morrison;johnny-nitro,John Morrison;Johnny Nitro,john-morrison;johnny-nitro
johnny nitro,john-morrison;johnny-nitro,John Morrison;Johnny Nitro,john-morrison;johnny-nitro
joseph michael laurinaitis,animal;road-warrior-animal,Animal;Road Warrior Animal,animal;road-warrior-animal
juan rivera,kwang;savio-vega,Kwang;Savio Vega,kwang;savio-vega
kama,kama;papa-shango;the-godfather,Kama;Papa Shango;The Godfather,kama;papa-shango;the-godfather
kato,kato;max-moon,Kato;Max Moon,max-moon
kwang,kwang;savio-vega,Kwang;Savio Vega,kwang;savio-vega
marcel barthel,el-grande-americano-ii;ludwig-kaiser,El Grande Americano;Ludwig Kaiser,el-grande-americano-ii;ludwig-kaiser
michael francis foley,cactus-jack;dude-love;mankind;mick-foley,Cactus Jack;Dude Love;Mankind;Mick Foley,cactus-jack;dude-love;mankind;mick-foley
papa shango,kama;papa-shango;the-godfather,Kama;Papa Shango;The Godfather,kama;papa-shango;the-godfather
patrick,jacob-blu;skull,Jacob Blu;Skull,jacob-blu;skull
ray washington traylor jr,big-boss-man;big-bossman,Big Boss Man;Big Bossman,big-boss-man;big-bossman
road dogg,jesse-james;road-dogg,Jesse James;Road Dogg,jesse-james;road-dogg
robert william howard,bob-holly;sparky-plugg,Bob Holly;Sparky Plugg,bob-holly;sparky-plugg
ron bruise,eight-ball;eli-blu,Eight-Ball;Eli Blu,eight-ball;eli-blu
ron harris,eight-ball;eli-blu,Eight-Ball;Eli Blu,eight-ball;eli-blu
ronald harris,eight-ball;eli-blu,Eight-Ball;Eli Blu,eight-ball;eli-blu
ronnie aaron killings,k-kwik;r-truth,K-Kwik;R-Truth,k-kwik;r-truth
savio vega,kwang;savio-vega,Kwang;Savio Vega,kwang;savio-vega
scotty 2 hotty,scott-taylor;scotty-2-hotty,Scott Taylor;Scotty 2 Hotty,scott-taylor
sin cara,hunico;sin-cara,Hunico;Sin Cara,hunico
sione havea vailahi,headshrinker-sione;the-barbarian,Headshrinker Sione;The Barbarian,headshrinker-sione;the-barbarian
skull,jacob-blu;skull,Jacob Blu;Skull,jacob-blu;skull
solofa fatu jr,fatu;rikishi;the-sultan,Fatu;Rikishi;The Sultan,fatu;rikishi;the-sultan
ted dibiase,ted-dibiase;ted-dibiase-jr,Ted DiBiase;Ted DiBiase Jr.,ted-dibiase;ted-dibiase-jr
tensai,prince-albert;tensai,Prince Albert;Tensai,prince-albert
the barbarian,headshrinker-sione;the-barbarian,Headshrinker Sione;The Barbarian,headshrinker-sione;the-barbarian
the godfather,kama;papa-shango;the-godfather,Kama;Papa Shango;The Godfather,kama;papa-shango;the-godfather
the goodfather,kama;papa-shango;the-godfather,Kama;Papa Shango;The Godfather,kama;papa-shango;the-godfather
thomas boric,kato;max-moon,Kato;Max Moon,max-moon
tnt,kwang;savio-vega,Kwang;Savio Vega,kwang;savio-vega
umaga,jamal;umaga,Jamal;Umaga,jamal
viscera,mabel;viscera,Mabel;Viscera,mabel
william scott goldberg,bill-goldberg;goldberg,Bill Goldberg;Goldberg,bill-goldberg;goldberg
windham lawrence rotunda,bray-wyatt;husky-harris,Bray Wyatt;Husky Harris,bray-wyatt;husky-harris
x pac,1-2-3-kid;x-pac,1-2-3 Kid;X-Pac,1-2-3-kid
