match_basis,match_value,wrestler_id_1,ring_name_1,is_entrant_1,wrestler_id_2,ring_name_2,is_entrant_2
real_name,ray washington traylor jr,big-bossman,Big Bossman,TRUE,big-boss-man,Big Boss Man,TRUE
real_name,sione havea vailahi,the-barbarian,The Barbarian,TRUE,headshrinker-sione,Headshrinker Sione,TRUE
real_name,john anthony tenta jr,earthquake,Earthquake,TRUE,golga,Golga,TRUE
real_name,joseph michael laurinaitis,animal,Animal,TRUE,road-warrior-animal,Road Warrior Animal,TRUE
real_name,thomas boric,kato,Kato,FALSE,max-moon,Max Moon,TRUE
real_name,dustin patrick runnels,dustin-rhodes,Dustin Rhodes,FALSE,goldust,Goldust,TRUE
real_name,solofa fatu jr,fatu,Fatu,TRUE,the-sultan,The Sultan,TRUE
real_name,solofa fatu jr,fatu,Fatu,TRUE,rikishi,Rikishi,TRUE
real_name,solofa fatu jr,the-sultan,The Sultan,TRUE,rikishi,Rikishi,TRUE
real_name,charles wright,papa-shango,Papa Shango,TRUE,kama,Kama,TRUE
real_name,charles wright,papa-shango,Papa Shango,TRUE,the-godfather,The Godfather,TRUE
real_name,charles wright,kama,Kama,TRUE,the-godfather,The Godfather,TRUE
real_name,juan rivera,kwang,Kwang,TRUE,savio-vega,Savio Vega,TRUE
real_name,robert william howard,sparky-plugg,Sparky Plugg,TRUE,bob-holly,Bob Holly,TRUE
real_name,ronald harris,eli-blu,Eli Blu,TRUE,eight-ball,Eight-Ball,TRUE
real_name,donald harris,jacob-blu,Jacob Blu,TRUE,skull,Skull,TRUE
real_name,glenn thomas jacobs,isaac-yankem,Isaac Yankem,TRUE,fake-diesel,Fake Diesel,TRUE
real_name,glenn thomas jacobs,isaac-yankem,Isaac Yankem,TRUE,kane,Kane,TRUE
real_name,glenn thomas jacobs,fake-diesel,Fake Diesel,TRUE,kane,Kane,TRUE
real_name,brian girard james,jesse-james,Jesse James,TRUE,road-dogg,Road Dogg,TRUE
real_name,michael francis foley,mankind,Mankind,TRUE,cactus-jack,Cactus Jack,TRUE
real_name,michael francis foley,mankind,Mankind,TRUE,dude-love,Dude Love,TRUE
real_name,michael francis foley,mankind,Mankind,TRUE,mick-foley,Mick Foley,TRUE
real_name,michael francis foley,cactus-jack,Cactus Jack,TRUE,dude-love,Dude Love,TRUE
real_name,michael francis foley,cactus-jack,Cactus Jack,TRUE,mick-foley,Mick Foley,TRUE
real_name,michael francis foley,dude-love,Dude Love,TRUE,mick-foley,Mick Foley,TRUE
real_name,ronnie aaron killings,k-kwik,K-Kwik,TRUE,r-truth,R-Truth,TRUE
real_name,william scott goldberg,bill-goldberg,Bill Goldberg,TRUE,goldberg,Goldberg,TRUE
real_name,john randall hennigan,johnny-nitro,Johnny Nitro,TRUE,john-morrison,John Morrison,TRUE
real_name,windham lawrence rotunda,husky-harris,Husky Harris,TRUE,bray-wyatt,Bray Wyatt,TRUE
real_name,charles edward betts,chad-gable,Chad Gable,TRUE,el-grande-americano-i,Original El Grande Americano,TRUE
real_name,marcel barthel,ludwig-kaiser,Ludwig Kaiser,TRUE,el-grande-americano-ii,El Grande Americano,TRUE
