wrestler_id,ring_name,linked_reign_rows,review_status
beau-beverly,Beau Beverly,1,POSSIBLE_DUPLICATE_OR_NON_RUMBLE_MASTER_ROW
brother-love,Brother Love,1,POSSIBLE_DUPLICATE_OR_NON_RUMBLE_MASTER_ROW
dustin-rhodes,Dustin Rhodes,9,POSSIBLE_DUPLICATE_OR_NON_RUMBLE_MASTER_ROW
gorilla-monsoon,Gorilla Monsoon,2,POSSIBLE_DUPLICATE_OR_NON_RUMBLE_MASTER_ROW
itsuki-yamazaki,Itsuki Yamazaki,1,POSSIBLE_DUPLICATE_OR_NON_RUMBLE_MASTER_ROW
jacques-rougeau,Jacques Rougeau,4,POSSIBLE_DUPLICATE_OR_NON_RUMBLE_MASTER_ROW
jesse-ventura,Jesse Ventura,3,POSSIBLE_DUPLICATE_OR_NON_RUMBLE_MASTER_ROW
jimmy-hart,Jimmy Hart,1,POSSIBLE_DUPLICATE_OR_NON_RUMBLE_MASTER_ROW
judy-martin,Judy Martin,3,POSSIBLE_DUPLICATE_OR_NON_RUMBLE_MASTER_ROW
leilani-kai,Leilani Kai,5,POSSIBLE_DUPLICATE_OR_NON_RUMBLE_MASTER_ROW
mr-fuji,Mr. Fuji,6,POSSIBLE_DUPLICATE_OR_NON_RUMBLE_MASTER_ROW
noriyo-tateno,Noriyo Tateno,1,POSSIBLE_DUPLICATE_OR_NON_RUMBLE_MASTER_ROW
ricky-steamboat,Ricky Steamboat,19,POSSIBLE_DUPLICATE_OR_NON_RUMBLE_MASTER_ROW
rockin-robin,Rockin' Robin,1,POSSIBLE_DUPLICATE_OR_NON_RUMBLE_MASTER_ROW
sensational-sherri,Sensational Sherri,1,POSSIBLE_DUPLICATE_OR_NON_RUMBLE_MASTER_ROW
sin-cara,Sin Cara,1,POSSIBLE_DUPLICATE_OR_NON_RUMBLE_MASTER_ROW
tama,Tama,1,POSSIBLE_DUPLICATE_OR_NON_RUMBLE_MASTER_ROW
