wrestler_id,ring_name,top_unlinked_champion_candidates
b-brian-blair,B. Brian Blair,Brian Pillman Jr.|rows=1|score=0.621;Brian Pillman|rows=2|score=0.615;Brian Cage|rows=4|score=0.609;Billie Starkz|rows=1|score=0.581;Frankie Laine|rows=1|score=0.581;Wren Sinclair|rows=1|score=0.581
b-fab,B-Fab,Bruiser Brody|rows=3|score=0.615;Brian Pillman|rows=2|score=0.615;Arianna Grace|rows=1|score=0.615;Benjamin Bray|rows=1|score=0.615;Bambi|rows=2|score=0.600;Jay Bradley|rows=3|score=0.583;Princesa Blanca|rows=1|score=0.571;La Amenaza Bryan|rows=5|score=0.552;Brian Pillman Jr.|rows=1|score=0.552
bad-news-brown,Bad News Brown,Bad Leroy Brown|rows=1|score=0.759;Barrett Brown|rows=1|score=0.667;Denny Brown|rows=3|score=0.640;Charlie Brown|rows=1|score=0.593;Alexander Hammerstone|rows=2|score=0.579;Brad Armstrong|rows=3|score=0.571;Logan James|rows=3|score=0.571;Dylan James|rows=1|score=0.571;Jade Dawson|rows=1|score=0.560;Darkness Dragon|rows=1|score=0.552
barry-horowitz,Barry Horowitz,Barry Windham|rows=4|score=0.593;Barrett Brown|rows=1|score=0.593;Bad Leroy Brown|rows=1|score=0.552
bastion-booger,Bastion Booger,Man Mountain Link|rows=3|score=0.824;Mike Graham|rows=3|score=0.700;Gisele Shaw|rows=1|score=0.700;Mike Awesome|rows=4|score=0.667;Mike Santana|rows=2|score=0.667;Mike Sanders|rows=1|score=0.667;Antonino Rocca|rows=1|score=0.645;Stone Mountain|rows=1|score=0.645;Michael Shane|rows=1|score=0.636;Samir Singh|rows=5|score=0.609
big-bossman,Big Bossman,Big Jon|rows=3|score=0.667;Big Mama|rows=1|score=0.632;Big Slam|rows=1|score=0.632;Michael Washington Kruel|rows=1|score=0.612;Big Bad John|rows=1|score=0.609;Big Bubba|rows=2|score=0.600;Big Zo|rows=3|score=0.588;Dragón Rojo Jr.|rows=3|score=0.564;Fishman|rows=12|score=0.556
big-john-studd,Big John Studd,Big Jon|rows=3|score=0.667;Big Bad John|rows=1|score=0.615;William Lutz|rows=1|score=0.581;Brent Wellington|rows=2|score=0.571;Doug Williams|rows=2|score=0.562;Kory Williams|rows=1|score=0.562;John Saxon|rows=2|score=0.552
bill-goldberg,Bill Goldberg,Billy Goelz|rows=2|score=0.667;Billy O|rows=1|score=0.600;Bill Dundee|rows=19|score=0.583;Bellito Calderón|rows=2|score=0.552;Billy Two Rivers|rows=1|score=0.552
blue-meanie,Blue Meanie,Blue Yankee|rows=1|score=0.727;Blue Panther|rows=6|score=0.696;Blue Demon|rows=4|score=0.667;Lou Marconi|rows=3|score=0.636;Brian Cage|rows=4|score=0.609;Audrey Marie|rows=1|score=0.609;Kiley McLean|rows=1|score=0.609;Tex Mckenzie|rows=1|score=0.609;Alex Kane|rows=2|score=0.600;Blue Demon Jr.|rows=2|score=0.583
cactus-jack,Cactus Jack,Michael Giaccio|rows=1|score=0.667;Michael Shane|rows=1|score=0.647;Atsushi Aoki|rows=4|score=0.609;Michael Hayes|rows=8|score=0.588;Ed Francis|rows=1|score=0.581;Mitch Franklin|rows=1|score=0.571;Mini Charly Manson|rows=1|score=0.564;A. J. Francis|rows=2|score=0.562;Dustin Jackson|rows=4|score=0.560;Akira Francesco|rows=1|score=0.556
cameron,Cameron,Arrick Andrews|rows=2|score=0.741;Amon|rows=1|score=0.727;Davey Andrews|rows=1|score=0.692;Cameron Grimes|rows=2|score=0.667;Action Andretti|rows=1|score=0.643;Averno|rows=6|score=0.615;Frankie Laine|rows=1|score=0.615;Charlie Brown|rows=1|score=0.600;Eric Alexander|rows=1|score=0.593;Verne Gagne|rows=18|score=0.583
damien-demento,Damien Demento,Damien Wayne|rows=3|score=0.615;Mike Mendoza|rows=2|score=0.615;Deuce 'n Domino|rows=1|score=0.571;Dante and Mephisto|rows=9|score=0.562;Billy Travis|rows=1|score=0.560;Phil Shatter|rows=1|score=0.560;Charlie Dempsey|rows=2|score=0.552;Dominic DeNucci|rows=1|score=0.552
daniel-puder,Daniel Puder,Ángel de Oro|rows=1|score=0.667;Daniel Garcia|rows=2|score=0.640;Daniel Aldana|rows=1|score=0.640;Al Pérez|rows=1|score=0.600;Damiancito El Guerrero|rows=1|score=0.588;Danny Miller|rows=1|score=0.583
doink,Doink,Apolo|rows=4|score=0.667;Randy Taylor|rows=1|score=0.636;Don Kent|rows=3|score=0.615;La Amapola|rows=3|score=0.600;Devon|rows=2|score=0.600;Douki|rows=2|score=0.600;Ray Lyn|rows=1|score=0.588;Reyna Gallegos|rows=1|score=0.583;Carly Colón|rows=11|score=0.571;Darby Allin|rows=4|score=0.571
doink-1995,Doink-1995,
drew-carey,Drew Carey,Drew Galloway|rows=2|score=0.710;Audrey Marie|rows=1|score=0.636;Drew Gulak|rows=8|score=0.600;El Cobarde|rows=1|score=0.600;El Cobarde †|rows=1|score=0.600;Rick Casey|rows=1|score=0.600;Drew Hernandez|rows=2|score=0.583;Dalton Castle|rows=2|score=0.581;Emilio Charles|rows=1|score=0.562;Rayo de Jalisco Jr.|rows=5|score=0.556
droz,Droz,Cedric Alexander|rows=5|score=0.600;Eric Alexander and Rico Suave (6)|rows=1|score=0.582;Eric Alexander|rows=1|score=0.579;DJZ|rows=1|score=0.571;Oro|rows=1|score=0.571
duke-droese,Duke Droese,Michael Hayes|rows=8|score=0.667;Michael Modest|rows=1|score=0.647;Michael Giaccio|rows=1|score=0.629;Michael Shane|rows=1|score=0.606;Michel Dubois|rows=1|score=0.606;Mike Rome|rows=1|score=0.600;Michael Washington Kruel|rows=1|score=0.591;Davey Andrews|rows=1|score=0.583;Mike Chacoma and Red Roberts|rows=1|score=0.583;Herodes|rows=1|score=0.556
el-grande-americano-i,Original El Grande Americano,Charles Evans|rows=3|score=0.667;El Generico|rows=1|score=0.625;El Dragon Azteca Jr.|rows=1|score=0.600;Black Gordman and Medic I (4)|rows=1|score=0.583;El Bronco I|rows=6|score=0.562;The Eagle and The Patriot|rows=1|score=0.561;Carlos Carlderón|rows=1|score=0.556;Heath and Rhino|rows=1|score=0.556;El Bronco and Invader I (11)|rows=1|score=0.553;Héctor Garza and Místico (3)|rows=1|score=0.553
el-torito,El Torito,El Torero|rows=1|score=0.778;Orito|rows=1|score=0.714;El Zorro|rows=9|score=0.706;El Solitario|rows=5|score=0.667;Les Thornton|rows=5|score=0.667;Eléctrico|rows=1|score=0.667;Espectrito|rows=2|score=0.632;Lotario|rows=1|score=0.625;El Terrible|rows=3|score=0.600;El Generico|rows=1|score=0.600
ernest-miller,Ernest Miller,Heath Miller|rows=1|score=0.720;Danny Miller|rows=1|score=0.640;Robert Fuller|rows=2|score=0.615;Ron Fuller|rows=2|score=0.609;Reverend Stuart Miles|rows=3|score=0.588;Enes Kanter|rows=1|score=0.583;Ernie Osiris|rows=1|score=0.560
fake-diesel,Fake Diesel,Mayor Glenn Jacobs|rows=1|score=0.649;Jake Lee|rows=3|score=0.632;Mike Dibiase|rows=3|score=0.609;Mike DiBiase|rows=1|score=0.609;Frankie Laine|rows=1|score=0.583;Jake Crist|rows=1|score=0.571;Mark Davis|rows=1|score=0.571
fake-razor-ramon,Fake Razor Ramon,Razor Ramon|rows=5|score=0.815;Ricky Banderas|rows=1|score=0.720;Titán|rows=4|score=0.714;Big Vito|rows=1|score=0.706;Ricky Santana|rows=5|score=0.696;Rip Rogers|rows=4|score=0.667;Dick Hutton|rows=1|score=0.667;Ricky Marvin|rows=5|score=0.636;Rick Victor|rows=2|score=0.636;Ricky Starks|rows=2|score=0.636
gangrel,Gangrel,Sanely|rows=1|score=0.615;Al Williams|rows=1|score=0.600;Gran Guerrero|rows=1|score=0.600;David Finlay|rows=3|score=0.581;William Lutz|rows=1|score=0.581;Marcela|rows=6|score=0.571;Douglas Williams|rows=3|score=0.571;Doug Williams|rows=2|score=0.562;Amazing Red|rows=3|score=0.556;Angel Garza|rows=2|score=0.556
gene-snitsky,Gene Snitsky,Gene Kiniski|rows=7|score=0.750;Ernie Osiris|rows=1|score=0.583
golga,Golga,John Hennigan|rows=1|score=0.696;Don Kent|rows=3|score=0.667;Johnny Jeter|rows=2|score=0.636;John Walters|rows=1|score=0.636;Joe Anthony|rows=1|score=0.625;Johnny Valentine|rows=6|score=0.615;Johnny Barend|rows=2|score=0.609;Johnny Devine|rows=1|score=0.609;Johnny Weaver|rows=1|score=0.609;John Saxon|rows=2|score=0.600
headshrinker-sione,Headshrinker Sione,"Konga The Barbarian|rows=1|score=0.812;Kazarian|rows=3|score=0.706;The Baroness|rows=1|score=0.640;The Giant|rows=2|score=0.636;The Tazmaniac|rows=1|score=0.615;The Artist|rows=2|score=0.609;Darby Allin|rows=4|score=0.600;Tasha Simone|rows=3|score=0.600;Barrabás, Jr.|rows=1|score=0.600;Bambi|rows=2|score=0.571"
hercules,Hercules,Hercules Ayala|rows=9|score=0.727;Herodes|rows=1|score=0.667;Manny Fernandez|rows=2|score=0.596;Henare|rows=1|score=0.571;Ulises|rows=1|score=0.571;Raul Reyes|rows=2|score=0.556
hillbilly-jim,Hillbilly Jim,"Jack Morris|rows=1|score=0.783;James Curtis|rows=1|score=0.750;James Storm|rows=6|score=0.696;""Thrillbilly"" Silas Mason|rows=1|score=0.667;James Thomas|rows=1|score=0.667;Billy Kidman|rows=7|score=0.640;Jake Crist|rows=1|score=0.636;Takeshi Morishima|rows=4|score=0.621;Billy O|rows=1|score=0.600;Ramón Torres|rows=2|score=0.583"
isaac-yankem,Isaac Yankem,Mayor Glenn Jacobs|rows=1|score=0.649;Saraya|rows=1|score=0.556
ishowspeed,IShowSpeed,
ivy-nile,Ivy Nile,Mike Kanellis|rows=2|score=0.593;Michel Dubois|rows=1|score=0.593;Kay Noble|rows=1|score=0.588;Mike Nice|rows=1|score=0.588;El Jalisco|rows=1|score=0.583;Emilio Charles|rows=1|score=0.571;El Talismán|rows=1|score=0.560;Zicky Dice|rows=1|score=0.556;Billy and Chuck|rows=2|score=0.552
jack-gallagher,Jack Gallagher,Jake Hager|rows=1|score=0.667;Mike and Doc Gallagher|rows=1|score=0.667;Jack Vaughn|rows=3|score=0.640;Jack Perry|rows=3|score=0.583;Dick Slater|rows=3|score=0.560;Black Tiger|rows=2|score=0.560
jaida-parker,Jaida Parker,Adam Pearce|rows=5|score=0.696;Brian Cage|rows=4|score=0.636;Mark Coffey|rows=1|score=0.609;L.A. Park|rows=2|score=0.600;Jarochita Rivero|rows=1|score=0.571;Java Ruuk|rows=1|score=0.571;Adam Revolver|rows=9|score=0.560;Arianna Grace|rows=1|score=0.560;Matanza Cueto|rows=1|score=0.560;Jordan Clearwater|rows=1|score=0.552
james-ellsworth,James Ellsworth,James Storm|rows=6|score=0.692;James Curtis|rows=1|score=0.593;James Thomas|rows=1|score=0.593
jesse-james,Jesse James,Jesse Barr|rows=1|score=0.667;Maria James|rows=6|score=0.621;Jessie Belle|rows=11|score=0.609;Brian Pillman Jr.|rows=1|score=0.588;Arianna Grace|rows=1|score=0.581;Brian Cage|rows=4|score=0.571;Jessie Godderz|rows=1|score=0.560;Logan James|rows=3|score=0.552;Dylan James|rows=1|score=0.552
jevon-evans,Je'Von Evans,Tony Evans|rows=1|score=0.727;Kamaitachi|rows=1|score=0.667;Black Magic|rows=1|score=0.643;Lady Apache|rows=7|score=0.636;Faby Apache|rows=4|score=0.636;Jack Evans|rows=1|score=0.636;Mary Apache|rows=1|score=0.636;Evelyn Stevens|rows=1|score=0.615;Joe Coleman|rows=1|score=0.609;Jay White|rows=6|score=0.600
jimmy-del-ray,Jimmy Del Ray,Jimmy Rave|rows=2|score=0.696;David Arquette|rows=1|score=0.629;Jimmy Valiant|rows=9|score=0.615;David Lee Lorenze III|rows=2|score=0.571;Fidel Sierra|rows=3|score=0.560;David Von Erich|rows=1|score=0.556
johnny-knoxville,Johnny Knoxville,Johnny Devine|rows=1|score=0.690;Johnny Mundo|rows=5|score=0.643;Johnny Ringo|rows=1|score=0.643;Johnny Valentine|rows=6|score=0.625;Johnny Powers|rows=8|score=0.621;Johnny Weaver|rows=1|score=0.621;Johnny Rougeau|rows=1|score=0.600;Johnny Stamboli|rows=2|score=0.581;Johnny Jeter|rows=2|score=0.571;Johnny Spade|rows=2|score=0.571
jonathan-coachman,Jonathan Coachman,Jonathan Gresham|rows=2|score=0.667;Joe Coleman|rows=1|score=0.571
kama,Kama,Alex Wright|rows=2|score=0.800;Kamala|rows=1|score=0.800;Akuma|rows=1|score=0.667;Godfather's Ho|rows=1|score=0.667;Oklahoma|rows=1|score=0.667;The Giant|rows=2|score=0.636;Suwama|rows=8|score=0.600;Damaja|rows=4|score=0.600;Koguma|rows=2|score=0.600;Aksana|rows=1|score=0.600
kevin-thorn,Kevin Thorn,Kevin Steen|rows=1|score=0.727;Kevin Northcutt|rows=2|score=0.615;Les Thornton|rows=5|score=0.609;Kevin Knight|rows=1|score=0.609;Leviathan|rows=1|score=0.600;Steve Anthony|rows=2|score=0.583;Kevin Douglas|rows=1|score=0.583;Vivian Vachon|rows=1|score=0.583;Keiji Muto|rows=5|score=0.571;Eve Torres|rows=3|score=0.571
kurrgan,Kurrgan,Robert Fuller|rows=2|score=0.741;Curry Man|rows=1|score=0.625;Heath Miller|rows=1|score=0.615;Robbie Eagles|rows=1|score=0.593;Robert Gibson|rows=1|score=0.593;Brent Dail|rows=1|score=0.583;Joe Malenko|rows=2|score=0.560;Bertha Faye|rows=1|score=0.560;Roger Mason|rows=1|score=0.560
lacey-evans,Lacey Evans,Jack Evans|rows=1|score=0.762;Charles Evans|rows=3|score=0.667;Estrellita|rows=1|score=0.667;Tony Evans|rows=1|score=0.667;Ray Stevens|rows=1|score=0.636;Marty Scurll|rows=2|score=0.615;Laurel Van Ness|rows=1|score=0.615;Kiley McLean|rows=1|score=0.609;Jerry Estrada|rows=1|score=0.593;Davey Andrews|rows=1|score=0.583
lana,Lana,Jack Perry|rows=3|score=0.778;Hanan|rows=2|score=0.667;Layla|rows=2|score=0.667;Jasper Troy|rows=1|score=0.632;Aníbal|rows=5|score=0.600;Sanada|rows=4|score=0.600;Aksana|rows=1|score=0.600;Hanako|rows=1|score=0.600;Shanna|rows=1|score=0.600;Rob Terry|rows=4|score=0.588
luther-reigns,Luther Reigns,Esther Moreno|rows=2|score=0.615;Super Delfin|rows=3|score=0.560;Thunder Rosa|rows=3|score=0.560;The Renegade|rows=1|score=0.560;Terri|rows=1|score=0.556
mankind,Mankind,Michael Giaccio|rows=1|score=0.667;Michael Shane|rows=1|score=0.647;Jason Kincaid|rows=1|score=0.600;Michael Hayes|rows=8|score=0.588;Dragon Kid|rows=1|score=0.588;Ed Francis|rows=1|score=0.581;Bandido|rows=2|score=0.571;Mitch Franklin|rows=1|score=0.571;Mini Charly Manson|rows=1|score=0.564;A. J. Francis|rows=2|score=0.562
mantaur,Mantaur,Mike Clancy|rows=3|score=0.762;Dan Tamura|rows=2|score=0.706;Mike Bailey|rows=3|score=0.667;Mike Graham|rows=3|score=0.667;Mike Rapada|rows=2|score=0.667;Tauro|rows=2|score=0.667;Mike Dalton|rows=1|score=0.667;Mike Santana|rows=2|score=0.636;El Halcón|rows=3|score=0.632;Mike Nice|rows=1|score=0.632
michael-cole,Michael Cole,Michael Modest|rows=1|score=0.769;Michael Giaccio|rows=1|score=0.741;Michael Hayes|rows=8|score=0.720;Michael Elgin|rows=3|score=0.720;Michael Shane|rows=1|score=0.720;Michel Dubois|rows=1|score=0.640;Chabela Romero|rows=2|score=0.615;Carly Colón|rows=11|score=0.609;Chase Owens|rows=3|score=0.609;Mickie Knuckles|rows=1|score=0.593
mike-knox,Mike Knox,Michael Shane|rows=1|score=0.743;Mike Mondo|rows=4|score=0.737;Mike Mendoza|rows=2|score=0.667;Mike Nice|rows=1|score=0.667;Mike Rome|rows=1|score=0.667;Mike Kanellis|rows=2|score=0.636;Mike Kelly|rows=1|score=0.632;Mike Kruel|rows=1|score=0.632;Michael Hayes|rows=8|score=0.629;Michael Elgin|rows=3|score=0.629
muhammad-hassan,Muhammad Hassan,Muhammad Yone|rows=1|score=0.714;Mohammed Hussein|rows=1|score=0.710;Mohamad Ali Vaez|rows=8|score=0.581;Marcus Anthony|rows=2|score=0.562;Death Yama-san|rows=1|score=0.552
no-way-jose,No Way Jose,Daniel Garcia|rows=2|score=0.720;Mario Valenzuela|rows=1|score=0.686;Angel Garza|rows=2|score=0.609;Kiley McLean|rows=1|score=0.609;Manny Ferno|rows=1|score=0.609;Benny Galant|rows=1|score=0.583;Ranna Yagami|rows=1|score=0.583;Joe Alonzo|rows=1|score=0.571;Nick Wayne|rows=1|score=0.571;Sammy Guevara|rows=4|score=0.560
pat-mcafee,Pat McAfee,Ted McNaler|rows=2|score=0.571;Pat Barrett|rows=1|score=0.571;Matthew Justice|rows=1|score=0.556
rick-boogs,Rick Boogs,Ricky Morton|rows=1|score=0.636;Dick Togo|rows=1|score=0.632;Rock Rogowski|rows=2|score=0.609;Eric Young|rows=7|score=0.600;Rip Rogers|rows=4|score=0.600;Rick Casey|rows=1|score=0.600;Ricky Banderas|rows=1|score=0.583;Rick Victor|rows=2|score=0.571;Roderick Strong|rows=6|score=0.560;Eric Alexander|rows=1|score=0.552
road-warrior-animal,Road Warrior Animal,Michael Elgin|rows=3|score=0.564;Black Warrior|rows=3|score=0.562
ruby-riott,Ruby Riott,Rush|rows=2|score=0.615;Ryan Howe|rows=6|score=0.556;Mercurio|rows=1|score=0.556;Rob Stone|rows=1|score=0.556;Ryo Saito|rows=1|score=0.556
sam-houston,Sam Houston,Sam Thompson|rows=1|score=0.783;Michael Modest|rows=1|score=0.686;Michael Hayes|rows=8|score=0.647;Les Thornton|rows=5|score=0.609;Akira Hokuto|rows=1|score=0.609;Michael Shane|rows=1|score=0.588;Michel Dubois|rows=1|score=0.588;Tama Tonga|rows=4|score=0.571;Ace Austin|rows=3|score=0.571;Mil Muertes|rows=1|score=0.562
sarah-logan,Sarah Logan,Jake Logan|rows=1|score=0.667;Akira Nogami|rows=1|score=0.609;Saraya|rows=1|score=0.588;Pirata Morgan|rows=6|score=0.583;Tama Tonga|rows=4|score=0.571;Saori Anou|rows=2|score=0.571;Mariah May|rows=1|score=0.571;Máscara Dorada|rows=6|score=0.560;Flash Flanagan|rows=5|score=0.560;Mark Briscoe|rows=2|score=0.560
savio-vega,Savio Vega,"José Rivera|rows=1|score=0.727;Juan Diaz|rows=2|score=0.700;José Rivera, Jr.|rows=8|score=0.640;José Rivera Jr.|rows=1|score=0.640;La Fiera|rows=2|score=0.632;Taiyō Kea|rows=1|score=0.632;Jamin Olivencia|rows=11|score=0.615;Octavio Gaona|rows=2|score=0.609;Enrique Vera|rows=1|score=0.609;Jushin Liger|rows=1|score=0.609"
sparky-plugg,Sparky Plugg,Rosita Williams|rows=2|score=0.611;Robert Fuller|rows=2|score=0.588;Petey Williams|rows=2|score=0.571;Harry Williams|rows=1|score=0.571
summer-rae,Summer Rae,Dante Leon|rows=1|score=0.640;Dani Mo|rows=1|score=0.636;Sierra|rows=1|score=0.625;Jimmy Rave|rows=2|score=0.600;Baron Michele Leone|rows=1|score=0.588;Humberto Gárza|rows=2|score=0.583;Nigel McGuinness|rows=2|score=0.581;Alex Montalvo|rows=2|score=0.571;Daniel Garcia|rows=2|score=0.571;Daniel Aldana|rows=1|score=0.571
tatanka,Tatanka,Titán|rows=4|score=0.667;Toru Tanaka|rows=1|score=0.667;Aksana|rows=1|score=0.615;Masato Tanaka|rows=3|score=0.600;Amakusa|rows=3|score=0.571;Takashi|rows=1|score=0.571;Colt Cabana|rows=6|score=0.556;La Catalina|rows=1|score=0.556
tegan-nox,Tegan Nox,Megan Bayne|rows=1|score=0.600;Dean Malenko|rows=9|score=0.571;Stephanie McMahon-Helmsley|rows=1|score=0.571;Tiffany Roxx|rows=1|score=0.571;Tony Nese|rows=1|score=0.571;The Giant|rows=2|score=0.556;El Texano|rows=1|score=0.556;Tigre Uno|rows=1|score=0.556;Frankie Laine|rows=1|score=0.552
the-berzerker,The Berzerker,Johnny Ringo|rows=1|score=0.692;Johnny Mundo|rows=5|score=0.667;The Mercenaries|rows=1|score=0.643;Johnny Powers|rows=8|score=0.636;Johnny Barend|rows=2|score=0.636;John Saxon|rows=2|score=0.632;John Tolos|rows=2|score=0.632;Josh Woods|rows=1|score=0.632;Johnny Hotbody|rows=2|score=0.609;John Hennigan|rows=1|score=0.593
the-boogeyman,The Boogeyman,The Bodyguy|rows=1|score=0.667;The Giant|rows=2|score=0.636;The Great Muta|rows=6|score=0.593;Joe Coleman|rows=1|score=0.583;Steve Morgan|rows=1|score=0.560;The Baroness|rows=1|score=0.560
the-sultan,The Sultan,The Claw[Note 5]|rows=1|score=0.667;The Giant|rows=2|score=0.632;Thekla|rows=2|score=0.625;The Tazmaniac|rows=1|score=0.609;The Artist|rows=2|score=0.600;The Kat|rows=1|score=0.588;The Great Muta|rows=6|score=0.583;Stone Mountain|rows=1|score=0.583;El Satánico|rows=14|score=0.571;The Spoiler|rows=2|score=0.571
the-warlord,The Warlord,Shane Taylor|rows=1|score=0.609;The Baroness|rows=1|score=0.609;Thea Hail|rows=1|score=0.600;The Destroyer|rows=6|score=0.583;The Artist|rows=2|score=0.571;Tom Lawlor|rows=1|score=0.571;Wardlow|rows=3|score=0.556;Herodes|rows=1|score=0.556;The Kat|rows=1|score=0.556
tiger-ali-singh,Tiger Ali Singh,Tiger Jeet Singh|rows=3|score=0.774;Tiger Mask (II)|rows=1|score=0.643;Tiger Mask|rows=14|score=0.640;Samir Singh|rows=5|score=0.615;Sunil Singh|rows=4|score=0.615;Rising Hayato|rows=1|score=0.600;Tiger Mask IV|rows=2|score=0.571;Darby Allin and Sting|rows=1|score=0.556;Great-O-Khan|rows=2|score=0.552
timothy-well,Timothy Well,John (4) and Al Smith|rows=1|score=0.595;Jimmy Valiant|rows=9|score=0.581
tom-brandi,Tom Brandi,Tom Branch|rows=1|score=0.800;Tommy Rich|rows=9|score=0.600;Don Brodie|rows=2|score=0.600;Bandido|rows=2|score=0.588;Bobo Brazil|rows=10|score=0.571;Anthony Bravado|rows=2|score=0.571;Action Andretti|rows=1|score=0.560;Komander|rows=2|score=0.556;Tom Zenk|rows=1|score=0.556
torrie-wilson,Torrie Wilson,Joey Nelson|rows=1|score=0.621;Arrick Andrews|rows=2|score=0.562;Taylor Wilde|rows=1|score=0.560;Mr. Anderson|rows=2|score=0.552
vickie-guerrero,Vickie Guerrero,Damiancito El Guerrero|rows=1|score=0.703;Último Guerrero|rows=6|score=0.667;Gory Guerrero|rows=6|score=0.643;Gran Guerrero|rows=1|score=0.643;Raul Guerrero|rows=1|score=0.643;Juventud Guerrera|rows=5|score=0.625;Cien Caras|rows=5|score=0.615;Damiancito el Guerrero/Virus|rows=1|score=0.605;Fuerza Guerrera|rows=6|score=0.600;Fuercita Guerrera|rows=1|score=0.562
xia-li,Xia Li,Ali|rows=1|score=0.667;Zaria|rows=1|score=0.615;Cali|rows=2|score=0.600
