performer_group_id,entrant_wrestler_ids,ring_names,real_names,entrant_rows,review_status
b-brian-blair,b-brian-blair,B. Brian Blair,Brian Leslie Blair,1,RESEARCH_NON_CHAMPION_OR_MISSING
b-fab,b-fab,B-Fab,Briana Brandy,2,RESEARCH_NON_CHAMPION_OR_MISSING
bad-news-brown,bad-news-brown,Bad News Brown,Allen James Coage,2,RESEARCH_NON_CHAMPION_OR_MISSING
barry-horowitz,barry-horowitz,Barry Horowitz,Barry Horowitz,1,RESEARCH_NON_CHAMPION_OR_MISSING
bastion-booger,bastion-booger,Bastion Booger,Mike Shaw,1,RESEARCH_NON_CHAMPION_OR_MISSING
big-john-studd,big-john-studd,Big John Studd,John William Minton,1,RESEARCH_NON_CHAMPION_OR_MISSING
blue-meanie,blue-meanie,Blue Meanie,Brian Heffron,1,RESEARCH_NON_CHAMPION_OR_MISSING
cameron,cameron,Cameron,Ariane Andrew,1,RESEARCH_NON_CHAMPION_OR_MISSING
damien-demento,damien-demento,Damien Demento,Phillip Theis,1,RESEARCH_NON_CHAMPION_OR_MISSING
daniel-puder,daniel-puder,Daniel Puder,Daniel Puder,1,RESEARCH_NON_CHAMPION_OR_MISSING
doink,doink,Doink,Ray Licameli,1,RESEARCH_NON_CHAMPION_OR_MISSING
doink-1995,doink-1995,Doink-1995,,1,RESEARCH_NON_CHAMPION_OR_MISSING
drew-carey,drew-carey,Drew Carey,Drew Allison Carey,1,RESEARCH_NON_CHAMPION_OR_MISSING
droz,droz,Droz,Darren Alexander Drozdov,1,RESEARCH_NON_CHAMPION_OR_MISSING
duke-droese,duke-droese,Duke Droese,Michael David Droese,2,RESEARCH_NON_CHAMPION_OR_MISSING
el-torito,el-torito,El Torito,,1,RESEARCH_NON_CHAMPION_OR_MISSING
ernest-miller,ernest-miller,Ernest Miller,Ernest Clifford Miller,1,RESEARCH_NON_CHAMPION_OR_MISSING
fake-razor-ramon,fake-razor-ramon,Fake Razor Ramon,Rick Bogner,1,RESEARCH_NON_CHAMPION_OR_MISSING
gangrel,gangrel,Gangrel,David William Heath,2,RESEARCH_NON_CHAMPION_OR_MISSING
gene-snitsky,gene-snitsky,Gene Snitsky,Eugene Alan Snisky,2,RESEARCH_NON_CHAMPION_OR_MISSING
hercules,hercules,Hercules,Raymond Constantine Fernandez Jr.,4,RESEARCH_NON_CHAMPION_OR_MISSING
hillbilly-jim,hillbilly-jim,Hillbilly Jim,James Morris,1,RESEARCH_NON_CHAMPION_OR_MISSING
ishowspeed,ishowspeed,IShowSpeed,Darren Jason Watkins Jr.,1,RESEARCH_NON_CHAMPION_OR_MISSING
ivy-nile,ivy-nile,Ivy Nile,Emily Andzulis,3,RESEARCH_NON_CHAMPION_OR_MISSING
jack-gallagher,jack-gallagher,Jack Gallagher,Oliver Westfield Claffey,1,RESEARCH_NON_CHAMPION_OR_MISSING
jaida-parker,jaida-parker,Jaida Parker,Tiana Lillian Marie Caffey,1,RESEARCH_NON_CHAMPION_OR_MISSING
james-ellsworth,james-ellsworth,James Ellsworth,James Ellsworth Morris,1,RESEARCH_NON_CHAMPION_OR_MISSING
jevon-evans,jevon-evans,Je'Von Evans,Malachi Jeffers,1,RESEARCH_NON_CHAMPION_OR_MISSING
jimmy-del-ray,jimmy-del-ray,Jimmy Del Ray,David Everett Ferrier,1,RESEARCH_NON_CHAMPION_OR_MISSING
johnny-knoxville,johnny-knoxville,Johnny Knoxville,Philip John Clapp,1,RESEARCH_NON_CHAMPION_OR_MISSING
jonathan-coachman,jonathan-coachman,Jonathan Coachman,Jonathan William Coachman,2,RESEARCH_NON_CHAMPION_OR_MISSING
kevin-thorn,kevin-thorn,Kevin Thorn,Kevin Matthew Fertig,1,RESEARCH_NON_CHAMPION_OR_MISSING
kurrgan,kurrgan,Kurrgan,Robert Maillet,2,RESEARCH_NON_CHAMPION_OR_MISSING
lacey-evans,lacey-evans,Lacey Evans,Macey Estrella,3,RESEARCH_NON_CHAMPION_OR_MISSING
lana,lana,Lana,Catherine Joy Perry,3,RESEARCH_NON_CHAMPION_OR_MISSING
luther-reigns,luther-reigns,Luther Reigns,Matthew Robert Wiese,1,RESEARCH_NON_CHAMPION_OR_MISSING
mantaur,mantaur,Mantaur,Mike Halac,1,RESEARCH_NON_CHAMPION_OR_MISSING
michael-cole,michael-cole,Michael Cole,,1,RESEARCH_NON_CHAMPION_OR_MISSING
mike-knox,mike-knox,Mike Knox,Michael Shawn Hettinga,1,RESEARCH_NON_CHAMPION_OR_MISSING
muhammad-hassan,muhammad-hassan,Muhammad Hassan,Marc Julian Copani,1,RESEARCH_NON_CHAMPION_OR_MISSING
no-way-jose,no-way-jose,No Way Jose,Levis Valenzuela Jr.,1,RESEARCH_NON_CHAMPION_OR_MISSING
pat-mcafee,pat-mcafee,Pat McAfee,Patrick Justin McAfee,1,RESEARCH_NON_CHAMPION_OR_MISSING
rick-boogs,rick-boogs,Rick Boogs,Eric Bugenhagen,1,RESEARCH_NON_CHAMPION_OR_MISSING
ruby-riott,ruby-riott,Ruby Riott,Dori Elizabeth Prange,3,RESEARCH_NON_CHAMPION_OR_MISSING
sam-houston,sam-houston,Sam Houston,Michael Maurice Smith,1,RESEARCH_NON_CHAMPION_OR_MISSING
sarah-logan,sarah-logan,Sarah Logan,Sarah Bridges,5,RESEARCH_NON_CHAMPION_OR_MISSING
summer-rae,summer-rae,Summer Rae,Danielle Moinet,1,RESEARCH_NON_CHAMPION_OR_MISSING
tatanka,tatanka,Tatanka,,4,RESEARCH_NON_CHAMPION_OR_MISSING
tegan-nox,tegan-nox,Tegan Nox,Steffanie Newell,3,RESEARCH_NON_CHAMPION_OR_MISSING
the-berzerker,the-berzerker,The Berzerker,John Eric Nord,2,RESEARCH_NON_CHAMPION_OR_MISSING
the-boogeyman,the-boogeyman,The Boogeyman,,1,RESEARCH_NON_CHAMPION_OR_MISSING
the-warlord,the-warlord,The Warlord,Terry Scott Szopinski,4,RESEARCH_NON_CHAMPION_OR_MISSING
tiger-ali-singh,tiger-ali-singh,Tiger Ali Singh,Gurjit Singh Hans,1,RESEARCH_NON_CHAMPION_OR_MISSING
timothy-well,timothy-well,Timothy Well,Timothy Alan Smith,1,RESEARCH_NON_CHAMPION_OR_MISSING
tom-brandi,tom-brandi,Tom Brandi,Thomas Brandi,1,RESEARCH_NON_CHAMPION_OR_MISSING
torrie-wilson,torrie-wilson,Torrie Wilson,Torrie Anne Wilson,2,RESEARCH_NON_CHAMPION_OR_MISSING
vickie-guerrero,vickie-guerrero,Vickie Guerrero,Vickie Lynn Lara,1,RESEARCH_NON_CHAMPION_OR_MISSING
xia-li,xia-li,Xia Li,Zhao Xia,4,RESEARCH_NON_CHAMPION_OR_MISSING
