wrestler_id,ring_name,real_name,aliases_ring_names,entrant_rows,review_status
b-brian-blair,B. Brian Blair,Brian Leslie Blair,,1,RESEARCH_NON_CHAMPION_OR_MISSING
b-fab,B-Fab,Briana Brandy,B-Fab;Briana Brandy,2,RESEARCH_NON_CHAMPION_OR_MISSING
bad-news-brown,Bad News Brown,Allen James Coage,,2,RESEARCH_NON_CHAMPION_OR_MISSING
barry-horowitz,Barry Horowitz,Barry Horowitz,,1,RESEARCH_NON_CHAMPION_OR_MISSING
bastion-booger,Bastion Booger,Mike Shaw,Makhan Singh; Bastion Booger; Man Mountain Rock; Mike Shaw; Norman the Lunatic,1,RESEARCH_NON_CHAMPION_OR_MISSING
big-bossman,Big Bossman,Ray Washington Traylor Jr.,,2,RESEARCH_NON_CHAMPION_OR_MISSING
big-john-studd,Big John Studd,John William Minton,,1,RESEARCH_NON_CHAMPION_OR_MISSING
bill-goldberg,Bill Goldberg,William Scott Goldberg,,1,RESEARCH_NON_CHAMPION_OR_MISSING
blue-meanie,Blue Meanie,Brian Heffron,,1,RESEARCH_NON_CHAMPION_OR_MISSING
cactus-jack,Cactus Jack,Michael Francis Foley,,1,RESEARCH_NON_CHAMPION_OR_MISSING
cameron,Cameron,Ariane Andrew,Cameron;Ariane Andrew,1,RESEARCH_NON_CHAMPION_OR_MISSING
damien-demento,Damien Demento,Phillip Theis,,1,RESEARCH_NON_CHAMPION_OR_MISSING
daniel-puder,Daniel Puder,Daniel Puder,,1,RESEARCH_NON_CHAMPION_OR_MISSING
doink,Doink,Ray Licameli,Ray Apollo,1,RESEARCH_NON_CHAMPION_OR_MISSING
doink-1995,Doink-1995,,,1,RESEARCH_NON_CHAMPION_OR_MISSING
drew-carey,Drew Carey,Drew Allison Carey,,1,RESEARCH_NON_CHAMPION_OR_MISSING
droz,Droz,Darren Alexander Drozdov,,1,RESEARCH_NON_CHAMPION_OR_MISSING
duke-droese,Duke Droese,Michael David Droese,,2,RESEARCH_NON_CHAMPION_OR_MISSING
el-grande-americano-i,Original El Grande Americano,Charles Edward Betts,The Original El Grande Americano;El Grande Americano I,1,RESEARCH_NON_CHAMPION_OR_MISSING
el-torito,El Torito,,,1,RESEARCH_NON_CHAMPION_OR_MISSING
ernest-miller,Ernest Miller,Ernest Clifford Miller,,1,RESEARCH_NON_CHAMPION_OR_MISSING
fake-diesel,Fake Diesel,Glenn Thomas Jacobs,,1,RESEARCH_NON_CHAMPION_OR_MISSING
fake-razor-ramon,Fake Razor Ramon,Rick Bogner,Big Titan; Rick Titan,1,RESEARCH_NON_CHAMPION_OR_MISSING
gangrel,Gangrel,David William Heath,,2,RESEARCH_NON_CHAMPION_OR_MISSING
gene-snitsky,Gene Snitsky,Eugene Alan Snisky,,2,RESEARCH_NON_CHAMPION_OR_MISSING
golga,Golga,John Anthony Tenta Jr.,Earthquake; John Tenta,1,RESEARCH_NON_CHAMPION_OR_MISSING
headshrinker-sione,Headshrinker Sione,Sione Havea Vailahi,The Barbarian; Barbarian,1,RESEARCH_NON_CHAMPION_OR_MISSING
hercules,Hercules,Raymond Constantine Fernandez Jr.,,4,RESEARCH_NON_CHAMPION_OR_MISSING
hillbilly-jim,Hillbilly Jim,James Morris,,1,RESEARCH_NON_CHAMPION_OR_MISSING
isaac-yankem,Isaac Yankem,Glenn Thomas Jacobs,,1,RESEARCH_NON_CHAMPION_OR_MISSING
ishowspeed,IShowSpeed,Darren Jason Watkins Jr.,,1,RESEARCH_NON_CHAMPION_OR_MISSING
ivy-nile,Ivy Nile,Emily Andzulis,Emily Andzulis,3,RESEARCH_NON_CHAMPION_OR_MISSING
jack-gallagher,Jack Gallagher,Oliver Westfield Claffey,,1,RESEARCH_NON_CHAMPION_OR_MISSING
jaida-parker,Jaida Parker,Tiana Lillian Marie Caffey,Tiana Caffey,1,RESEARCH_NON_CHAMPION_OR_MISSING
james-ellsworth,James Ellsworth,James Ellsworth Morris,,1,RESEARCH_NON_CHAMPION_OR_MISSING
jesse-james,Jesse James,Brian Girard James,,3,RESEARCH_NON_CHAMPION_OR_MISSING
jevon-evans,Je'Von Evans,Malachi Jeffers,Jay Malachi;Kid Blacka Merica,1,RESEARCH_NON_CHAMPION_OR_MISSING
jimmy-del-ray,Jimmy Del Ray,David Everett Ferrier,,1,RESEARCH_NON_CHAMPION_OR_MISSING
johnny-knoxville,Johnny Knoxville,Philip John Clapp,Johnny Knoxville,1,RESEARCH_NON_CHAMPION_OR_MISSING
jonathan-coachman,Jonathan Coachman,Jonathan William Coachman,,2,RESEARCH_NON_CHAMPION_OR_MISSING
kama,Kama,Charles Wright,The Godfather; The Goodfather; Papa Shango,2,RESEARCH_NON_CHAMPION_OR_MISSING
kevin-thorn,Kevin Thorn,Kevin Matthew Fertig,,1,RESEARCH_NON_CHAMPION_OR_MISSING
kurrgan,Kurrgan,Robert Maillet,,2,RESEARCH_NON_CHAMPION_OR_MISSING
lacey-evans,Lacey Evans,Macey Estrella,Macey Evans; Ruby Mobs,3,RESEARCH_NON_CHAMPION_OR_MISSING
lana,Lana,Catherine Joy Perry,CJ Perry,3,RESEARCH_NON_CHAMPION_OR_MISSING
luther-reigns,Luther Reigns,Matthew Robert Wiese,,1,RESEARCH_NON_CHAMPION_OR_MISSING
mankind,Mankind,Michael Francis Foley,,2,RESEARCH_NON_CHAMPION_OR_MISSING
mantaur,Mantaur,Mike Halac,,1,RESEARCH_NON_CHAMPION_OR_MISSING
michael-cole,Michael Cole,,,1,RESEARCH_NON_CHAMPION_OR_MISSING
mike-knox,Mike Knox,Michael Shawn Hettinga,,1,RESEARCH_NON_CHAMPION_OR_MISSING
muhammad-hassan,Muhammad Hassan,Marc Julian Copani,,1,RESEARCH_NON_CHAMPION_OR_MISSING
no-way-jose,No Way Jose,Levis Valenzuela Jr.,Manny Garcia; Levy Valenz,1,RESEARCH_NON_CHAMPION_OR_MISSING
pat-mcafee,Pat McAfee,Patrick Justin McAfee,,1,RESEARCH_NON_CHAMPION_OR_MISSING
rick-boogs,Rick Boogs,Eric Bugenhagen,Rick Boogs;Eric Bugenhagen,1,RESEARCH_NON_CHAMPION_OR_MISSING
road-warrior-animal,Road Warrior Animal,Joseph Michael Laurinaitis,,1,RESEARCH_NON_CHAMPION_OR_MISSING
ruby-riott,Ruby Riott,Dori Elizabeth Prange,Ruby Soho,3,RESEARCH_NON_CHAMPION_OR_MISSING
sam-houston,Sam Houston,Michael Maurice Smith,,1,RESEARCH_NON_CHAMPION_OR_MISSING
sarah-logan,Sarah Logan,Sarah Bridges,,5,RESEARCH_NON_CHAMPION_OR_MISSING
savio-vega,Savio Vega,Juan Rivera,Kwang; TNT,3,RESEARCH_NON_CHAMPION_OR_MISSING
sparky-plugg,Sparky Plugg,Robert William Howard,,1,RESEARCH_NON_CHAMPION_OR_MISSING
summer-rae,Summer Rae,Danielle Moinet,Summer Rae,1,RESEARCH_NON_CHAMPION_OR_MISSING
tatanka,Tatanka,,,4,RESEARCH_NON_CHAMPION_OR_MISSING
tegan-nox,Tegan Nox,Steffanie Newell,Nixon Newell,3,RESEARCH_NON_CHAMPION_OR_MISSING
the-berzerker,The Berzerker,John Eric Nord,John Nord,2,RESEARCH_NON_CHAMPION_OR_MISSING
the-boogeyman,The Boogeyman,,,1,RESEARCH_NON_CHAMPION_OR_MISSING
the-sultan,The Sultan,Solofa Fatu Jr.,,1,RESEARCH_NON_CHAMPION_OR_MISSING
the-warlord,The Warlord,Terry Scott Szopinski,,4,RESEARCH_NON_CHAMPION_OR_MISSING
tiger-ali-singh,Tiger Ali Singh,Gurjit Singh Hans,,1,RESEARCH_NON_CHAMPION_OR_MISSING
timothy-well,Timothy Well,Timothy Alan Smith,,1,RESEARCH_NON_CHAMPION_OR_MISSING
tom-brandi,Tom Brandi,Thomas Brandi,,1,RESEARCH_NON_CHAMPION_OR_MISSING
torrie-wilson,Torrie Wilson,Torrie Anne Wilson,,2,RESEARCH_NON_CHAMPION_OR_MISSING
vickie-guerrero,Vickie Guerrero,Vickie Lynn Lara,,1,RESEARCH_NON_CHAMPION_OR_MISSING
xia-li,Xia Li,Zhao Xia,"Lei Ying Lee (later TNA ring name, Sept 2024)",4,RESEARCH_NON_CHAMPION_OR_MISSING
