"wrestler_id","ring_name","source_count","wikipedia_urls","all_urls"
"jim-neidhart","Jim Neidhart","0","",""
"sam-houston","Sam Houston","0","",""
"nikolai-volkoff","Nikolai Volkoff","0","",""
"b-brian-blair","B. Brian Blair","0","",""
"hillbilly-jim","Hillbilly Jim","0","",""
"ax","Ax","0","",""
"smash","Smash","0","",""
"ronnie-garvin","Ronnie Garvin","0","",""
"bad-news-brown","Bad News Brown","0","",""
"koko-b-ware","Koko B. Ware","0","",""
"the-warlord","The Warlord","0","",""
"big-bossman","Big Bossman","0","",""
"brutus-beefcake","Brutus Beefcake","0","",""
"big-john-studd","Big John Studd","0","",""
"earthquake","Earthquake","1","","https://www.thesmackdownhotel.com/wrestlers/earthquake-john-tenta"
"saba-simba","Saba Simba","1","","https://www.cagesideseats.com/2016/1/16/10758450/wwe-royal-rumble-1991-match-time-statistics"
"tugboat","Tugboat","1","","https://www.cagesideseats.com/2016/1/16/10758450/wwe-royal-rumble-1991-match-time-statistics"
"irwin-r-schyster","Irwin R. Schyster","1","","https://www.cagesideseats.com/2014/1/14/5308096/match-times-the-1992-royal-rumble-match"
"the-berzerker","The Berzerker","1","","https://www.cagesideseats.com/2014/1/14/5308096/match-times-the-1992-royal-rumble-match"
"skinner","Skinner","1","","https://www.cagesideseats.com/2014/1/14/5308096/match-times-the-1992-royal-rumble-match"
"sid-justice","Sid Justice","3","https://en.wikipedia.org/wiki/Sid_Eudy","https://www.cagesideseats.com/2014/1/14/5308096/match-times-the-1992-royal-rumble-match;https://www.wikidata.org/wiki/Q714630;https://en.wikipedia.org/wiki/Sid_Eudy"
"tatanka","Tatanka","2","https://en.wikipedia.org/wiki/Tatanka_(wrestler)","https://www.cagesideseats.com/wwe/2016/1/17/10744118/wwe-royal-rumble-1993-match-time-statistics;https://en.wikipedia.org/wiki/Tatanka_(wrestler)"
"damien-demento","Damien Demento","1","","https://www.cagesideseats.com/wwe/2016/1/17/10744118/wwe-royal-rumble-1993-match-time-statistics"
"carlos-colon","Carlos Colon","1","","https://www.cagesideseats.com/wwe/2016/1/17/10744118/wwe-royal-rumble-1993-match-time-statistics"
"max-moon","Max Moon","1","","https://www.cagesideseats.com/wwe/2016/1/17/10744118/wwe-royal-rumble-1993-match-time-statistics"
"papa-shango","Papa Shango","2","https://en.wikipedia.org/wiki/The_Godfather_(wrestler)","https://www.cagesideseats.com/wwe/2016/1/17/10744118/wwe-royal-rumble-1993-match-time-statistics;https://en.wikipedia.org/wiki/The_Godfather_(wrestler)"
"adam-bomb","Adam Bomb","0","",""
"doink","Doink","0","",""
"kwang","Kwang","0","",""
"mo","Mo","1","","https://www.wikidata.org/wiki/Q6890157"
"sparky-plugg","Sparky Plugg","0","",""
"eli-blu","Eli Blu","1","","https://www.cagesideseats.com/wwe/2016/1/21/10669068/wwe-royal-rumble-1995-match-statistics-time"
"duke-droese","Duke Droese","1","","https://www.cagesideseats.com/wwe/2016/1/21/10669068/wwe-royal-rumble-1995-match-statistics-time"
"jimmy-del-ray","Jimmy Del Ray","1","","https://www.cagesideseats.com/wwe/2016/1/21/10669068/wwe-royal-rumble-1995-match-statistics-time"
"headshrinker-sione","Headshrinker Sione","2","https://en.wikipedia.org/wiki/The_Barbarian_(wrestler)","https://www.cagesideseats.com/wwe/2016/1/21/10669068/wwe-royal-rumble-1995-match-statistics-time;https://en.wikipedia.org/wiki/The_Barbarian_(wrestler)"
"tom-prichard","Tom Prichard","1","","https://www.cagesideseats.com/wwe/2016/1/21/10669068/wwe-royal-rumble-1995-match-statistics-time"
"timothy-well","Timothy Well","2","","https://www.cagesideseats.com/wwe/2016/1/21/10669068/wwe-royal-rumble-1995-match-statistics-time;https://www.wikidata.org/wiki/Q7808463"
"jacob-blu","Jacob Blu","1","","https://www.cagesideseats.com/wwe/2016/1/21/10669068/wwe-royal-rumble-1995-match-statistics-time"
"mantaur","Mantaur","1","","https://www.cagesideseats.com/wwe/2016/1/21/10669068/wwe-royal-rumble-1995-match-statistics-time"
"aldo-montoya","Aldo Montoya","1","","https://www.cagesideseats.com/wwe/2016/1/21/10669068/wwe-royal-rumble-1995-match-statistics-time"
"henry-godwinn","Henry Godwinn","1","","https://www.cagesideseats.com/wwe/2016/1/21/10669068/wwe-royal-rumble-1995-match-statistics-time"
"doink-1995","Doink-1995","1","","https://www.cagesideseats.com/wwe/2016/1/21/10669068/wwe-royal-rumble-1995-match-statistics-time"
"hakushi","Hakushi","0","",""
"barry-horowitz","Barry Horowitz","1","https://en.wikipedia.org/wiki/Barry_Horowitz","https://en.wikipedia.org/wiki/Barry_Horowitz"
"kama","Kama","1","https://en.wikipedia.org/wiki/The_Godfather_(wrestler)","https://en.wikipedia.org/wiki/The_Godfather_(wrestler)"
"headhunter-1","Headhunter #1","0","",""
"headhunter-2","Headhunter #2","0","",""
"isaac-yankem","Isaac Yankem","1","https://en.wikipedia.org/wiki/Kane_(wrestler)","https://en.wikipedia.org/wiki/Kane_(wrestler)"
"fake-razor-ramon","Fake Razor Ramon","2","https://en.wikipedia.org/wiki/Rick_Bognar","https://www.cagesideseats.com/wwe/2016/1/23/10722368/wwe-royal-rumble-1997-match-time-statistics;https://en.wikipedia.org/wiki/Rick_Bognar"
"the-sultan","The Sultan","2","https://en.wikipedia.org/wiki/Rikishi_(wrestler)","https://www.cagesideseats.com/wwe/2016/1/23/10722368/wwe-royal-rumble-1997-match-time-statistics;https://en.wikipedia.org/wiki/Rikishi_(wrestler)"
"jesse-james","Jesse James","1","","https://www.cagesideseats.com/wwe/2016/1/23/10722368/wwe-royal-rumble-1997-match-time-statistics"
"fake-diesel","Fake Diesel","3","https://en.wikipedia.org/wiki/Kane_(wrestler)","https://www.cagesideseats.com/wwe/2016/1/23/10722368/wwe-royal-rumble-1997-match-time-statistics;https://en.wikipedia.org/wiki/Kane_(wrestler);https://en.wikipedia.org/wiki/Kane_(wrestler)"
"mankind","Mankind","1","","https://www.cagesideseats.com/wwe/2016/1/23/10722368/wwe-royal-rumble-1997-match-time-statistics"
"flash-funk","Flash Funk","1","","https://www.cagesideseats.com/wwe/2016/1/23/10722368/wwe-royal-rumble-1997-match-time-statistics"
"bastion-booger","Bastion Booger","0","",""
"cactus-jack","Cactus Jack","1","https://en.wikipedia.org/wiki/Mick_Foley","https://en.wikipedia.org/wiki/Mick_Foley"
"tom-brandi","Tom Brandi","0","",""
"eight-ball","Eight-Ball","0","",""
"kurrgan","Kurrgan","0","",""
"dude-love","Dude Love","1","https://en.wikipedia.org/wiki/Mick_Foley","https://en.wikipedia.org/wiki/Mick_Foley"
"golga","Golga","1","","https://www.cagesideseats.com/2014/1/19/5323996/match-times-the-1999-royal-rumble"
"droz","Droz","1","","https://www.cagesideseats.com/2014/1/19/5323996/match-times-the-1999-royal-rumble"
"gillberg","Gillberg","1","","https://www.cagesideseats.com/2014/1/19/5323996/match-times-the-1999-royal-rumble"
"tiger-ali-singh","Tiger Ali Singh","1","","https://www.cagesideseats.com/2014/1/19/5323996/match-times-the-1999-royal-rumble"
"blue-meanie","Blue Meanie","1","","https://www.cagesideseats.com/2014/1/19/5323996/match-times-the-1999-royal-rumble"
"gangrel","Gangrel","1","","https://www.cagesideseats.com/2014/1/19/5323996/match-times-the-1999-royal-rumble"
"brian-christopher","Brian Christopher","0","",""
"bull-buchanan","Bull Buchanan","1","","https://www.cagesideseats.com/wwe/2016/1/24/9859724/wwe-royal-rumble-2001-match-statistics-time"
"drew-carey","Drew Carey","2","https://en.wikipedia.org/wiki/Drew_Carey","https://www.cagesideseats.com/wwe/2016/1/24/9859724/wwe-royal-rumble-2001-match-statistics-time;https://en.wikipedia.org/wiki/Drew_Carey"
"chris-nowinski","Chris Nowinski","1","","https://www.cagesideseats.com/2015/1/23/7875837/match-times-the-2003-royal-rumble"
"bill-demott","Bill DeMott","1","","https://www.cagesideseats.com/2015/1/23/7875837/match-times-the-2003-royal-rumble"
"rosey","Rosey","1","","https://www.cagesideseats.com/2015/1/23/7875837/match-times-the-2003-royal-rumble"
"renee-dupree","Renee Dupree","0","",""
"ernest-miller","Ernest Miller","0","",""
"bill-goldberg","Bill Goldberg","0","",""
"daniel-puder","Daniel Puder","1","","https://www.cagesideseats.com/wwe/2016/1/19/10700484/wwe-royal-rumble-2005-match-statistics-time"
"muhammad-hassan","Muhammad Hassan","1","","https://www.cagesideseats.com/wwe/2016/1/19/10700484/wwe-royal-rumble-2005-match-statistics-time"
"jonathan-coachman","Jonathan Coachman","1","","https://www.cagesideseats.com/wwe/2016/1/19/10700484/wwe-royal-rumble-2005-match-statistics-time"
"luther-reigns","Luther Reigns","1","","https://www.cagesideseats.com/wwe/2016/1/19/10700484/wwe-royal-rumble-2005-match-statistics-time"
"gene-snitsky","Gene Snitsky","1","","https://www.cagesideseats.com/wwe/2016/1/19/10700484/wwe-royal-rumble-2005-match-statistics-time"
"simon-dean","Simon Dean","1","","https://www.cagesideseats.com/wwe/2016/1/19/10700484/wwe-royal-rumble-2005-match-statistics-time"
"road-warrior-animal","Road Warrior Animal","0","",""
"chris-masters","Chris Masters","0","",""
"eugene","Eugene","0","",""
"sylvan-grenier","Sylvan Grenier","0","",""
"kenny-dykstra","Kenny Dykstra","1","","https://www.cagesideseats.com/2014/1/26/5330144/match-times-the-2007-royal-rumble"
"kevin-thorn","Kevin Thorn","1","","https://www.cagesideseats.com/2014/1/26/5330144/match-times-the-2007-royal-rumble"
"elijah-burke","Elijah Burke","2","","https://www.cagesideseats.com/2016/1/15/10773816/wwe-royal-rumble-2008-match-time-statistics;https://www.wwe.com/superstars/releasedtalent/elijahburke/eexperiencearchive/elijahexp2-18-07"
"mike-knox","Mike Knox","1","","https://www.cagesideseats.com/wwe/2016/1/22/10705748/wwe-royal-rumble-2009-match-time-statistics"
"jtg","JTG","1","","https://www.cagesideseats.com/wwe/2016/1/22/10705748/wwe-royal-rumble-2009-match-time-statistics"
"yoshi-tatsu","Yoshi Tatsu","1","","https://www.cagesideseats.com/2014/1/16/5316530/match-times-the-2011-royal-rumble"
"husky-harris","Husky Harris","1","","https://www.cagesideseats.com/2014/1/16/5316530/match-times-the-2011-royal-rumble"
"tyler-reks","Tyler Reks","1","","https://www.cagesideseats.com/2014/1/16/5316530/match-times-the-2011-royal-rumble"
"mason-ryan","Mason Ryan","1","","https://www.cagesideseats.com/2014/1/16/5316530/match-times-the-2011-royal-rumble"
"alex-riley","Alex Riley","1","","https://www.cagesideseats.com/2014/1/16/5316530/match-times-the-2011-royal-rumble"
"hunico","Hunico","1","","https://www.cagesideseats.com/wwe/2016/1/20/10733100/wwe-royal-rumble-2012-statistics-match-times"
"ricardo-rodriguez","Ricardo Rodriguez","1","","https://www.cagesideseats.com/wwe/2016/1/20/10733100/wwe-royal-rumble-2012-statistics-match-times"
"michael-cole","Michael Cole","1","","https://www.cagesideseats.com/wwe/2016/1/20/10733100/wwe-royal-rumble-2012-statistics-match-times"
"kharma","Kharma","1","","https://www.cagesideseats.com/wwe/2016/1/20/10733100/wwe-royal-rumble-2012-statistics-match-times"
"brodus-clay","Brodus Clay","2","https://en.wikipedia.org/wiki/Tyrus_(wrestler)","https://www.cagesideseats.com/cageside-seats-features/2013/11/20/5080006/match-times-wwe-royal-rumble-2013-edition;https://en.wikipedia.org/wiki/Tyrus_(wrestler)"
"el-torito","El Torito","2","https://en.wikipedia.org/wiki/Mascarita_Dorada","https://www.cagesideseats.com/2014/1/27/5350248/wwe-royal-rumble-2014-match-time-and-statistics;https://en.wikipedia.org/wiki/Mascarita_Dorada"
"the-boogeyman","The Boogeyman","2","https://en.wikipedia.org/wiki/The_Boogeyman_(wrestler)","https://www.cagesideseats.com/2015/1/28/7920097/wwe-royal-rumble-2015-match-time-and-statistics;https://en.wikipedia.org/wiki/The_Boogeyman_(wrestler)"
"adam-rose","Adam Rose","2","https://en.wikipedia.org/wiki/Adam_Rose_(wrestler)","https://www.cagesideseats.com/2015/1/28/7920097/wwe-royal-rumble-2015-match-time-and-statistics;https://en.wikipedia.org/wiki/Adam_Rose_(wrestler)"
"big-cass","Big Cass","1","https://en.wikipedia.org/wiki/Royal_Rumble_(2017)","https://en.wikipedia.org/wiki/Royal_Rumble_(2017)"
"jack-gallagher","Jack Gallagher","1","https://en.wikipedia.org/wiki/Royal_Rumble_(2017)","https://en.wikipedia.org/wiki/Royal_Rumble_(2017)"
"james-ellsworth","James Ellsworth","1","https://en.wikipedia.org/wiki/Royal_Rumble_(2017)","https://en.wikipedia.org/wiki/Royal_Rumble_(2017)"
"sarah-logan","Sarah Logan","1","https://en.wikipedia.org/wiki/Royal_Rumble_(2018)","https://en.wikipedia.org/wiki/Royal_Rumble_(2018)"
"torrie-wilson","Torrie Wilson","1","https://en.wikipedia.org/wiki/WWE_Hall_of_Fame","https://en.wikipedia.org/wiki/WWE_Hall_of_Fame"
"lana","Lana","1","https://en.wikipedia.org/wiki/Royal_Rumble_(2018)","https://en.wikipedia.org/wiki/Royal_Rumble_(2018)"
"ruby-riott","Ruby Riott","1","https://en.wikipedia.org/wiki/Royal_Rumble_(2018)","https://en.wikipedia.org/wiki/Royal_Rumble_(2018)"
"vickie-guerrero","Vickie Guerrero","1","","https://www.notinhalloffame.com/wwe/2678-84-vickie-guerrero"
"no-way-jose","No Way Jose","2","https://en.wikipedia.org/wiki/Royal_Rumble_(2019)","https://en.wikipedia.org/wiki/Royal_Rumble_(2019);https://www.cagematch.net/?id=2&nr=2749"
"lacey-evans","Lacey Evans","1","https://en.wikipedia.org/wiki/Royal_Rumble_(2019)","https://en.wikipedia.org/wiki/Royal_Rumble_(2019)"
"xia-li","Xia Li","2","https://en.wikipedia.org/wiki/Royal_Rumble_(2019)","https://en.wikipedia.org/wiki/Royal_Rumble_(2019);https://gerweck.net/2019/01/28/xia-li/"
"mia-yim","Mia Yim","1","https://en.wikipedia.org/wiki/Bianca_Belair","https://en.wikipedia.org/wiki/Bianca_Belair"
"tegan-nox","Tegan Nox","1","https://en.wikipedia.org/wiki/Bianca_Belair","https://en.wikipedia.org/wiki/Bianca_Belair"
"johnny-knoxville","Johnny Knoxville","1","","https://www.imdb.com/name/nm0424216/bio/"
"rick-boogs","Rick Boogs","1","https://en.wikipedia.org/wiki/Rick_Boogs","https://en.wikipedia.org/wiki/Rick_Boogs"
"summer-rae","Summer Rae","1","https://en.wikipedia.org/wiki/Summer_Rae","https://en.wikipedia.org/wiki/Summer_Rae"
"b-fab","B-Fab","1","","https://www.thesmackdownhotel.com/wrestlers/briana-brandy"
"zoey-stark","Zoey Stark","1","","https://www.thesmackdownhotel.com/wrestlers/zoey-stark-lacey-ryan"
"pat-mcafee","Pat McAfee","3","https://en.wikipedia.org/wiki/Pat_McAfee","https://en.wikipedia.org/wiki/Pat_McAfee;https://independentwrestling.tv/events/iwa-east-coast-scarcade-dZvMjBZ4la;https://www.pro-football-reference.com/players/M/McAfPa44.htm"
"ivy-nile","Ivy Nile","1","https://en.wikipedia.org/wiki/Ivy_Nile","https://en.wikipedia.org/wiki/Ivy_Nile"
"ishowspeed","IShowSpeed","3","https://en.wikipedia.org/wiki/IShowSpeed","https://en.wikipedia.org/wiki/IShowSpeed;https://www.imdb.com/name/nm12964938/bio/;https://www.wwe.com/shows/royalrumble/2025"
"jaida-parker","Jaida Parker","2","https://en.wikipedia.org/wiki/Jaida_Parker","https://en.wikipedia.org/wiki/Jaida_Parker;https://www.thesmackdownhotel.com/wrestlers/jaida-parker"
"jevon-evans","Je'Von Evans","2","https://en.wikipedia.org/wiki/Je%27Von_Evans","https://en.wikipedia.org/wiki/Je%27Von_Evans;https://www.onlineworldofwrestling.com/profile/jay-malachi/"
"el-grande-americano-i","Original El Grande Americano","2","https://en.wikipedia.org/wiki/Chad_Gable","https://en.wikipedia.org/wiki/Chad_Gable;https://www.onlineworldofwrestling.com/profile/chad-gable/"
"kiana-james","Kiana James","4","https://en.wikipedia.org/wiki/Kiana_James;https://de.wikipedia.org/wiki/Kiana_James","https://en.wikipedia.org/wiki/Kiana_James;https://www.cagematch.net/?id=2&nr=25036;https://www.thesmackdownhotel.com/wrestlers/kayla-inlay;https://de.wikipedia.org/wiki/Kiana_James"
