wrestler_id,ring_name,real_name,wikipedia_url,wikipedia_nationality_raw,sdh_url,sdh_nationality_raw,proposed_nationality,proposed_status,review_note
1-2-3-kid,1-2-3 Kid,Sean Michael Waltman,https://en.wikipedia.org/wiki/Special:Search?search=Sean+Michael+Waltman+professional+wrestler&go=Go,,,,,UNKNOWN,Wikipedia page/search did not yield an explicit nationality descriptor
a-train,A-Train,,https://en.wikipedia.org/wiki/Special:Search?search=A-Train+professional+wrestler&go=Go,,,,,UNKNOWN,Wikipedia page/search did not yield an explicit nationality descriptor
adam-bomb,Adam Bomb,Bryan Emmett Clark,https://en.wikipedia.org/wiki/Special:Search?search=Bryan+Emmett+Clark+professional+wrestler&go=Go,,https://www.thesmackdownhotel.com/wrestlers/adam-bomb-bryan-clark-wrath,United States,American,PROBABLE,
adam-cole,Adam Cole,Austin Kirk Jenkins,https://en.wikipedia.org/wiki/Special:Search?search=Austin+Kirk+Jenkins+professional+wrestler&go=Go,,https://www.thesmackdownhotel.com/wrestlers/adam-cole,United States,American,PROBABLE,
adam-rose,Adam Rose,,https://en.wikipedia.org/wiki/Adam_Rose_(wrestler),South African,https://www.thesmackdownhotel.com/wrestlers/adam-rose,South Africa,South African,CONFIRMED,
ahmed-johnson,Ahmed Johnson,Anthony Norris,https://en.wikipedia.org/wiki/Special:Search?search=Anthony+Norris+professional+wrestler&go=Go,,https://www.thesmackdownhotel.com/wrestlers/ahmed-johnson,United States,American,PROBABLE,
aiden-english,Aiden English,Matthew Thomas Rehwoldt,https://en.wikipedia.org/wiki/Special:Search?search=Matthew+Thomas+Rehwoldt+professional+wrestler&go=Go,,https://www.thesmackdownhotel.com/wrestlers/aiden-english,United States,American,PROBABLE,
aj-styles,AJ Styles,,https://en.wikipedia.org/wiki/AJ_Styles,American,https://www.thesmackdownhotel.com/wrestlers/aj-styles,United States,American,CONFIRMED,
al-snow,Al Snow,Allen Ray Sarven,https://en.wikipedia.org/wiki/Special:Search?search=Allen+Ray+Sarven+professional+wrestler&go=Go,,https://www.thesmackdownhotel.com/wrestlers/al-snow,United States,American,PROBABLE,
alberto-del-rio,Alberto Del Rio,Jose Alberto Rodriguez,https://en.wikipedia.org/wiki/Special:Search?search=Jose+Alberto+Rodriguez+professional+wrestler&go=Go,,https://www.thesmackdownhotel.com/wrestlers/alberto-del-rio-el-patron,Mexico,Mexican,PROBABLE,
aldo-montoya,Aldo Montoya,Peter Joseph Polaco,https://en.wikipedia.org/wiki/Special:Search?search=Peter+Joseph+Polaco+professional+wrestler&go=Go,,,,,UNKNOWN,Wikipedia page/search did not yield an explicit nationality descriptor
alex-riley,Alex Riley,Kevin Robert Kiley Jr.,https://en.wikipedia.org/wiki/Special:Search?search=Kevin+Robert+Kiley+Jr.+professional+wrestler&go=Go,,https://www.thesmackdownhotel.com/wrestlers/alex-riley,United States,American,PROBABLE,
animal,Animal,Joseph Michael Laurinaitis,https://en.wikipedia.org/wiki/Special:Search?search=Joseph+Michael+Laurinaitis+professional+wrestler&go=Go,,https://www.thesmackdownhotel.com/wrestlers/road-warrior-animal,United States,American,PROBABLE,
apollo-crews,Apollo Crews,Sesugh Isaac Uhaa,https://en.wikipedia.org/wiki/Royal_Rumble_(2017),,https://www.thesmackdownhotel.com/wrestlers/apollo-crews,United States,American,PROBABLE,
bam-bam-bigelow,Bam Bam Bigelow,Scott Charles Bigelow,https://en.wikipedia.org/wiki/Special:Search?search=Scott+Charles+Bigelow+professional+wrestler&go=Go,,https://www.thesmackdownhotel.com/wrestlers/bam-bam-bigelow,United States,American,PROBABLE,
baron-corbin,Baron Corbin,Thomas Pestock,https://en.wikipedia.org/wiki/Royal_Rumble_(2017),,https://www.thesmackdownhotel.com/wrestlers/baron-corbin,United States,American,PROBABLE,
barry-horowitz,Barry Horowitz,Barry Horowitz,https://en.wikipedia.org/wiki/Barry_Horowitz,American,https://www.thesmackdownhotel.com/wrestlers/barry-horowitz,United States,American,CONFIRMED,
bart-gunn,Bart Gunn,Michael Polchlopek,https://en.wikipedia.org/wiki/Special:Search?search=Michael+Polchlopek+professional+wrestler&go=Go,,https://www.thesmackdownhotel.com/wrestlers/bart-gunn,United States,American,PROBABLE,
bastion-booger,Bastion Booger,Mike Shaw,https://en.wikipedia.org/wiki/Special:Search?search=Mike+Shaw+professional+wrestler&go=Go,,https://www.thesmackdownhotel.com/wrestlers/bastion-booger-norman-the-lunatic-makhan-singh,United States,American,PROBABLE,
batista,Batista,David Michael Bautista Jr.,https://en.wikipedia.org/wiki/Special:Search?search=David+Michael+Bautista+Jr.+professional+wrestler&go=Go,,https://www.thesmackdownhotel.com/wrestlers/batista,United States,American,PROBABLE,
bayley,Bayley,Pamela Rose Martinez,https://en.wikipedia.org/wiki/Royal_Rumble_(2018),,https://www.thesmackdownhotel.com/wrestlers/bayley,United States,American,PROBABLE,
beau-beverly,Beau Beverly,Wayne Bloom,https://en.wikipedia.org/wiki/Special:Search?search=Wayne+Bloom+professional+wrestler&go=Go,,https://www.thesmackdownhotel.com/wrestlers/wayne-bloom-beau-beverly,United States,American,PROBABLE,
beth-phoenix,Beth Phoenix,,https://en.wikipedia.org/wiki/Royal_Rumble_(2010),,https://www.thesmackdownhotel.com/wrestlers/beth-phoenix,United States,American,PROBABLE,
big-boss-man,Big Boss Man,Ray Washington Traylor Jr.,https://en.wikipedia.org/wiki/Special:Search?search=Ray+Washington+Traylor+Jr.+professional+wrestler&go=Go,,https://www.thesmackdownhotel.com/wrestlers/big-boss-man,United States,American,PROBABLE,
big-cass,Big Cass,William Morrissey,https://en.wikipedia.org/wiki/Royal_Rumble_(2017),,https://www.thesmackdownhotel.com/wrestlers/big-cass,United States,American,PROBABLE,
big-e,Big E. Langston,,https://en.wikipedia.org/wiki/Big_E_(wrestler),American,https://www.thesmackdownhotel.com/wrestlers/big-e,United States,American,CONFIRMED,
big-show,Big Show,Paul Donald Wight II,https://en.wikipedia.org/wiki/Special:Search?search=Paul+Donald+Wight+II+professional+wrestler&go=Go,,https://www.thesmackdownhotel.com/wrestlers/big-show,United States,American,PROBABLE,
bill-demott,Bill DeMott,William Charles DeMott II,https://en.wikipedia.org/wiki/Special:Search?search=William+Charles+DeMott+II+professional+wrestler&go=Go,,https://www.thesmackdownhotel.com/wrestlers/bill-demott,United States,American,PROBABLE,
bill-goldberg,Bill Goldberg,William Scott Goldberg,https://en.wikipedia.org/wiki/Special:Search?search=William+Scott+Goldberg+professional+wrestler&go=Go,,,,,UNKNOWN,Wikipedia page/search did not yield an explicit nationality descriptor
billy-gunn,Billy Gunn,Monty Kip Sopp,https://en.wikipedia.org/wiki/Special:Search?search=Monty+Kip+Sopp+professional+wrestler&go=Go,,https://www.thesmackdownhotel.com/wrestlers/billy-gunn,United States,American,PROBABLE,
blake-beverly,Blake Beverly,Michael Enos,https://en.wikipedia.org/wiki/Special:Search?search=Michael+Enos+professional+wrestler&go=Go,,https://www.thesmackdownhotel.com/wrestlers/mike-enos-blake-beverly,United States,American,PROBABLE,
blue-meanie,Blue Meanie,Brian Heffron,https://en.wikipedia.org/wiki/Special:Search?search=Brian+Heffron+professional+wrestler&go=Go,,https://www.thesmackdownhotel.com/wrestlers/the-blue-meanie,United States,American,PROBABLE,
bo-dallas,Bo Dallas,,https://en.wikipedia.org/wiki/Bo_Dallas,American,https://www.thesmackdownhotel.com/wrestlers/bo-dallas,United States,American,CONFIRMED,
bob-backlund,Bob Backlund,Robert Louis Backlund,https://en.wikipedia.org/wiki/Special:Search?search=Robert+Louis+Backlund+professional+wrestler&go=Go,,https://www.thesmackdownhotel.com/wrestlers/bob-backlund,United States,American,PROBABLE,
bob-holly,Bob Holly,Robert William Howard,https://en.wikipedia.org/wiki/Special:Search?search=Robert+William+Howard+professional+wrestler&go=Go,,,,,UNKNOWN,Wikipedia page/search did not yield an explicit nationality descriptor
bobby-lashley,Bobby Lashley,Franklin Roberto Lashley,https://en.wikipedia.org/wiki/Special:Search?search=Franklin+Roberto+Lashley+professional+wrestler&go=Go,,https://www.thesmackdownhotel.com/wrestlers/bobby-lashley,United States,American,PROBABLE,
booker-t,Booker T,Booker T. Huffman Jr.,https://en.wikipedia.org/wiki/Special:Search?search=Booker+T.+Huffman+Jr.+professional+wrestler&go=Go,,https://www.thesmackdownhotel.com/wrestlers/booker-t,United States,American,PROBABLE,
bradshaw,Bradshaw,John Charles Layfield,https://en.wikipedia.org/wiki/Special:Search?search=John+Charles+Layfield+professional+wrestler&go=Go,,https://www.thesmackdownhotel.com/wrestlers/jbl-bradshaw,United States,American,PROBABLE,
braun-strowman,Braun Strowman,,https://en.wikipedia.org/wiki/Braun_Strowman,American,https://www.thesmackdownhotel.com/wrestlers/braun-strowman,United States,American,CONFIRMED,
bray-wyatt,Bray Wyatt,Windham Lawrence Rotunda,https://en.wikipedia.org/wiki/Special:Search?search=Windham+Lawrence+Rotunda+professional+wrestler&go=Go,,https://www.thesmackdownhotel.com/wrestlers/bray-wyatt-the-fiend,United States,American,PROBABLE,
brian-christopher,Brian Christopher,Brian Christopher Lawler,https://en.wikipedia.org/wiki/Special:Search?search=Brian+Christopher+Lawler+professional+wrestler&go=Go,,https://www.thesmackdownhotel.com/wrestlers/grand-master-sexay-brian-christopher,United States,American,PROBABLE,
brian-knobbs,Brian Knobbs,Brian Yandrisovitz,https://en.wikipedia.org/wiki/Special:Search?search=Brian+Yandrisovitz+professional+wrestler&go=Go,,https://www.thesmackdownhotel.com/wrestlers/brian-knobbs,United States,American,PROBABLE,
brian-lee,Brian Lee,,https://en.wikipedia.org/wiki/Special:Search?search=Brian+Lee+professional+wrestler&go=Go,,https://www.thesmackdownhotel.com/wrestlers/brian-lee,United States,American,PROBABLE,
brie-bella,Brie Bella,Brianna Monique Garcia-Colace,https://en.wikipedia.org/wiki/WWE_Hall_of_Fame,,https://www.thesmackdownhotel.com/wrestlers/brie-bella,United States,American,PROBABLE,
brock-lesnar,Brock Lesnar,Brock Edward Lesnar,https://en.wikipedia.org/wiki/Special:Search?search=Brock+Edward+Lesnar+professional+wrestler&go=Go,,https://www.thesmackdownhotel.com/wrestlers/brock-lesnar,United States,American,PROBABLE,
brodus-clay,Brodus Clay,,https://en.wikipedia.org/wiki/Tyrus_(wrestler),American,https://www.thesmackdownhotel.com/wrestlers/brodus-clay,United States,American,CONFIRMED,
bubba-ray-dudley,Bubba Ray Dudley,,https://en.wikipedia.org/wiki/Bubba_Ray_Dudley,American,https://www.thesmackdownhotel.com/wrestlers/bubba-ray-dudley-bully-ray,United States,American,CONFIRMED,
bull-buchanan,Bull Buchanan,Barry Buchanan,https://en.wikipedia.org/wiki/Special:Search?search=Barry+Buchanan+professional+wrestler&go=Go,,https://www.thesmackdownhotel.com/wrestlers/bull-buchanan,United States,American,PROBABLE,
cactus-jack,Cactus Jack,Michael Francis Foley,https://en.wikipedia.org/wiki/Mick_Foley,American,,,American,PROBABLE,Wikipedia lookup failed: HTTPError
carlito,Carlito,Carlos Edwin Colon Jr.,https://en.wikipedia.org/wiki/Special:Search?search=Carlos+Edwin+Colon+Jr.+professional+wrestler&go=Go,,https://www.thesmackdownhotel.com/wrestlers/carlito,Puerto Rico,Puerto Rican,PROBABLE,
carlos-colon,Carlos Colon,Carlos Edwin Colón González,https://en.wikipedia.org/wiki/Special:Search?search=Carlos+Edwin+Col%C3%B3n+Gonz%C3%A1lez+professional+wrestler&go=Go,,https://www.thesmackdownhotel.com/wrestlers/carlos-colon,Puerto Rico,Puerto Rican,PROBABLE,
carmella,Carmella,Leah Van Dale,https://en.wikipedia.org/wiki/Royal_Rumble_(2018),,https://www.thesmackdownhotel.com/wrestlers/carmella,United States,American,PROBABLE,
cesaro,Cesaro,,https://en.wikipedia.org/wiki/Claudio_Castagnoli,American,https://www.thesmackdownhotel.com/wrestlers/cesaro,Switzerland,Swiss,CONFLICTING,Wikipedia=American; SDH=Swiss
chainz,Chainz,Brian Lee Harris,https://en.wikipedia.org/wiki/John_Layfield,American,https://www.thesmackdownhotel.com/wrestlers/brian-lee,United States,American,CONFIRMED,
charlie-haas,Charlie Haas,Charles Doyle Haas II,https://en.wikipedia.org/wiki/Special:Search?search=Charles+Doyle+Haas+II+professional+wrestler&go=Go,,https://www.thesmackdownhotel.com/wrestlers/charlie-haas,United States,American,PROBABLE,
chavo-guerrero,Chavo Guerrero,Salvador Guerrero IV,https://en.wikipedia.org/wiki/Special:Search?search=Salvador+Guerrero+IV+professional+wrestler&go=Go,,https://www.thesmackdownhotel.com/wrestlers/chavo-guerrero,United States,American,PROBABLE,
chris-benoit,Chris Benoit,Christopher Michael Benoit,https://en.wikipedia.org/wiki/Special:Search?search=Christopher+Michael+Benoit+professional+wrestler&go=Go,,https://www.thesmackdownhotel.com/wrestlers/chris-benoit,Canada,Canadian,PROBABLE,
chris-jericho,Chris Jericho,Christopher Keith Irvine,https://en.wikipedia.org/wiki/Special:Search?search=Christopher+Keith+Irvine+professional+wrestler&go=Go,,https://www.thesmackdownhotel.com/wrestlers/chris-jericho,Canada;United States,Canadian-American,PROBABLE,
chris-masters,Chris Masters,Christopher Todd Mordetzky,https://en.wikipedia.org/wiki/Special:Search?search=Christopher+Todd+Mordetzky+professional+wrestler&go=Go,,https://www.thesmackdownhotel.com/wrestlers/chris-masters,United States,American,PROBABLE,
chris-nowinski,Chris Nowinski,Christopher John Nowinski,https://en.wikipedia.org/wiki/Special:Search?search=Christopher+John+Nowinski+professional+wrestler&go=Go,,https://www.thesmackdownhotel.com/wrestlers/chris-nowinski,United States,American,PROBABLE,
christian,Christian,William Jason Reso,https://en.wikipedia.org/wiki/Special:Search?search=William+Jason+Reso+professional+wrestler&go=Go,,https://www.thesmackdownhotel.com/wrestlers/christian,Canada,Canadian,PROBABLE,
chuck-palumbo,Chuck Palumbo,Charles Ronald Palumbo,https://en.wikipedia.org/wiki/Special:Search?search=Charles+Ronald+Palumbo+professional+wrestler&go=Go,,https://www.thesmackdownhotel.com/wrestlers/chuck-palumbo,United States,American,PROBABLE,
chyna,Chyna,Joan Marie Laurer,https://en.wikipedia.org/wiki/Special:Search?search=Joan+Marie+Laurer+professional+wrestler&go=Go,,https://www.thesmackdownhotel.com/wrestlers/chyna,United States,American,PROBABLE,
cibernetico,Cibernetico,Octavio López Arreola,https://en.wikipedia.org/wiki/Special:Search?search=Octavio+L%C3%B3pez+Arreola+professional+wrestler&go=Go,,https://www.thesmackdownhotel.com/wrestlers/cibernetico,Mexico,Mexican,PROBABLE,
cm-punk,CM Punk,Phillip Jack Brooks,https://en.wikipedia.org/wiki/Special:Search?search=Phillip+Jack+Brooks+professional+wrestler&go=Go,,https://www.thesmackdownhotel.com/wrestlers/cm-punk,United States,American,PROBABLE,
cody-rhodes,Cody Rhodes,Cody Garrett Runnels,https://en.wikipedia.org/wiki/Special:Search?search=Cody+Garrett+Runnels+professional+wrestler&go=Go,,https://www.thesmackdownhotel.com/wrestlers/cody-rhodes,United States,American,PROBABLE,
col-mustafa,Col. Mustafa,Hossein Khosrow Ali Vaziri,https://en.wikipedia.org/wiki/Special:Search?search=Hossein+Khosrow+Ali+Vaziri+professional+wrestler&go=Go,,,,,UNKNOWN,Wikipedia page/search did not yield an explicit nationality descriptor
craig-degeorge,Craig DeGeorge,Craig Minervini,https://en.wikipedia.org/wiki/Special:Search?search=Craig+Minervini+professional+wrestler&go=Go,,,,,UNKNOWN,Wikipedia page/search did not yield an explicit nationality descriptor
crash-holly,Crash Holly,,https://en.wikipedia.org/wiki/Crash_Holly,American,https://www.thesmackdownhotel.com/wrestlers/crash-holly,United States,American,CONFIRMED,
curtis-axel,Curtis Axel,,https://en.wikipedia.org/wiki/Curtis_Axel,American,https://www.thesmackdownhotel.com/wrestlers/curtis-axel,United States,American,CONFIRMED,
d-lo-brown,D-Lo Brown,Accie Julius Connor,https://en.wikipedia.org/wiki/Special:Search?search=Accie+Julius+Connor+professional+wrestler&go=Go,,https://www.thesmackdownhotel.com/wrestlers/d-lo-brown,United States,American,PROBABLE,
damien-demento,Damien Demento,Phillip Theis,https://en.wikipedia.org/wiki/Special:Search?search=Phillip+Theis+professional+wrestler&go=Go,,,,,UNKNOWN,Wikipedia page/search did not yield an explicit nationality descriptor
damien-sandow,Damien Sandow,,https://en.wikipedia.org/wiki/Aron_Stevens,American,https://www.thesmackdownhotel.com/wrestlers/damien-sandow-aron-stevens,United States,American,CONFIRMED,
dan-severn,Dan Severn,Daniel DeWayne Severn,https://en.wikipedia.org/wiki/Special:Search?search=Daniel+DeWayne+Severn+professional+wrestler&go=Go,,https://www.thesmackdownhotel.com/wrestlers/dan-severn,United States,American,PROBABLE,
dana-brooke,Dana Brooke,Ashley Mae Sebera,https://en.wikipedia.org/wiki/Royal_Rumble_(2018),,https://www.thesmackdownhotel.com/wrestlers/dana-brooke,United States,American,PROBABLE,
daniel-bryan,Daniel Bryan,Bryan Lloyd Danielson,https://en.wikipedia.org/wiki/Special:Search?search=Bryan+Lloyd+Danielson+professional+wrestler&go=Go,,https://www.thesmackdownhotel.com/wrestlers/daniel-bryan,United States,American,PROBABLE,
daniel-puder,Daniel Puder,Daniel Puder,https://en.wikipedia.org/wiki/Special:Search?search=Daniel+Puder+professional+wrestler&go=Go,,https://www.thesmackdownhotel.com/wrestlers/daniel-puder,United States,American,PROBABLE,
darren-young,Darren Young,,https://en.wikipedia.org/wiki/Fred_Rosser,American,https://www.thesmackdownhotel.com/wrestlers/darren-young,United States,American,CONFIRMED,
david-otunga,David Otunga,David Daniel Otunga,https://en.wikipedia.org/wiki/Special:Search?search=David+Daniel+Otunga+professional+wrestler&go=Go,,https://www.thesmackdownhotel.com/wrestlers/david-otunga,United States,American,PROBABLE,
dean-ambrose,Dean Ambrose,,https://en.wikipedia.org/wiki/Jon_Moxley,American,https://www.thesmackdownhotel.com/wrestlers/jon-moxley-dean-ambrose,United States,American,CONFIRMED,
demolition-crush,Demolition Crush,Brian Keith Adams,https://en.wikipedia.org/wiki/Special:Search?search=Brian+Keith+Adams+professional+wrestler&go=Go,,,,,UNKNOWN,Wikipedia page/search did not yield an explicit nationality descriptor
diamond-dallas-page,Diamond Dallas Page,Page Joseph Falkinburg Jr.,https://en.wikipedia.org/wiki/Special:Search?search=Page+Joseph+Falkinburg+Jr.+professional+wrestler&go=Go,,https://www.thesmackdownhotel.com/wrestlers/diamond-dallas-page,United States,American,PROBABLE,
dick-murdoch,Dick Murdoch,Hoyt Richard Murdoch,https://en.wikipedia.org/wiki/Special:Search?search=Hoyt+Richard+Murdoch+professional+wrestler&go=Go,,https://www.thesmackdownhotel.com/wrestlers/dick-murdoch,United States,American,PROBABLE,
diesel,Diesel,Kevin Scott Nash,https://en.wikipedia.org/wiki/Special:Search?search=Kevin+Scott+Nash+professional+wrestler&go=Go,,https://www.thesmackdownhotel.com/wrestlers/kevin-nash-diesel,United States,American,PROBABLE,
doink,Doink,Ray Licameli,https://en.wikipedia.org/wiki/Special:Search?search=Ray+Licameli+professional+wrestler&go=Go,,,,,UNKNOWN,Wikipedia page/search did not yield an explicit nationality descriptor
doink-1995,Doink-1995,,https://en.wikipedia.org/wiki/Special:Search?search=Doink-1995+professional+wrestler&go=Go,,,,,UNKNOWN,Wikipedia page/search did not yield an explicit nationality descriptor
dolph-ziggler,Dolph Ziggler,Nicholas Theodore Nemeth,https://en.wikipedia.org/wiki/Special:Search?search=Nicholas+Theodore+Nemeth+professional+wrestler&go=Go,,https://www.thesmackdownhotel.com/wrestlers/dolph-ziggler,United States,American,PROBABLE,
dory-funk-jr,Dory Funk Jr.,Dorrance Earnest Funk,https://en.wikipedia.org/wiki/Special:Search?search=Dorrance+Earnest+Funk+professional+wrestler&go=Go,,https://www.thesmackdownhotel.com/wrestlers/dory-funk-jr,United States,American,PROBABLE,
doug-gilbert,Doug Gilbert,Douglas Gilbert,https://en.wikipedia.org/wiki/Special:Search?search=Douglas+Gilbert+professional+wrestler&go=Go,,,,,UNKNOWN,Wikipedia page/search did not yield an explicit nationality descriptor
drew-carey,Drew Carey,Drew Allison Carey,https://en.wikipedia.org/wiki/Drew_Carey,,https://www.thesmackdownhotel.com/wrestlers/drew-carey,United States,American,PROBABLE,
drew-mcintyre,Drew McIntyre,Andrew McLean Galloway IV,https://en.wikipedia.org/wiki/Special:Search?search=Andrew+McLean+Galloway+IV+professional+wrestler&go=Go,,https://www.thesmackdownhotel.com/wrestlers/drew-mcintyre,Scotland,Scottish,PROBABLE,
droz,Droz,Darren Alexander Drozdov,https://en.wikipedia.org/wiki/Special:Search?search=Darren+Alexander+Drozdov+professional+wrestler&go=Go,,https://www.thesmackdownhotel.com/wrestlers/darren-drozdov,United States,American,PROBABLE,
dude-love,Dude Love,Michael Francis Foley,https://en.wikipedia.org/wiki/Mick_Foley,American,,,American,PROBABLE,Wikipedia lookup failed: HTTPError
duke-droese,Duke Droese,Michael David Droese,https://en.wikipedia.org/wiki/Special:Search?search=Michael+David+Droese+professional+wrestler&go=Go,,https://www.thesmackdownhotel.com/wrestlers/duke-droese,United States,American,PROBABLE,
dustin-rhodes,Dustin Rhodes,Dustin Patrick Runnels,https://en.wikipedia.org/wiki/Special:Search?search=Dustin+Patrick+Runnels+professional+wrestler&go=Go,,https://www.thesmackdownhotel.com/wrestlers/goldust-dustin-rhodes,United States,American,PROBABLE,
eddie-guerrero,Eddie Guerrero,Eduardo Gory Guerrero Llanes,https://en.wikipedia.org/wiki/Special:Search?search=Eduardo+Gory+Guerrero+Llanes+professional+wrestler&go=Go,,https://www.thesmackdownhotel.com/wrestlers/eddie-guerrero,United States,American,PROBABLE,
edge,Edge,Adam Joseph Copeland,https://en.wikipedia.org/wiki/Special:Search?search=Adam+Joseph+Copeland+professional+wrestler&go=Go,,https://www.thesmackdownhotel.com/wrestlers/edge,Canada,Canadian,PROBABLE,
eight-ball,Eight-Ball,Ronald Harris,https://en.wikipedia.org/wiki/Special:Search?search=Ronald+Harris+professional+wrestler&go=Go,,,,,UNKNOWN,Wikipedia page/search did not yield an explicit nationality descriptor
el-torito,El Torito,,https://en.wikipedia.org/wiki/Mascarita_Dorada,Mexican,https://www.thesmackdownhotel.com/wrestlers/el-torito-mascarita-dorada,Mexico,Mexican,CONFIRMED,
eli-blu,Eli Blu,"Ronald ""Ron"" Harris",https://en.wikipedia.org/wiki/Special:Search?search=Ronald+%22Ron%22+Harris+professional+wrestler&go=Go,,https://www.thesmackdownhotel.com/wrestlers/ron-harris-8-ball-gerald-eli-blu,United States,American,PROBABLE,
elias,Elias,Jeffrey Sciullo,https://en.wikipedia.org/wiki/Special:Search?search=Jeffrey+Sciullo+professional+wrestler&go=Go,,https://www.thesmackdownhotel.com/wrestlers/elias,United States,American,PROBABLE,
elijah-burke,Elijah Burke,Elijah Samuel Burke,https://en.wikipedia.org/wiki/Special:Search?search=Elijah+Samuel+Burke+professional+wrestler&go=Go,,https://www.thesmackdownhotel.com/wrestlers/d-angelo-dinero-elijah-burke,United States,American,PROBABLE,
ember-moon,Ember Moon,Adrienne Reese,https://en.wikipedia.org/wiki/Royal_Rumble_(2018),,https://www.thesmackdownhotel.com/wrestlers/ember-moon-athena,United States,American,PROBABLE,
enzo-amore,Enzo Amore,Eric Arndt,https://en.wikipedia.org/wiki/Royal_Rumble_(2017),,https://www.thesmackdownhotel.com/wrestlers/enzo-amore,United States,American,PROBABLE,
epico,Epico,Orlando Tito Colon Nieves,https://en.wikipedia.org/wiki/Special:Search?search=Orlando+Tito+Colon+Nieves+professional+wrestler&go=Go,,https://www.thesmackdownhotel.com/wrestlers/epico-colon,Puerto Rico,Puerto Rican,PROBABLE,
erick-rowan,Erick Rowan,,https://en.wikipedia.org/wiki/Erick_Rowan,American,https://www.thesmackdownhotel.com/wrestlers/erick-rowan,United States,American,CONFIRMED,
ernest-miller,Ernest Miller,Ernest Clifford Miller,https://en.wikipedia.org/wiki/Special:Search?search=Ernest+Clifford+Miller+professional+wrestler&go=Go,,https://www.thesmackdownhotel.com/wrestlers/ernest-miller,United States,American,PROBABLE,
eugene,Eugene,Nicholas David Dinsmore,https://en.wikipedia.org/wiki/Special:Search?search=Nicholas+David+Dinsmore+professional+wrestler&go=Go,,https://www.thesmackdownhotel.com/wrestlers/eugene,United States,American,PROBABLE,
evan-bourne,Evan Bourne,,https://en.wikipedia.org/wiki/Royal_Rumble_(2010),,https://www.thesmackdownhotel.com/wrestlers/matt-sydal-evan-bourne,United States,American,PROBABLE,
ezekiel-jackson,Ezekiel Jackson,Rycklon Edward Stephens,https://en.wikipedia.org/wiki/Special:Search?search=Rycklon+Edward+Stephens+professional+wrestler&go=Go,,https://www.thesmackdownhotel.com/wrestlers/ezekiel-jackson,Guyana;United States,Guyanese-American,PROBABLE,
faarooq,Faarooq,Ron Simmons,https://en.wikipedia.org/wiki/Special:Search?search=Ron+Simmons+professional+wrestler&go=Go,,https://www.thesmackdownhotel.com/wrestlers/ron-simmons-faarooq,United States,American,PROBABLE,
fake-diesel,Fake Diesel,Glenn Thomas Jacobs,https://en.wikipedia.org/wiki/Kane_(wrestler),American,,,American,PROBABLE,Wikipedia lookup failed: HTTPError
fake-razor-ramon,Fake Razor Ramon,Rick Bogner,https://en.wikipedia.org/wiki/Rick_Bognar,Canadian,https://www.thesmackdownhotel.com/wrestlers/rick-bognar-big-titan-fake-razor-ramon,Canada,Canadian,CONFIRMED,
fandango,Fandango,,https://en.wikipedia.org/wiki/Fandango_(wrestler),American,https://www.thesmackdownhotel.com/wrestlers/fandango,United States,American,CONFIRMED,
fatu,Fatu,Solofa Fatu Jr.,https://en.wikipedia.org/wiki/Rikishi_(wrestler),American,,,American,PROBABLE,Wikipedia lookup failed: HTTPError
finlay,Finlay,David John Finlay Jr.,https://en.wikipedia.org/wiki/Special:Search?search=David+John+Finlay+Jr.+professional+wrestler&go=Go,,,,,UNKNOWN,Wikipedia page/search did not yield an explicit nationality descriptor
flash-funk,Flash Funk,Charles Bernard Scaggs (also '2 Cold Scorpio'),https://en.wikipedia.org/wiki/Special:Search?search=Charles+Bernard+Scaggs+%28also+%272+Cold+Scorpio%27%29+professional+wrestler&go=Go,,https://www.thesmackdownhotel.com/wrestlers/2-cold-scorpio-flash-funk,United States,American,PROBABLE,
gangrel,Gangrel,David William Heath,https://en.wikipedia.org/wiki/Special:Search?search=David+William+Heath+professional+wrestler&go=Go,,https://www.thesmackdownhotel.com/wrestlers/gangrel,United States,American,PROBABLE,
gene-snitsky,Gene Snitsky,Eugene Alan Snisky,https://en.wikipedia.org/wiki/Special:Search?search=Eugene+Alan+Snisky+professional+wrestler&go=Go,,https://www.thesmackdownhotel.com/wrestlers/gene-snitsky,United States,American,PROBABLE,
genichiro-tenryu,Genichiro Tenryu,Genichiro Shimada,https://en.wikipedia.org/wiki/Special:Search?search=Genichiro+Shimada+professional+wrestler&go=Go,,https://www.thesmackdownhotel.com/wrestlers/genichiro-tenryu,Japan,Japanese,PROBABLE,
giant-gonzalez,Giant Gonzalez,,https://en.wikipedia.org/wiki/Special:Search?search=Giant+Gonzalez+professional+wrestler&go=Go,,https://www.thesmackdownhotel.com/wrestlers/giant-gonzalez,Argentina,Argentine,PROBABLE,
gillberg,Gillberg,Duane Gill,https://en.wikipedia.org/wiki/Special:Search?search=Duane+Gill+professional+wrestler&go=Go,,https://www.thesmackdownhotel.com/wrestlers/gillberg,United States,American,PROBABLE,
goldberg,Goldberg,William Scott Goldberg,https://en.wikipedia.org/wiki/Royal_Rumble_(2017),,https://www.thesmackdownhotel.com/wrestlers/goldberg,United States,American,PROBABLE,
goldust,Goldust,Dustin Patrick Runnels,https://en.wikipedia.org/wiki/Special:Search?search=Dustin+Patrick+Runnels+professional+wrestler&go=Go,,https://www.thesmackdownhotel.com/wrestlers/goldust-dustin-rhodes,United States,American,PROBABLE,
golga,Golga,John Tenta,,,https://www.thesmackdownhotel.com/wrestlers/earthquake-john-tenta,Canada,Canadian,PROBABLE,
great-kabuki,Great Kabuki,Akihisa Mera,,,https://www.thesmackdownhotel.com/wrestlers/the-great-kabuki,Japan,Japanese,PROBABLE,
hakushi,Hakushi,Kensuke Shinzaki (also 'Jinsei Shinzaki'),,,https://www.thesmackdownhotel.com/wrestlers/jinsei-shinzaki-hakushi,Japan,Japanese,PROBABLE,
hardcore-holly,Hardcore Holly,,,,https://www.thesmackdownhotel.com/wrestlers/hardcore-holly,United States,American,PROBABLE,
hawk,Hawk,Michael James Hegstrand,,,,,,UNKNOWN,Wikipedia direct lookup failed: HTTPError
headhunter-1,Headhunter #1,Manuel Santiago,,,https://www.thesmackdownhotel.com/wrestlers/manu,United States,American,PROBABLE,
headhunter-2,Headhunter #2,Victor Santiago,,,,,,UNKNOWN,Wikipedia direct lookup failed: HTTPError
headshrinker-sione,Headshrinker Sione,,,,,,,UNKNOWN,Wikipedia direct lookup failed: HTTPError
heath-slater,Heath Slater,Heath Wallace Miller,,,https://www.thesmackdownhotel.com/wrestlers/heath-slater,United States,American,PROBABLE,
henry-godwinn,Henry Godwinn,Mark Canterbury,,,,,,UNKNOWN,Wikipedia direct lookup failed: HTTPError
hornswoggle,Hornswoggle,Dylan Mark Postl,https://en.wikipedia.org/wiki/Special:Search?search=Dylan+Mark+Postl+professional+wrestler&go=Go,,https://www.thesmackdownhotel.com/wrestlers/hornswoggle,United States,American,PROBABLE,
hunico,Hunico,Jose Jorge Arriaga Rodriguez,,,https://www.thesmackdownhotel.com/wrestlers/sin-cara-cinta-de-oro-hunico,United States,American,PROBABLE,
hunter-hearst-helmsley,Hunter Hearst Helmsley,Paul Michael Levesque,,,,,,UNKNOWN,Wikipedia direct lookup failed: HTTPError
husky-harris,Husky Harris,Windham Lawrence Rotunda,,,,,,UNKNOWN,Wikipedia direct lookup failed: HTTPError
irwin-r-schyster,Irwin R. Schyster,Lawrence Michael Rotunda,,,https://www.thesmackdownhotel.com/wrestlers/irwin-r-schyster-mike-rotunda,United States,American,PROBABLE,
isaac-yankem,Isaac Yankem,Glenn Thomas Jacobs,https://en.wikipedia.org/wiki/Kane_(wrestler),American,,,American,PROBABLE,Wikipedia lookup failed: HTTPError
jack-gallagher,Jack Gallagher,Oliver Westfield Claffey,https://en.wikipedia.org/wiki/Royal_Rumble_(2017),,https://www.thesmackdownhotel.com/wrestlers/jack-gallagher,England,English,PROBABLE,
jack-swagger,Jack Swagger,Donald Jacob Hager Jr.,,,https://www.thesmackdownhotel.com/wrestlers/jake-hager-jack-swagger,United States,American,PROBABLE,
jacob-blu,Jacob Blu,"Donald ""Don"" Harris",,,https://www.thesmackdownhotel.com/wrestlers/don-harris-skull-patrick-jacob-blu,United States,American,PROBABLE,
jacqueline,Jacqueline,Jacqueline DeLois Moore,https://en.wikipedia.org/wiki/WWE_Hall_of_Fame,,https://www.thesmackdownhotel.com/wrestlers/jacqueline,United States,American,PROBABLE,
jamal,Jamal,Edward Smith Fatu,,,,,,UNKNOWN,Wikipedia direct lookup failed: HTTPError
james-ellsworth,James Ellsworth,James Ellsworth Morris,https://en.wikipedia.org/wiki/Royal_Rumble_(2017),,https://www.thesmackdownhotel.com/wrestlers/james-ellsworth,United States,American,PROBABLE,
jamie-noble,Jamie Noble,James Gibson,,,https://www.thesmackdownhotel.com/wrestlers/jamie-noble,United States,American,PROBABLE,
jeff-hardy,Jeff Hardy,Jeffrey Nero Hardy,,,https://www.thesmackdownhotel.com/wrestlers/jeff-hardy,United States,American,PROBABLE,
jeff-jarrett,Jeff Jarrett,Jeffrey Leonard Jarrett,https://en.wikipedia.org/wiki/Jeff_Jarrett,American,https://www.thesmackdownhotel.com/wrestlers/jeff-jarrett,United States,American,CONFIRMED,
jerry-lawler,Jerry Lawler,Jerry O'Neil Lawler,,,https://www.thesmackdownhotel.com/wrestlers/jerry-lawler,United States,American,PROBABLE,
jerry-sags,Jerry Sags,Jerome Saganowich,,,https://www.thesmackdownhotel.com/wrestlers/jerry-sags,United States,American,PROBABLE,
jesse-james,Jesse James,Brian Girard James,https://en.wikipedia.org/wiki/Special:Search?search=Brian+Girard+James+professional+wrestler&go=Go,,https://www.thesmackdownhotel.com/wrestlers/jesse,United States,American,PROBABLE,
jey-uso,Jey Uso,Joshua Samuel Fatu,,,https://www.thesmackdownhotel.com/wrestlers/jey-uso,United States,American,PROBABLE,
jimmy-del-ray,Jimmy Del Ray,David Everett Ferrier,,,https://www.thesmackdownhotel.com/wrestlers/jimmy-del-ray,United States,American,PROBABLE,
jimmy-uso,Jimmy Uso,,https://en.wikipedia.org/wiki/Jimmy_Uso,American,https://www.thesmackdownhotel.com/wrestlers/jimmy-uso,United States,American,CONFIRMED,
jinder-mahal,Jinder Mahal,Yuvraj Singh Dhesi,,,https://www.thesmackdownhotel.com/wrestlers/jinder-mahal,Canada;India,Canadian-Indian,PROBABLE,
joey-mercury,Joey Mercury,Adam Birch,,,https://www.thesmackdownhotel.com/wrestlers/joey-mercury,United States,American,PROBABLE,
john-cena,John Cena,John Felix Anthony Cena,,,https://www.thesmackdownhotel.com/wrestlers/john-cena,United States,American,PROBABLE,
johnny-nitro,Johnny Nitro,John Randall Hennigan,,,https://www.thesmackdownhotel.com/wrestlers/johnny,United States,American,PROBABLE,
jonathan-coachman,Jonathan Coachman,Jonathan William Coachman,,,https://www.thesmackdownhotel.com/wrestlers/jonathan-coachman,United States,American,PROBABLE,
jtg,JTG,Jayson Anthony Paul,,,https://www.thesmackdownhotel.com/wrestlers/jtg,United States,American,PROBABLE,
justin-gabriel,Justin Gabriel,Phillip Paul Lloyd,,,https://www.thesmackdownhotel.com/wrestlers/justin-gabriel-pj-black,South Africa,South African,PROBABLE,
k-kwik,K-Kwik,Ronnie Aaron Killings,,,,,,UNKNOWN,Wikipedia direct lookup failed: HTTPError
kalisto,Kalisto,Emanuel Alejandro Rodriguez,https://en.wikipedia.org/wiki/Royal_Rumble_(2017),,https://www.thesmackdownhotel.com/wrestlers/kalisto,United States,American,PROBABLE,
kama,Kama,Charles Thomas Wright,,,,,,UNKNOWN,Wikipedia direct lookup failed: HTTPError
kane,Kane,Glenn Thomas Jacobs,,,https://www.thesmackdownhotel.com/wrestlers/kane,Spain;United States,Spanish-American,PROBABLE,
kato,Kato,Thomas Boric,https://en.wikipedia.org/wiki/Special:Search?search=Thomas+Boric+professional+wrestler&go=Go,,,,,UNKNOWN,Wikipedia page/search did not yield an explicit nationality descriptor
kelly-kelly,Kelly Kelly,Barbara Jean Blank,https://en.wikipedia.org/wiki/WWE_Hall_of_Fame,,https://www.thesmackdownhotel.com/wrestlers/kelly-kelly,United States,American,PROBABLE,
ken-shamrock,Ken Shamrock,Kenneth Wayne Kilpatrick,,,https://www.thesmackdownhotel.com/wrestlers/ken-shamrock,United States,American,PROBABLE,
kenny-dykstra,Kenny Dykstra,Kenneth George Doane,,,https://www.thesmackdownhotel.com/wrestlers/kenny,United States,American,PROBABLE,
kenzo-suzuki,Kenzo Suzuki,Kenzo Suzuki,,,https://www.thesmackdownhotel.com/wrestlers/kenzo-suzuki,Japan,Japanese,PROBABLE,
kevin-owens,Kevin Owens,,https://en.wikipedia.org/wiki/Kevin_Owens,Canadian,https://www.thesmackdownhotel.com/wrestlers/kevin-owens,Canada,Canadian,CONFIRMED,
kevin-thorn,Kevin Thorn,Kevin Matthew Fertig,,,https://www.thesmackdownhotel.com/wrestlers/kevin-thorn,United States,American,PROBABLE,
kharma,Kharma,Kia Michelle Stevens,,,https://www.thesmackdownhotel.com/wrestlers/awesome-kong-kharma,United States,American,PROBABLE,
king-kong-bundy,King Kong Bundy,Christopher Alan Pallies,,,https://www.thesmackdownhotel.com/wrestlers/king-kong-bundy,United States,American,PROBABLE,
kofi-kingston,Kofi Kingston,Kofi Nahaje Sarkodie-Mensah,,,https://www.thesmackdownhotel.com/wrestlers/kofi-kingston,Ghana;United States,Ghanaian-American,PROBABLE,
kurrgan,Kurrgan,Robert Maillet,,,https://www.thesmackdownhotel.com/wrestlers/kurrgan-the-interrogator,Canada,Canadian,PROBABLE,
kurt-angle,Kurt Angle,Kurt Steven Angle,,,https://www.thesmackdownhotel.com/wrestlers/kurt-angle,United States,American,PROBABLE,
kwang,Kwang,Juan Rivera (also 'Savio Vega'),,,,,,UNKNOWN,Wikipedia direct lookup failed: HTTPError
lana,Lana,Catherine Joy Perry,https://en.wikipedia.org/wiki/Royal_Rumble_(2018),,https://www.thesmackdownhotel.com/wrestlers/lana,United States,American,PROBABLE,
lance-storm,Lance Storm,Lance Timothy Evers,,,https://www.thesmackdownhotel.com/wrestlers/lance-storm,Canada,Canadian,PROBABLE,
latin-lover,Latin Lover,Victor Manuel Reséndiz Ruiz,,,,,,UNKNOWN,Wikipedia direct lookup failed: HTTPError
lex-luger,Lex Luger,Lawrence Wendell Pfohl,,,https://www.thesmackdownhotel.com/wrestlers/lex-luger,United States,American,PROBABLE,
lita,Lita,Amy Christine Dumas,https://en.wikipedia.org/wiki/Royal_Rumble_(2018),,https://www.thesmackdownhotel.com/wrestlers/lita,United States,American,PROBABLE,
liv-morgan,Liv Morgan,Gionna Jene Daddio,https://en.wikipedia.org/wiki/Royal_Rumble_(2018),,https://www.thesmackdownhotel.com/wrestlers/liv-morgan,United States,American,PROBABLE,
luke-harper,Luke Harper,,https://en.wikipedia.org/wiki/Brodie_Lee,American,https://www.thesmackdownhotel.com/wrestlers/luke-harper-brodie-lee,United States,American,CONFIRMED,
luther-reigns,Luther Reigns,Matthew Robert Wiese,,,https://www.thesmackdownhotel.com/wrestlers/luther-reigns,United States,American,PROBABLE,
mabel,Mabel,Nelson Lee Frazier Jr.,,,https://www.thesmackdownhotel.com/wrestlers/viscera-mabel-big-daddy-v,United States,American,PROBABLE,
mandy-rose,Mandy Rose,Amanda Rose Saccomanno,https://en.wikipedia.org/wiki/Royal_Rumble_(2018),,https://www.thesmackdownhotel.com/wrestlers/mandy-rose,United States,American,PROBABLE,
mankind,Mankind,Michael Francis Foley,https://en.wikipedia.org/wiki/Special:Search?search=Michael+Francis+Foley+professional+wrestler&go=Go,,,,,UNKNOWN,Wikipedia page/search did not yield an explicit nationality descriptor
mantaur,Mantaur,Mike Halac,,,https://www.thesmackdownhotel.com/wrestlers/mantaur-bruiser-mastino,United States,American,PROBABLE,
marc-mero,Marc Mero,Marc Mero,,,https://www.thesmackdownhotel.com/wrestlers/marc-mero-johnny-b-badd,United States,American,PROBABLE,
mark-henry,Mark Henry,Mark Jerrold Henry,,,https://www.thesmackdownhotel.com/wrestlers/mark-henry,United States,American,PROBABLE,
mark-jindrak,Mark Jindrak,Mark Robert Jindrak,,,https://www.thesmackdownhotel.com/wrestlers/mark-jindrak,United States,American,PROBABLE,
mason-ryan,Mason Ryan,Barri Griffiths,,,https://www.thesmackdownhotel.com/wrestlers/mason-ryan,Wales,Welsh,PROBABLE,
matt-hardy,Matt Hardy,Matthew Moore Hardy,,,https://www.thesmackdownhotel.com/wrestlers/matt-hardy,United States,American,PROBABLE,
matt-morgan,Matt Morgan,Matthew Thomas Morgan,,,https://www.thesmackdownhotel.com/wrestlers/matt-morgan,United States,American,PROBABLE,
maven,Maven,Maven Klate Huffman,,,https://www.thesmackdownhotel.com/wrestlers/maven,United States,American,PROBABLE,
max-moon,Max Moon,Thomas Boric (this event's performer; ring name 'Paul Diamond'),,,https://www.thesmackdownhotel.com/wrestlers/paul-diamond-kato-max-moon,Canada;Croatia,Canadian-Croatia,PROBABLE,
michael-cole,Michael Cole,,,,https://www.thesmackdownhotel.com/wrestlers/michael-cole,United States,American,PROBABLE,
michael-mcgillicutty,Michael McGillicutty,Joseph Curtis Hennig,,,,,,UNKNOWN,Wikipedia direct lookup failed: HTTPError
michelle-mccool,Michelle McCool,Michelle Leigh McCool,https://en.wikipedia.org/wiki/WWE_Hall_of_Fame,,https://www.thesmackdownhotel.com/wrestlers/michelle-mccool,United States,American,PROBABLE,
mick-foley,Mick Foley,Michael Francis Foley,,,https://www.thesmackdownhotel.com/wrestlers/mick-foley,United States,American,PROBABLE,
mickie-james,Mickie James,Mickie Laree James,https://en.wikipedia.org/wiki/Royal_Rumble_(2018),,https://www.thesmackdownhotel.com/wrestlers/mickie-james,United States,American,PROBABLE,
mike-knox,Mike Knox,Michael Shawn Hettinga,,,,,,UNKNOWN,Wikipedia direct lookup failed: HTTPError
mil-mascaras,Mil Mascaras,Aarón Rodríguez Arellano,,,https://www.thesmackdownhotel.com/wrestlers/mil-mascaras,Mexico,Mexican,PROBABLE,
mo,Mo,Robert Lawrence Horne,,,https://www.thesmackdownhotel.com/wrestlers/mo,United States,American,PROBABLE,
mojo-rawley,Mojo Rawley,Dean Muhtadi,https://en.wikipedia.org/wiki/Royal_Rumble_(2017),,https://www.thesmackdownhotel.com/wrestlers/mojo-rawley,United States,American,PROBABLE,
molly-holly,Molly Holly,Nora Kristina Greenwald,https://en.wikipedia.org/wiki/WWE_Hall_of_Fame,,https://www.thesmackdownhotel.com/wrestlers/molly-holly,United States,American,PROBABLE,
mosh,Mosh,Chaz Warrington,,,https://www.thesmackdownhotel.com/wrestlers/mosh-chaz,United States,American,PROBABLE,
mr-kennedy,Mr. Kennedy,Kenneth Anthony Anderson,,,https://www.thesmackdownhotel.com/wrestlers/mr-kennedy-ken-anderson,United States,American,PROBABLE,
muhammad-hassan,Muhammad Hassan,Marc Julian Copani,https://en.wikipedia.org/wiki/Special:Search?search=Marc+Julian+Copani+professional+wrestler&go=Go,,https://www.thesmackdownhotel.com/wrestlers/muhammad-hassan,United States,American,PROBABLE,
mvp,MVP,Alvin Antonio Burke Jr.,,,https://www.thesmackdownhotel.com/wrestlers/mvp,United States,American,PROBABLE,
naomi,Naomi,Trinity LaShawn McCray Fatu,https://en.wikipedia.org/wiki/Royal_Rumble_(2018),,https://www.thesmackdownhotel.com/wrestlers/naomi,United States,American,PROBABLE,
neville,Neville,,https://en.wikipedia.org/wiki/Pac_(wrestler),English,https://www.thesmackdownhotel.com/wrestlers/pac-neville,England,English,CONFIRMED,
nia-jax,Nia Jax,Savelina Fanene,https://en.wikipedia.org/wiki/Royal_Rumble_(2018),,https://www.thesmackdownhotel.com/wrestlers/nia-jax,Australia;United States,Australian-American,PROBABLE,
nikki-bella,Nikki Bella,Stephanie Nicole Garcia-Colace,https://en.wikipedia.org/wiki/WWE_Hall_of_Fame,,https://www.thesmackdownhotel.com/wrestlers/nikki-bella,United States,American,PROBABLE,
nunzio,Nunzio,James Maritato,,,https://www.thesmackdownhotel.com/wrestlers/nunzio-little-guido,United States,American,PROBABLE,
orlando-jordan,Orlando Jordan,Orlando Mason Jordan,,,https://www.thesmackdownhotel.com/wrestlers/orlando-jordan,United States,American,PROBABLE,
owen-hart,Owen Hart,Owen James Hart,,,https://www.thesmackdownhotel.com/wrestlers/owen-hart,Canada,Canadian,PROBABLE,
papa-shango,Papa Shango,Charles Thomas Wright,,,https://www.thesmackdownhotel.com/wrestlers/the-godfather-papa-shango-kama-mustafa,United States,American,PROBABLE,
paul-london,Paul London,Paul Michael London,,,https://www.thesmackdownhotel.com/wrestlers/paul-london,United States,American,PROBABLE,
perry-saturn,Perry Saturn,Perry Arthur Satullo,,,https://www.thesmackdownhotel.com/wrestlers/perry-saturn,United States,American,PROBABLE,
phineas-godwinn,Phineas Godwinn,Dennis Knight,,,,,,UNKNOWN,Wikipedia direct lookup failed: HTTPError
pierroth-jr,Pierroth Jr.,Norberto Salgado Salcedo,,,,,,UNKNOWN,Wikipedia direct lookup failed: HTTPError
primo,Primo,Edwin Carlos Colon Coates,,,,,,UNKNOWN,Wikipedia direct lookup failed: HTTPError
prince-albert,Prince Albert,Matthew Jason Bloom,,,,,,UNKNOWN,Wikipedia direct lookup failed: HTTPError
psicosis,Psicosis,Dionicio Castellanos Torres,,,,,,UNKNOWN,Wikipedia direct lookup failed: HTTPError
r-truth,R-Truth,Ronnie Aaron Killings,,,https://www.thesmackdownhotel.com/wrestlers/r-truth,United States,American,PROBABLE,
randy-orton,Randy Orton,Randal Keith Orton,,,https://www.thesmackdownhotel.com/wrestlers/randy-orton,United States,American,PROBABLE,
raven,Raven,Scott Levy,,,https://www.thesmackdownhotel.com/wrestlers/raven,United States,American,PROBABLE,
renee-dupree,Renee Dupree,Rene Goguen,,,,,,UNKNOWN,Wikipedia direct lookup failed: HTTPError
rey-mysterio,Rey Mysterio,Oscar Gutierrez Rubio,,,https://www.thesmackdownhotel.com/wrestlers/rey-mysterio,United States,American,PROBABLE,
rhyno,Rhyno,Terrance Guido Gerin,,,https://www.thesmackdownhotel.com/wrestlers/rhyno-rhino,United States,American,PROBABLE,
ric-flair,Ric Flair,Richard Morgan Fliehr,,,https://www.thesmackdownhotel.com/wrestlers/ric-flair,United States,American,PROBABLE,
ricardo-rodriguez,Ricardo Rodriguez,Jesus Ricardo Rodriguez,,,https://www.thesmackdownhotel.com/wrestlers/ricardo-rodriguez,United States,American,PROBABLE,
rick-steiner,Rick Steiner,Robert Rechsteiner,,,https://www.thesmackdownhotel.com/wrestlers/rick-steiner,United States,American,PROBABLE,
rico,Rico,Americo Sabastiano Costantino,,,https://www.thesmackdownhotel.com/wrestlers/rico,United States,American,PROBABLE,
rikishi,Rikishi,Solofa Fatu Jr.,,,https://www.thesmackdownhotel.com/wrestlers/rikishi,United States,American,PROBABLE,
road-dogg,Road Dogg,Brian Girard James,,,https://www.thesmackdownhotel.com/wrestlers/road-dogg,United States,American,PROBABLE,
road-warrior-animal,Road Warrior Animal,Joseph Michael Laurinaitis,https://en.wikipedia.org/wiki/Special:Search?search=Joseph+Michael+Laurinaitis+professional+wrestler&go=Go,,https://www.thesmackdownhotel.com/wrestlers/road-warrior-animal,United States,American,PROBABLE,
rob-van-dam,Rob Van Dam,Robert Szatkowski,,,https://www.thesmackdownhotel.com/wrestlers/rob-van-dam,United States,American,PROBABLE,
rocky-maivia,Rocky Maivia,Dwayne Douglas Johnson,,,,,,UNKNOWN,Wikipedia direct lookup failed: HTTPError
roman-reigns,Roman Reigns,,https://en.wikipedia.org/wiki/Roman_Reigns,American,https://www.thesmackdownhotel.com/wrestlers/roman-reigns,United States,American,CONFIRMED,
rosey,Rosey,,,,https://www.thesmackdownhotel.com/wrestlers/rosey,United States,American,PROBABLE,
ruby-riott,Ruby Riott,Dori Elizabeth Prange,https://en.wikipedia.org/wiki/Royal_Rumble_(2018),,https://www.thesmackdownhotel.com/wrestlers/ruby-riott,United States,American,PROBABLE,
rusev,Alexander Rusev,,,,https://www.thesmackdownhotel.com/wrestlers/rusev,Bulgaria;United States,Bulgarian-American,PROBABLE,
ryback,Ryback,,,,https://www.thesmackdownhotel.com/wrestlers/ryback,United States,American,PROBABLE,
saba-simba,Saba Simba,Anthony White (ring name: Tony Atlas),,,,,,UNKNOWN,Wikipedia direct lookup failed: HTTPError
sabu,Sabu,Terrance Michael Brunk,,,https://www.thesmackdownhotel.com/wrestlers/sabu,United States,American,PROBABLE,
sami-zayn,Sami Zayn,,,,https://www.thesmackdownhotel.com/wrestlers/sami-zayn,Canada,Canadian,PROBABLE,
samu,Samu,Samuel Fred Anoa'i,,,https://www.thesmackdownhotel.com/wrestlers/samu,United States,American,PROBABLE,
santino-marella,Santino Marella,Anthony Carelli,,,https://www.thesmackdownhotel.com/wrestlers/santino-marella,Canada,Canadian,PROBABLE,
sapphire,Sapphire,Juanita Wright,,,,,,UNKNOWN,Wikipedia direct lookup failed: HTTPError
sarah-logan,Sarah Logan,Sarah Bridges,https://en.wikipedia.org/wiki/Royal_Rumble_(2018),,https://www.thesmackdownhotel.com/wrestlers/sarah-logan,United States,American,PROBABLE,
sasha-banks,Sasha Banks,Mercedes Justine Kaestner-Varnado,https://en.wikipedia.org/wiki/Royal_Rumble_(2018),,https://www.thesmackdownhotel.com/wrestlers/sasha-banks,United States,American,PROBABLE,
savio-vega,Savio Vega,,,,https://www.thesmackdownhotel.com/wrestlers/savio-vega,Puerto Rico,Puerto Rican,PROBABLE,
scott-steiner,Scott Steiner,Scott Rechsteiner,,,https://www.thesmackdownhotel.com/wrestlers/scott-steiner,United States,American,PROBABLE,
scott-taylor,Scott Taylor,Scott Ronald Garland,,,,,,UNKNOWN,Wikipedia direct lookup failed: HTTPError
scotty-2-hotty,Scotty 2 Hotty,,,,https://www.thesmackdownhotel.com/wrestlers/scotty-2-hotty,United States,American,PROBABLE,
seth-rollins,Seth Rollins,,https://en.wikipedia.org/wiki/Seth_Rollins,American,https://www.thesmackdownhotel.com/wrestlers/seth-rollins,United States,American,CONFIRMED,
sgt-slaughter,Sgt. Slaughter,Robert Rudolph Remus,,,https://www.thesmackdownhotel.com/wrestlers/sgt-slaughter,United States,American,PROBABLE,
shane-douglas,Shane Douglas,Troy Allan Martin,,,https://www.thesmackdownhotel.com/wrestlers/shane-douglas,United States,American,PROBABLE,
shane-mcmahon,Shane McMahon,Shane Brandon McMahon,,,https://www.thesmackdownhotel.com/wrestlers/shane-mcmahon,United States,American,PROBABLE,
sheamus,Sheamus,Stephen Farrelly,,,https://www.thesmackdownhotel.com/wrestlers/sheamus,Ireland,Irish,PROBABLE,
shelton-benjamin,Shelton Benjamin,Shelton James Benjamin,,,https://www.thesmackdownhotel.com/wrestlers/shelton-benjamin,United States,American,PROBABLE,
sid-justice,Sid Justice,Sidney Raymond Eudy,https://en.wikipedia.org/wiki/Sid_Eudy,American,,,American,PROBABLE,Wikipedia lookup failed: HTTPError
simon-dean,Simon Dean,Michael Bucci,https://en.wikipedia.org/wiki/Special:Search?search=Michael+Bucci+professional+wrestler&go=Go,,https://www.thesmackdownhotel.com/wrestlers/simon-dean-nova,United States,American,PROBABLE,
sin-cara,Sin Cara,,,,,,,UNKNOWN,Wikipedia direct lookup failed: HTTPError
skinner,Skinner,Stephen Paul Keirn,,,https://www.thesmackdownhotel.com/wrestlers/steve-keirn-skinner,United States,American,PROBABLE,
skull,Skull,Donald Harris,,,https://www.thesmackdownhotel.com/wrestlers/don-harris-skull-patrick-jacob-blu,United States,American,PROBABLE,
sonya-deville,Sonya Deville,Daria Rae Berenato,https://en.wikipedia.org/wiki/Royal_Rumble_(2018),,https://www.thesmackdownhotel.com/wrestlers/sonya-deville,United States,American,PROBABLE,
sparky-plugg,Sparky Plugg,Robert William Howard,,,,,,UNKNOWN,Wikipedia direct lookup failed: HTTPError
spike-dudley,Spike Dudley,,,,https://www.thesmackdownhotel.com/wrestlers/spike-dudley,United States,American,PROBABLE,
steve-austin,The Ringmaster,Steven James Anderson (later legally Williams),,,https://www.thesmackdownhotel.com/wrestlers/stone-cold-steve-austin,United States,American,PROBABLE,
steve-blackman,Steve Blackman,,,,https://www.thesmackdownhotel.com/wrestlers/steve-blackman,United States,American,PROBABLE,
steven-dunn,Steven Dunn,Steven Lyle Doll,,,,,,UNKNOWN,Wikipedia direct lookup failed: HTTPError
super-crazy,Super Crazy,Francisco Islas Rueda,,,https://www.thesmackdownhotel.com/wrestlers/super-crazy,Mexico,Mexican,PROBABLE,
sylvan-grenier,Sylvan Grenier,Sylvain Grenier,,,https://www.thesmackdownhotel.com/wrestlers/sylvain-grenier,Canada,Canadian,PROBABLE,
takao-omori,Takao Omori,Takao Ōmori,,,https://www.thesmackdownhotel.com/wrestlers/takao-omori,Japan,Japanese,PROBABLE,
tamina,Tamina,Sarona Snuka,,,https://www.thesmackdownhotel.com/wrestlers/tamina,United States,American,PROBABLE,
tatanka,Tatanka,,,,https://www.thesmackdownhotel.com/wrestlers/tatanka,United States,American,PROBABLE,
tazz,Tazz,Peter Senerchia,,,https://www.thesmackdownhotel.com/wrestlers/tazz,United States,American,PROBABLE,
ted-dibiase-jr,Ted DiBiase Jr.,Theodore Marvin DiBiase Jr.,,,https://www.thesmackdownhotel.com/wrestlers/ted-dibiase-jr,United States,American,PROBABLE,
tensai,Tensai,,,,https://www.thesmackdownhotel.com/wrestlers/matt-bloom-albert-tensai-giant-bernard,United States,American,PROBABLE,
terry-funk,Terry Funk,Terrance Dee Funk,,,https://www.thesmackdownhotel.com/wrestlers/terry-funk,United States,American,PROBABLE,
test,Test,Andrew James Robert Patrick Martin,,,https://www.thesmackdownhotel.com/wrestlers/test,Canada,Canadian,PROBABLE,
texas-tornado,Texas Tornado,Kerry Gene Adkisson,,,,,,UNKNOWN,Wikipedia direct lookup failed: HTTPError
the-berzerker,The Berzerker,John Eric Nord,,,https://www.thesmackdownhotel.com/wrestlers/the-berzerker,United States,American,PROBABLE,
the-boogeyman,The Boogeyman,,,,https://www.thesmackdownhotel.com/wrestlers/the-boogeyman,United States,American,PROBABLE,
the-brian-kendrick,The Brian Kendrick,Brian David Kendrick,,,https://www.thesmackdownhotel.com/wrestlers/the-brian-kendrick,United States,American,PROBABLE,
the-godfather,The Godfather,Charles Wright,,,https://www.thesmackdownhotel.com/wrestlers/the-godfather-papa-shango-kama-mustafa,United States,American,PROBABLE,
the-great-khali,The Great Khali,Dalip Singh Rana,,,https://www.thesmackdownhotel.com/wrestlers/the-great-khali,India;United States,Indian-American,PROBABLE,
the-great-tanaka,The Great Tanaka,"Patrick ""Pat"" Tanaka",,,,,,UNKNOWN,Wikipedia direct lookup failed: HTTPError
the-hurricane,The Hurricane,Gregory Shane Helms,,,https://www.thesmackdownhotel.com/wrestlers/gregory-helms-the-hurricane,United States,American,PROBABLE,
the-miz,The Miz,Michael Gregory Mizanin,https://en.wikipedia.org/wiki/Special:Search?search=Michael+Gregory+Mizanin+professional+wrestler&go=Go,,https://www.thesmackdownhotel.com/wrestlers/the-miz,United States,American,PROBABLE,
the-sandman,The Sandman,James Fullington,,,https://www.thesmackdownhotel.com/wrestlers/the-sandman,United States,American,PROBABLE,
the-sultan,The Sultan,Solofa Fatu Jr.,https://en.wikipedia.org/wiki/Rikishi_(wrestler),American,,,American,PROBABLE,Wikipedia lookup failed: HTTPError
thrasher,Thrasher,Glenn Ruth,,,https://www.thesmackdownhotel.com/wrestlers/thrasher,United States,American,PROBABLE,
tiger-ali-singh,Tiger Ali Singh,Gurjit Singh Hans,,,https://www.thesmackdownhotel.com/wrestlers/tiger-ali-singh,Canada;India,Canadian-Indian,PROBABLE,
timothy-well,Timothy Well,Timothy Alan Smith,,,,,,UNKNOWN,Wikipedia direct lookup failed: HTTPError
titus-oneil,Titus O'Neil,,,,https://www.thesmackdownhotel.com/wrestlers/titus-o-neil,United States,American,PROBABLE,
tom-brandi,Tom Brandi,Thomas Brandi,,,,,,UNKNOWN,Wikipedia direct lookup failed: HTTPError
tom-prichard,Tom Prichard,Thomas Prichard,,,https://www.thesmackdownhotel.com/wrestlers/tom-prichard-bodydonna-zip,United States,American,PROBABLE,
tommy-dreamer,Tommy Dreamer,Thomas James Laughlin,,,https://www.thesmackdownhotel.com/wrestlers/tommy-dreamer,United States,American,PROBABLE,
torrie-wilson,Torrie Wilson,Torrie Anne Wilson,https://en.wikipedia.org/wiki/WWE_Hall_of_Fame,,https://www.thesmackdownhotel.com/wrestlers/torrie-wilson,United States,American,PROBABLE,
trevor-murdoch,Trevor Murdoch,William Theodore Mueller,,,https://www.thesmackdownhotel.com/wrestlers/trevor-murdoch,United States,American,PROBABLE,
tugboat,Tugboat,Fred Alex Ottman,,,https://www.thesmackdownhotel.com/wrestlers/typhoon-tugboat,United States,American,PROBABLE,
tye-dillinger,Tye Dillinger,Ronnie William Arneill,https://en.wikipedia.org/wiki/Royal_Rumble_(2017),,https://www.thesmackdownhotel.com/wrestlers/tye-dillinger-shawn-spears,Canada,Canadian,PROBABLE,
tyler-breeze,Tyler Breeze,,,,https://www.thesmackdownhotel.com/wrestlers/tyler-breeze,Canada,Canadian,PROBABLE,
tyler-reks,Tyler Reks,Gabbi Alon Tuft,,,https://www.thesmackdownhotel.com/wrestlers/tyler-reks,United States,American,PROBABLE,
tyson-kidd,Tyson Kidd,Theodore James Wilson,,,https://www.thesmackdownhotel.com/wrestlers/tyson-kidd,Canada,Canadian,PROBABLE,
umaga,Umaga,,,,https://www.thesmackdownhotel.com/wrestlers/umaga,United States,American,PROBABLE,
vader,Vader,Leon Allen White,,,https://www.thesmackdownhotel.com/wrestlers/vader,United States,American,PROBABLE,
val-venis,Val Venis,Sean Allen Morley,,,https://www.thesmackdownhotel.com/wrestlers/val-venis,Canada,Canadian,PROBABLE,
vickie-guerrero,Vickie Guerrero,Vickie Lynn Lara,,,https://www.thesmackdownhotel.com/wrestlers/vickie-guerrero,United States,American,PROBABLE,
viscera,Viscera,,,,https://www.thesmackdownhotel.com/wrestlers/viscera-mabel-big-daddy-v,United States,American,PROBABLE,
vladimir-kozlov,Vladimir Kozlov,Oleg Aleksandrovich Prudius,,,https://www.thesmackdownhotel.com/wrestlers/vladimir-kozlov,Ukraine;United States,Ukrainian-American,PROBABLE,
wade-barrett,Wade Barrett,Stuart Alexander Bennett,,,https://www.thesmackdownhotel.com/wrestlers/wade-barrett,England;United States,English-American,PROBABLE,
william-regal,William Regal,Darren Kenneth Matthews,,,https://www.thesmackdownhotel.com/wrestlers/william-regal,England,English,PROBABLE,
x-pac,X-Pac,,https://en.wikipedia.org/wiki/Sean_Waltman,American,https://www.thesmackdownhotel.com/wrestlers/sean-waltman-x-pac-syxx-pac,United States,American,CONFIRMED,
xavier-woods,Xavier Woods,Austin Watson,https://en.wikipedia.org/wiki/Royal_Rumble_(2017),,https://www.thesmackdownhotel.com/wrestlers/xavier-woods,United States,American,PROBABLE,
yokozuna,Yokozuna,Rodney Agatupu Anoa'i,,,https://www.thesmackdownhotel.com/wrestlers/yokozuna,United States,American,PROBABLE,
yoshi-tatsu,Yoshi Tatsu,Naofumi Yamamoto,https://en.wikipedia.org/wiki/Special:Search?search=Naofumi+Yamamoto+professional+wrestler&go=Go,,https://www.thesmackdownhotel.com/wrestlers/yoshi-tatsu,Japan,Japanese,PROBABLE,
yoshihiro-tajiri,Yoshihiro Tajiri,Yoshihiro Tajiri,,,,,,UNKNOWN,Wikipedia direct lookup failed: HTTPError
zack-ryder,Zack Ryder,Matthew Brett Cardona,,,https://www.thesmackdownhotel.com/wrestlers/zack-ryder-matt-cardona,United States,American,PROBABLE,
