championship_id,promotion_id,championship_name,championship_level,division,active_from,active_to,status,predecessor_championship_ids,successor_championship_ids,official_history_url,wikipedia_history_url,data_quality_status,source_ids,notes
wwe-championship,wwe,WWE Championship,World,Open,1963,,active,,,https://www.wwe.com/classics/titlehistory/wwe-world-heavyweight-championship,https://en.wikipedia.org/wiki/List_of_WWE_Champions,PROBABLE,S1894,World-title lineage; dates and display names are preserved from the cited structured history.
wwe-world-heavyweight-2002,wwe,World Heavyweight Championship (2002–2013),World,Men's,2002,2013,retired,,wwe-championship,https://www.wwe.com/titlehistory/world-heavyweight-championship,"https://en.wikipedia.org/wiki/List_of_World_Heavyweight_Champions_(WWE,_2002%E2%80%932013)",PROBABLE,S1895,World-title lineage; dates and display names are preserved from the cited structured history.
wcw-world-heavyweight,wcw,WCW World Heavyweight Championship,World,Men's,1991,2001,retired,,wwe-championship,,https://en.wikipedia.org/wiki/List_of_WCW_World_Heavyweight_Champions,PROBABLE,S1896,World-title lineage; dates and display names are preserved from the cited structured history.
ecw-world-heavyweight,ecw,ECW World Heavyweight Championship,World,Men's,1992,2010,retired,,,,https://en.wikipedia.org/wiki/List_of_ECW_World_Heavyweight_Champions,PROBABLE,S1897,World-title lineage; dates and display names are preserved from the cited structured history.
aew-world,aew,AEW World Championship,World,Men's,2019,,active,,,https://www.allelitewrestling.com/aew-world-championship-history,https://en.wikipedia.org/wiki/List_of_AEW_World_Champions,PROBABLE,S1898,World-title lineage; dates and display names are preserved from the cited structured history.
tna-world,tna,TNA World Championship,World,Men's,2007,,active,,,https://tnawrestling.com/champions/,https://en.wikipedia.org/wiki/List_of_TNA_World_Champions,PROBABLE,S1899,World-title lineage; dates and display names are preserved from the cited structured history.
roh-world,roh,ROH World Championship,World,Men's,2002,,active,,,,https://en.wikipedia.org/wiki/List_of_ROH_World_Champions,PROBABLE,S1900,World-title lineage; dates and display names are preserved from the cited structured history.
iwgp-heavyweight,njpw,IWGP Heavyweight / World Heavyweight Championship,World,Men's,1987,,active,,,,https://en.wikipedia.org/wiki/List_of_IWGP_Heavyweight_Champions,PROBABLE,S1901,World-title lineage; dates and display names are preserved from the cited structured history.
nwa-worlds-heavyweight,nwa,NWA Worlds Heavyweight Championship,World,Men's,1948,,active,,,,https://en.wikipedia.org/wiki/List_of_NWA_World_Heavyweight_Champions,PROBABLE,S1902,World-title lineage; dates and display names are preserved from the cited structured history.
awa-world-heavyweight,awa,AWA World Heavyweight Championship,World,Men's,1960,1991,retired,,,,https://en.wikipedia.org/wiki/List_of_AWA_World_Heavyweight_Champions,PROBABLE,S1903,World-title lineage; dates and display names are preserved from the cited structured history.
wwe-womens-1956,wwe,WWE Women's Championship (1956–2010),World,Women's,1956,2010,retired,,,https://www.wwe.com/titlehistory/wwe-womens-championship,https://en.wikipedia.org/wiki/List_of_WWE_Women%27s_Champions_(1956%E2%80%932010),PROBABLE,S1904,World-title lineage; dates and display names are preserved from the cited structured history.
wwe-womens,wwe,WWE Women's Championship,World,Women's,2016,,active,,,https://www.wwe.com/titlehistory/wwe-womens-championship,https://en.wikipedia.org/wiki/List_of_WWE_Women%27s_Champions,PROBABLE,S1905,World-title lineage; dates and display names are preserved from the cited structured history.
wwe-womens-world,wwe,Women's World Championship,World,Women's,2016,,active,,,https://www.wwe.com/titlehistory/womens-world-championship,https://en.wikipedia.org/wiki/List_of_Women%27s_World_Champions_(WWE),PROBABLE,S1906,World-title lineage; dates and display names are preserved from the cited structured history.
aew-womens-world,aew,AEW Women's World Championship,World,Women's,2019,,active,,,https://www.allelitewrestling.com/aew-womens-championship-history,https://en.wikipedia.org/wiki/List_of_AEW_Women%27s_World_Champions,PROBABLE,S1907,World-title lineage; dates and display names are preserved from the cited structured history.
tna-knockouts-world,tna,TNA Knockouts World Championship,World,Women's,2007,,active,,,https://tnawrestling.com/champions/,https://en.wikipedia.org/wiki/List_of_TNA_Knockouts_World_Champions,PROBABLE,S1908,World-title lineage; dates and display names are preserved from the cited structured history.
roh-womens-world,roh,ROH Women's World Championship,World,Women's,2021,,active,,,,https://en.wikipedia.org/wiki/List_of_ROH_Women%27s_World_Champions,PROBABLE,S1909,World-title lineage; dates and display names are preserved from the cited structured history.
nwa-world-womens,nwa,NWA World Women's Championship,World,Women's,1954,,active,,,,https://en.wikipedia.org/wiki/List_of_NWA_World_Women%27s_Champions,PROBABLE,S1910,World-title lineage; dates and display names are preserved from the cited structured history.
iwgp-womens,njpw,IWGP Women's Championship,World,Women's,2022,,active,,,https://www.njpw1972.com/champions/iwgp-womens,https://en.wikipedia.org/wiki/List_of_IWGP_Women%27s_Champions,PROBABLE,S1911,World-title lineage; dates and display names are preserved from the cited structured history.
wwe-intercontinental,wwe,WWE Intercontinental Championship,Secondary,Men's,,,active,,,https://www.wwe.com/titlehistory/intercontinental-championship,https://en.wikipedia.org/wiki/List_of_WWE_Intercontinental_Champions,PROBABLE,S1912,World-title lineage; dates and display names are preserved from the cited structured history.
wwe-united-states,wwe,WWE United States Championship,Secondary,Men's,,,active,,,https://www.wwe.com/titlehistory/united-states-championship,https://en.wikipedia.org/wiki/List_of_WWE_United_States_Champions,PROBABLE,S1913,World-title lineage; dates and display names are preserved from the cited structured history.
wwe-european,wwe,WWE European Championship,Secondary,Men's,,,retired,,,,https://en.wikipedia.org/wiki/List_of_WWE_European_Champions,PROBABLE,S1914,World-title lineage; dates and display names are preserved from the cited structured history.
wwe-hardcore,wwe,WWE Hardcore Championship,Specialty,Open,,,retired,,,,https://en.wikipedia.org/wiki/List_of_WWE_Hardcore_Champions,PROBABLE,S1915,World-title lineage; dates and display names are preserved from the cited structured history.
wwe-24-7,wwe,WWE 24/7 Championship,Specialty,Open,,,retired,,,https://www.wwe.com/titlehistory/24-7-championship,https://en.wikipedia.org/wiki/List_of_WWE_24%2F7_Champions,PROBABLE,S1916,World-title lineage; dates and display names are preserved from the cited structured history.
wwf-light-heavyweight,wwe,WWF Light Heavyweight Championship (UWA/MPW/NJPW recognition),Weight class,Men's,1981,1997,retired,,wwf-light-heavyweight-1997,,https://en.wikipedia.org/wiki/List_of_WWF_Light_Heavyweight_Champions,PROBABLE,S1917,World-title lineage; dates and display names are preserved from the cited structured history.
wwf-light-heavyweight-1997,wwe,"WWF Light Heavyweight Championship (WWF recognition, 1997–2001)",Weight class,Men's,1997,2001,retired,wwf-light-heavyweight,wwe-cruiserweight-1996,,https://en.wikipedia.org/wiki/List_of_WWF_Light_Heavyweight_Champions,PROBABLE,S1917,World-title lineage; dates and display names are preserved from the cited structured history.
wwe-cruiserweight-1996,wwe,WWE Cruiserweight Championship (1996–2007),Weight class,Open,,,retired,,,,https://en.wikipedia.org/wiki/List_of_WWE_Cruiserweight_Champions_(1996%E2%80%932007),PROBABLE,S1918,World-title lineage; dates and display names are preserved from the cited structured history.
wwe-divas,wwe,WWE Divas Championship,World,Women's,,,retired,,wwe-womens,,https://en.wikipedia.org/wiki/List_of_WWE_Divas_Champions,PROBABLE,S1919,World-title lineage; dates and display names are preserved from the cited structured history.
wwe-world-tag,wwe,World Tag Team Championship,Tag team,Men's,,,active,,,https://www.wwe.com/titlehistory/raw-tag-team-championship,https://en.wikipedia.org/wiki/List_of_World_Tag_Team_Champions_(WWE),PROBABLE,S1920,World-title lineage; dates and display names are preserved from the cited structured history.
wwe-world-tag-1971,wwe,World Tag Team Championship (1971–2010),Tag team,Men's,1971-06-03,2010-08-16,retired,,wwe-world-tag,https://www.wwe.com/titlehistory/world-tag-team-championship,"https://en.wikipedia.org/wiki/List_of_World_Tag_Team_Champions_(WWE,_1971%E2%80%932010)",PROBABLE,S2127,World-title lineage; dates and display names are preserved from the cited structured history.
wwe-tag,wwe,WWE Tag Team Championship,Tag team,Men's,,,active,,,https://www.wwe.com/titlehistory/smackdown-tag-team-championship,https://en.wikipedia.org/wiki/List_of_WWE_Tag_Team_Champions,PROBABLE,S398,World-title lineage; dates and display names are preserved from the cited structured history.
wwe-womens-tag,wwe,WWE Women's Tag Team Championship,Tag team,Women's,,,active,,,https://www.wwe.com/titlehistory/wwe-womens-tag-team-championship,https://en.wikipedia.org/wiki/List_of_WWE_Women%27s_Tag_Team_Champions,PROBABLE,S1921,World-title lineage; dates and display names are preserved from the cited structured history.
wwf-womens-tag-1983,wwe,WWF Women's Tag Team Championship (1983–1989),Tag team,Women's,1983,1989,retired,,,,https://en.wikipedia.org/wiki/WWF_Women%27s_Tag_Team_Championship,PROBABLE,S2129,World-title lineage; dates and display names are preserved from the cited structured history.
million-dollar,wwe,Million Dollar Championship,Specialty,Men's,,,retired,,,,https://en.wikipedia.org/wiki/List_of_Million_Dollar_Champions,PROBABLE,S1922,World-title lineage; dates and display names are preserved from the cited structured history.
wwe-speed,wwe,WWE Speed Championship,Specialty,Men's,,,retired,,,,https://en.wikipedia.org/wiki/List_of_WWE_Speed_Champions,PROBABLE,S1923,World-title lineage; dates and display names are preserved from the cited structured history.
wwe-womens-speed,wwe,WWE Women's Speed Championship,Specialty,Women's,,,retired,,,,https://en.wikipedia.org/wiki/List_of_WWE_Women%27s_Speed_Champions,PROBABLE,S1924,World-title lineage; dates and display names are preserved from the cited structured history.
wwe-womens-intercontinental,wwe,WWE Women's Intercontinental Championship,Secondary,Women's,,,active,,,,https://en.wikipedia.org/wiki/List_of_WWE_Women%27s_Intercontinental_Champions,PROBABLE,S1925,World-title lineage; dates and display names are preserved from the cited structured history.
wwe-womens-united-states,wwe,WWE Women's United States Championship,Secondary,Women's,,,active,,,,https://en.wikipedia.org/wiki/List_of_WWE_Women%27s_United_States_Champions,PROBABLE,S1926,World-title lineage; dates and display names are preserved from the cited structured history.
nxt-championship,wwe,NXT Championship,World,Men's,,,active,,,,https://en.wikipedia.org/wiki/List_of_NXT_Champions,PROBABLE,S1927,World-title lineage; dates and display names are preserved from the cited structured history.
nxt-womens,wwe,NXT Women's Championship,World,Women's,,,active,,,,https://en.wikipedia.org/wiki/List_of_NXT_Women%27s_Champions,PROBABLE,S1928,World-title lineage; dates and display names are preserved from the cited structured history.
nxt-tag,wwe,NXT Tag Team Championship,Tag team,Men's,,,active,,,,https://en.wikipedia.org/wiki/List_of_NXT_Tag_Team_Champions,PROBABLE,S1929,World-title lineage; dates and display names are preserved from the cited structured history.
nxt-north-american,wwe,NXT North American Championship,Secondary,Men's,,,active,,,,https://en.wikipedia.org/wiki/List_of_NXT_North_American_Champions,PROBABLE,S1930,World-title lineage; dates and display names are preserved from the cited structured history.
nxt-womens-north-american,wwe,NXT Women's North American Championship,Secondary,Women's,2024,,active,,,,https://en.wikipedia.org/wiki/NXT_Women%27s_North_American_Championship,PROBABLE,S2130,World-title lineage; dates and display names are preserved from the cited structured history.
nxt-womens-tag,wwe,NXT Women's Tag Team Championship,Tag team,Women's,2021,2023,retired,,wwe-womens-tag,,https://en.wikipedia.org/wiki/NXT_Women%27s_Tag_Team_Championship,PROBABLE,S2131,World-title lineage; dates and display names are preserved from the cited structured history.
nxt-heritage-cup,wwe,NXT Heritage Cup,Specialty,Men's,2020,2025,retired,,,https://www.wwe.com/titlehistory/nxt-heritage-cup,https://en.wikipedia.org/wiki/NXT_Heritage_Cup,PROBABLE,S2132,World-title lineage; dates and display names are preserved from the cited structured history.
nxt-united-kingdom,wwe,NXT United Kingdom Championship,World,Men's,,,retired,,nxt-championship,,https://en.wikipedia.org/wiki/List_of_NXT_United_Kingdom_Champions,PROBABLE,S1931,World-title lineage; dates and display names are preserved from the cited structured history.
nxt-uk-womens,wwe,NXT UK Women's Championship,World,Women's,,,retired,,nxt-womens,,https://en.wikipedia.org/wiki/List_of_NXT_UK_Women%27s_Champions,PROBABLE,S1932,World-title lineage; dates and display names are preserved from the cited structured history.
nxt-uk-tag,wwe,NXT UK Tag Team Championship,Tag team,Men's,,,retired,,nxt-tag,,https://en.wikipedia.org/wiki/List_of_NXT_UK_Tag_Team_Champions,PROBABLE,S1933,World-title lineage; dates and display names are preserved from the cited structured history.
nxt-cruiserweight,wwe,NXT Cruiserweight Championship,Weight class,Men's,,,retired,,nxt-north-american,,https://en.wikipedia.org/wiki/List_of_NXT_Cruiserweight_Champions,PROBABLE,S1934,World-title lineage; dates and display names are preserved from the cited structured history.
wcw-world-television,wcw,WCW World Television Championship,Television,Men's,,,retired,,,,https://en.wikipedia.org/wiki/List_of_WCW_World_Television_Champions,PROBABLE,S1935,World-title lineage; dates and display names are preserved from the cited structured history.
wcw-hardcore,wcw,WCW Hardcore Championship,Specialty,Men's,,,retired,,,,https://en.wikipedia.org/wiki/List_of_WCW_Hardcore_Champions,PROBABLE,S1936,World-title lineage; dates and display names are preserved from the cited structured history.
wcw-world-tag,wcw,WCW World Tag Team Championship,Tag team,Men's,,,retired,,,,https://en.wikipedia.org/wiki/List_of_WCW_World_Tag_Team_Champions,PROBABLE,S1937,World-title lineage; dates and display names are preserved from the cited structured history.
ecw-world-television,ecw,ECW World Television Championship,Television,Men's,,,retired,,,,https://en.wikipedia.org/wiki/List_of_ECW_World_Television_Champions,PROBABLE,S1938,World-title lineage; dates and display names are preserved from the cited structured history.
ecw-world-tag,ecw,ECW World Tag Team Championship,Tag team,Men's,,,retired,,,,https://en.wikipedia.org/wiki/List_of_ECW_World_Tag_Team_Champions,PROBABLE,S1939,World-title lineage; dates and display names are preserved from the cited structured history.
aew-international,aew,AEW International Championship,Secondary,Men's,,,active,,,,https://en.wikipedia.org/wiki/List_of_AEW_International_Champions,PROBABLE,S1940,World-title lineage; dates and display names are preserved from the cited structured history.
aew-tnt,aew,AEW TNT Championship,Television,Men's,,,active,,,,https://en.wikipedia.org/wiki/List_of_AEW_TNT_Champions,PROBABLE,S1941,World-title lineage; dates and display names are preserved from the cited structured history.
aew-tbs,aew,AEW TBS Championship,Television,Women's,,,active,,,,https://en.wikipedia.org/wiki/List_of_AEW_TBS_Champions,PROBABLE,S1942,World-title lineage; dates and display names are preserved from the cited structured history.
aew-continental,aew,AEW Continental Championship,Secondary,Men's,,,active,,,,https://en.wikipedia.org/wiki/List_of_AEW_Continental_Champions,PROBABLE,S1943,World-title lineage; dates and display names are preserved from the cited structured history.
aew-world-tag,aew,AEW World Tag Team Championship,Tag team,Men's,,,active,,,,https://en.wikipedia.org/wiki/List_of_AEW_World_Tag_Team_Champions,PROBABLE,S1944,World-title lineage; dates and display names are preserved from the cited structured history.
aew-world-trios,aew,AEW World Trios Championship,Trios,Open,,,active,,,,https://en.wikipedia.org/wiki/List_of_AEW_World_Trios_Champions,PROBABLE,S1945,World-title lineage; dates and display names are preserved from the cited structured history.
tna-x-division,tna,TNA X Division Championship,X Division,Open,,,active,,,,https://en.wikipedia.org/wiki/List_of_TNA_X_Division_Champions,PROBABLE,S1946,World-title lineage; dates and display names are preserved from the cited structured history.
tna-television,tna,TNA Television Championship,Television,Men's,,,retired,,,,https://en.wikipedia.org/wiki/List_of_TNA_Television_Champions,PROBABLE,S1947,World-title lineage; dates and display names are preserved from the cited structured history.
tna-world-tag,tna,TNA World Tag Team Championship,Tag team,Men's,,,active,,,,https://en.wikipedia.org/wiki/List_of_TNA_World_Tag_Team_Champions,PROBABLE,S1948,World-title lineage; dates and display names are preserved from the cited structured history.
tna-knockouts-tag,tna,TNA Knockouts World Tag Team Championship,Tag team,Women's,,,active,,,,https://en.wikipedia.org/wiki/List_of_TNA_Knockouts_World_Tag_Team_Champions,PROBABLE,S1949,World-title lineage; dates and display names are preserved from the cited structured history.
tna-digital-media,tna,TNA Digital Media Championship,Secondary,Open,,,retired,,,,https://en.wikipedia.org/wiki/List_of_TNA_Digital_Media_Champions,PROBABLE,S1950,World-title lineage; dates and display names are preserved from the cited structured history.
roh-world-tag,roh,ROH World Tag Team Championship,Tag team,Men's,,,active,,,,https://en.wikipedia.org/wiki/List_of_ROH_World_Tag_Team_Champions,PROBABLE,S1951,World-title lineage; dates and display names are preserved from the cited structured history.
roh-six-man,roh,ROH World Six-Man Tag Team Championship,Trios,Men's,,,retired,,,,https://en.wikipedia.org/wiki/List_of_ROH_World_Six-Man_Tag_Team_Champions,PROBABLE,S1952,World-title lineage; dates and display names are preserved from the cited structured history.
roh-pure,roh,ROH Pure Championship,Specialty,Men's,,,active,,,,https://en.wikipedia.org/wiki/List_of_ROH_Pure_Champions,PROBABLE,S1953,World-title lineage; dates and display names are preserved from the cited structured history.
roh-world-television,roh,ROH World Television Championship,Television,Men's,,,active,,,,https://en.wikipedia.org/wiki/List_of_ROH_World_Television_Champions,PROBABLE,S1954,World-title lineage; dates and display names are preserved from the cited structured history.
roh-womens-television,roh,ROH Women's World Television Championship,Television,Women's,,,active,,,,https://en.wikipedia.org/wiki/List_of_ROH_Women%27s_World_Television_Champions,PROBABLE,S1955,World-title lineage; dates and display names are preserved from the cited structured history.
roh-womens-pure,roh,ROH Women's Pure Championship,Specialty,Women's,,,active,,,,https://en.wikipedia.org/wiki/List_of_ROH_Women%27s_Pure_Champions,PROBABLE,S1956,World-title lineage; dates and display names are preserved from the cited structured history.
iwgp-tag,njpw,IWGP Tag Team Championship,Tag team,Men's,,,active,,,,https://en.wikipedia.org/wiki/List_of_IWGP_Tag_Team_Champions,PROBABLE,S1957,World-title lineage; dates and display names are preserved from the cited structured history.
iwgp-junior-heavyweight,njpw,IWGP Junior Heavyweight Championship,Weight class,Men's,,,active,,,,https://en.wikipedia.org/wiki/List_of_IWGP_Junior_Heavyweight_Champions,PROBABLE,S1958,World-title lineage; dates and display names are preserved from the cited structured history.
iwgp-junior-tag,njpw,IWGP Junior Heavyweight Tag Team Championship,Tag team,Men's,,,active,,,,https://en.wikipedia.org/wiki/List_of_IWGP_Junior_Heavyweight_Tag_Team_Champions,PROBABLE,S1959,World-title lineage; dates and display names are preserved from the cited structured history.
iwgp-intercontinental,njpw,IWGP Intercontinental Championship,Secondary,Men's,,,retired,,,,https://en.wikipedia.org/wiki/List_of_IWGP_Intercontinental_Champions,PROBABLE,S1960,World-title lineage; dates and display names are preserved from the cited structured history.
iwgp-us-heavyweight,njpw,IWGP United States Heavyweight Championship,Secondary,Men's,,,retired,,,,https://en.wikipedia.org/wiki/List_of_IWGP_United_States_Heavyweight_Champions,PROBABLE,S1961,World-title lineage; dates and display names are preserved from the cited structured history.
never-openweight,njpw,NEVER Openweight Championship,Openweight,Open,,,active,,,,https://en.wikipedia.org/wiki/List_of_NEVER_Openweight_Champions,PROBABLE,S1962,World-title lineage; dates and display names are preserved from the cited structured history.
never-six-man,njpw,NEVER Openweight 6-Man Tag Team Championship,Trios,Open,,,active,,,,https://en.wikipedia.org/wiki/List_of_NEVER_Openweight_6-Man_Tag_Team_Champions,PROBABLE,S1963,World-title lineage; dates and display names are preserved from the cited structured history.
njpw-world-television,njpw,NJPW World Television Championship,Television,Men's,,,active,,,,https://en.wikipedia.org/wiki/List_of_NJPW_World_Television_Champions,PROBABLE,S1964,World-title lineage; dates and display names are preserved from the cited structured history.
strong-womens,njpw,Strong Women's Championship,World,Women's,,,active,,,,https://en.wikipedia.org/wiki/List_of_Strong_Women%27s_Champions,PROBABLE,S1965,World-title lineage; dates and display names are preserved from the cited structured history.
nwa-world-tag,nwa,NWA World Tag Team Championship,Tag team,Men's,,,active,,,,https://en.wikipedia.org/wiki/List_of_NWA_World_Tag_Team_Champions,PROBABLE,S1966,World-title lineage; dates and display names are preserved from the cited structured history.
nwa-world-womens-tag,nwa,NWA World Women's Tag Team Championship,Tag team,Women's,,,active,,,,https://en.wikipedia.org/wiki/List_of_NWA_World_Women%27s_Tag_Team_Champions,PROBABLE,S1967,World-title lineage; dates and display names are preserved from the cited structured history.
nwa-world-womens-television,nwa,NWA World Women's Television Championship,Television,Women's,,,active,,,,https://en.wikipedia.org/wiki/List_of_NWA_World_Women%27s_Television_Champions,PROBABLE,S1968,World-title lineage; dates and display names are preserved from the cited structured history.
awa-world-tag,awa,AWA World Tag Team Championship,Tag team,Men's,,,retired,,,,https://en.wikipedia.org/wiki/List_of_AWA_World_Tag_Team_Champions,PROBABLE,S1969,World-title lineage; dates and display names are preserved from the cited structured history.
wwe-universal,wwe,WWE Universal Championship,World,Men's,,,retired,,wwe-championship,https://www.wwe.com/titlehistory/universal-championship,https://en.wikipedia.org/wiki/WWE_Universal_Championship,PROBABLE,S1970,World-title lineage; dates and display names are preserved from the cited structured history.
wwe-world-heavyweight-current,wwe,World Heavyweight Championship,World,Men's,,,active,,,https://www.wwe.com/titlehistory/world-heavyweight-championship,https://en.wikipedia.org/wiki/World_Heavyweight_Championship_(WWE),PROBABLE,S1971,World-title lineage; dates and display names are preserved from the cited structured history.
wwe-evolve,wwe,WWE Evolve Championship,World,Men's,,,active,,,,https://en.wikipedia.org/wiki/WWE_Evolve_Championship,PROBABLE,S1972,World-title lineage; dates and display names are preserved from the cited structured history.
wwe-evolve-womens,wwe,WWE Evolve Women's Championship,World,Women's,,,active,,,,https://en.wikipedia.org/wiki/WWE_Evolve_Women%27s_Championship,PROBABLE,S1973,World-title lineage; dates and display names are preserved from the cited structured history.
aew-national,aew,AEW National Championship,Secondary,Men's,,,active,,,,https://en.wikipedia.org/wiki/AEW_National_Championship,PROBABLE,S1974,World-title lineage; dates and display names are preserved from the cited structured history.
aew-unified,aew,AEW Unified Championship,Secondary,Men's,,,active,,,,https://en.wikipedia.org/wiki/AEW_Unified_Championship,PROBABLE,S1975,World-title lineage; dates and display names are preserved from the cited structured history.
aew-womens-tag,aew,AEW Women's World Tag Team Championship,Tag team,Women's,,,active,,,,https://en.wikipedia.org/wiki/AEW_Women%27s_World_Tag_Team_Championship,PROBABLE,S1976,World-title lineage; dates and display names are preserved from the cited structured history.
iwgp-global-heavyweight,njpw,IWGP Global Heavyweight Championship,Secondary,Men's,,,active,,,,https://en.wikipedia.org/wiki/IWGP_Global_Heavyweight_Championship,PROBABLE,S1977,World-title lineage; dates and display names are preserved from the cited structured history.
strong-openweight,njpw,NJPW Strong Openweight Championship,Openweight,Open,,,active,,,,https://en.wikipedia.org/wiki/NJPW_Strong_Openweight_Championship,PROBABLE,S1978,World-title lineage; dates and display names are preserved from the cited structured history.
strong-openweight-tag,njpw,Strong Openweight Tag Team Championship,Tag team,Open,,,active,,,,https://en.wikipedia.org/wiki/Strong_Openweight_Tag_Team_Championship,PROBABLE,S1979,World-title lineage; dates and display names are preserved from the cited structured history.
kopw,njpw,KOPW Championship,Specialty,Open,,,active,,,,https://en.wikipedia.org/wiki/KOPW_(professional_wrestling_championship),PROBABLE,S1980,World-title lineage; dates and display names are preserved from the cited structured history.
nwa-national,nwa,NWA National Championship,Secondary,Men's,,,active,,,,https://en.wikipedia.org/wiki/NWA_National_Championship,PROBABLE,S1981,World-title lineage; dates and display names are preserved from the cited structured history.
nwa-world-junior-heavyweight,nwa,NWA World Junior Heavyweight Championship,Weight class,Men's,,,active,,,,https://en.wikipedia.org/wiki/NWA_World_Junior_Heavyweight_Championship,PROBABLE,S1982,World-title lineage; dates and display names are preserved from the cited structured history.
nwa-world-television-current,nwa,NWA World Television Championship,Television,Men's,,,active,,,,https://en.wikipedia.org/wiki/NWA_World_Television_Championship,PROBABLE,S1983,World-title lineage; dates and display names are preserved from the cited structured history.
awa-world-womens,awa,AWA World Women's Championship,World,Women's,,,retired,,,,https://en.wikipedia.org/wiki/AWA_World_Women%27s_Championship,PROBABLE,S1984,World-title lineage; dates and display names are preserved from the cited structured history.
awa-world-light-heavyweight,awa,AWA World Light Heavyweight Championship,Weight class,Men's,,,retired,,,,https://en.wikipedia.org/wiki/AWA_World_Light_Heavyweight_Championship,PROBABLE,S1985,World-title lineage; dates and display names are preserved from the cited structured history.
awa-international-television,awa,AWA International Television Championship,Television,Men's,,,retired,,,,https://en.wikipedia.org/wiki/AWA_International_Television_Championship,PROBABLE,S1986,World-title lineage; dates and display names are preserved from the cited structured history.
wcw-international-world-heavyweight,wcw,WCW International World Heavyweight Championship,World,Men's,,,retired,,wcw-world-heavyweight,,https://en.wikipedia.org/wiki/WCW_International_World_Heavyweight_Championship,PROBABLE,S1987,World-title lineage; dates and display names are preserved from the cited structured history.
wcw-cruiserweight-tag,wcw,WCW Cruiserweight Tag Team Championship,Tag team,Men's,,,retired,,,,https://en.wikipedia.org/wiki/WCW_Cruiserweight_Tag_Team_Championship,PROBABLE,S1988,World-title lineage; dates and display names are preserved from the cited structured history.
wcw-united-states-tag,wcw,WCW United States Tag Team Championship,Tag team,Men's,,,retired,,,,https://en.wikipedia.org/wiki/WCW_United_States_Tag_Team_Championship,PROBABLE,S1989,World-title lineage; dates and display names are preserved from the cited structured history.
wcw-world-six-man-tag,wcw,WCW World Six-Man Tag Team Championship,Trios,Men's,,,retired,,,,https://en.wikipedia.org/wiki/WCW_World_Six-Man_Tag_Team_Championship,PROBABLE,S1990,World-title lineage; dates and display names are preserved from the cited structured history.
wwf-international-heavyweight,wwe,WWF International Heavyweight Championship,Secondary,Men's,,,retired,,,,https://en.wikipedia.org/wiki/WWF_International_Heavyweight_Championship,PROBABLE,S1991,World-title lineage; dates and display names are preserved from the cited structured history.
wwf-canadian,wwe,WWF Canadian Championship,Secondary,Men's,,,retired,,,,https://en.wikipedia.org/wiki/WWF_Canadian_Championship,PROBABLE,S1992,World-title lineage; dates and display names are preserved from the cited structured history.
wwf-junior-heavyweight,wwe,WWF Junior Heavyweight Championship,Weight class,Men's,,,retired,,,,https://en.wikipedia.org/wiki/WWF_Junior_Heavyweight_Championship,PROBABLE,S1993,World-title lineage; dates and display names are preserved from the cited structured history.
wwf-north-american-heavyweight,wwe,WWF North American Heavyweight Championship,Secondary,Men's,,,retired,,wwe-intercontinental,,https://en.wikipedia.org/wiki/WWF_North_American_Heavyweight_Championship,PROBABLE,S1994,World-title lineage; dates and display names are preserved from the cited structured history.
wwf-world-martial-arts,wwe,WWF World Martial Arts Heavyweight Championship,Specialty,Men's,,,retired,,,,https://en.wikipedia.org/wiki/WWF_World_Martial_Arts_Heavyweight_Championship,PROBABLE,S1995,World-title lineage; dates and display names are preserved from the cited structured history.
wwwf-united-states-heavyweight,wwe,WWWF United States Heavyweight Championship,Secondary,Men's,,,retired,,,,https://en.wikipedia.org/wiki/WWWF_United_States_Heavyweight_Championship,PROBABLE,S1996,World-title lineage; dates and display names are preserved from the cited structured history.
wwe-id,wwe,WWE ID Championship,Developmental,Open,,,active,,,,https://en.wikipedia.org/wiki/WWE_ID_Championship,PROBABLE,S1997,World-title lineage; dates and display names are preserved from the cited structured history.
wcw-light-heavyweight,wcw,WCW Light Heavyweight Championship,Weight class,Men's,,,retired,,,,https://en.wikipedia.org/wiki/WCW_Light_Heavyweight_Championship,PROBABLE,S1998,World-title lineage; dates and display names are preserved from the cited structured history.
wcw-womens,wcw,WCW Women's Championship,World,Women's,,,retired,,,,https://en.wikipedia.org/wiki/WCW_Women%27s_Championship,PROBABLE,S1999,World-title lineage; dates and display names are preserved from the cited structured history.
wcw-womens-cruiserweight,wcw,WCW Women's Cruiserweight Championship,Weight class,Women's,,,retired,,,,https://en.wikipedia.org/wiki/WCW_Women%27s_Cruiserweight_Championship,PROBABLE,S2000,World-title lineage; dates and display names are preserved from the cited structured history.
nwa-western-states-heritage,wcw,NWA Western States Heritage Championship,Secondary,Men's,,,retired,,,,https://en.wikipedia.org/wiki/NWA_Western_States_Heritage_Championship,PROBABLE,S2001,World-title lineage; dates and display names are preserved from the cited structured history.
ecw-maryland,ecw,ECW Maryland Championship,Regional,Men's,,,retired,,,,https://en.wikipedia.org/wiki/ECW_Maryland_Championship,PROBABLE,S2002,World-title lineage; dates and display names are preserved from the cited structured history.
ecw-pennsylvania,ecw,ECW Pennsylvania Championship,Regional,Men's,,,retired,,,,https://en.wikipedia.org/wiki/ECW_Pennsylvania_Championship,PROBABLE,S2003,World-title lineage; dates and display names are preserved from the cited structured history.
ftw,ecw,FTW Championship,Specialty,Open,,,retired,,,,https://en.wikipedia.org/wiki/FTW_Championship,PROBABLE,S2004,World-title lineage; dates and display names are preserved from the cited structured history.
impact-grand,tna,Impact Grand Championship,Secondary,Men's,,,retired,,,,https://en.wikipedia.org/wiki/Impact_Grand_Championship,PROBABLE,S2005,World-title lineage; dates and display names are preserved from the cited structured history.
tna-international,tna,TNA International Championship,Secondary,Men's,,,active,,,,https://en.wikipedia.org/wiki/TNA_International_Championship,PROBABLE,S2006,World-title lineage; dates and display names are preserved from the cited structured history.
tna-knockouts-television,tna,TNA Knockouts Television Championship,Television,Women's,,,active,,,,https://en.wikipedia.org/wiki/TNA_Knockouts_Television_Championship,PROBABLE,S2007,World-title lineage; dates and display names are preserved from the cited structured history.
tna-beer-drinking,tna,TNA World Beer Drinking Championship,Specialty,Men's,,,retired,,,,https://en.wikipedia.org/wiki/TNA_World_Beer_Drinking_Championship,PROBABLE,S2008,World-title lineage; dates and display names are preserved from the cited structured history.
tna-world-heavyweight-2020,tna,TNA World Heavyweight Championship (2020–2021),World,Men's,,,retired,,tna-world,,https://en.wikipedia.org/wiki/TNA_World_Heavyweight_Championship_(2020%E2%80%932021),PROBABLE,S2009,World-title lineage; dates and display names are preserved from the cited structured history.
canadian-international-heavyweight,tna,Canadian International Heavyweight Championship,Regional,Men's,,,retired,,,,https://en.wikipedia.org/wiki/Canadian_International_Heavyweight_Championship,PROBABLE,S2010,World-title lineage; dates and display names are preserved from the cited structured history.
roh-top-class-trophy,roh,ROH Top of the Class Trophy Championship,Specialty,Men's,,,retired,,,,https://en.wikipedia.org/wiki/ROH_Top_of_the_Class_Trophy_Championship,PROBABLE,S2011,World-title lineage; dates and display names are preserved from the cited structured history.
women-of-honor-world,roh,Women of Honor World Championship,World,Women's,,,retired,,roh-womens-world,,https://en.wikipedia.org/wiki/Women_of_Honor_World_Championship,PROBABLE,S2012,World-title lineage; dates and display names are preserved from the cited structured history.
asia-heavyweight,njpw,Asia Heavyweight Championship,Regional,Men's,,,retired,,,,https://en.wikipedia.org/wiki/Asia_Heavyweight_Championship,PROBABLE,S2013,World-title lineage; dates and display names are preserved from the cited structured history.
asia-tag,njpw,Asia Tag Team Championship,Tag team,Men's,,,retired,,,,https://en.wikipedia.org/wiki/Asia_Tag_Team_Championship,PROBABLE,S2014,World-title lineage; dates and display names are preserved from the cited structured history.
greatest-18-club,njpw,Greatest 18 Club Championship,Specialty,Men's,,,retired,,,,https://en.wikipedia.org/wiki/Greatest_18_Club_Championship,PROBABLE,S2015,World-title lineage; dates and display names are preserved from the cited structured history.
iwgp-heavyweight-igf,njpw,IWGP Heavyweight Championship (IGF),World,Men's,,,retired,,,,https://en.wikipedia.org/wiki/IWGP_Heavyweight_Championship_(IGF),PROBABLE,S2016,World-title lineage; dates and display names are preserved from the cited structured history.
iwgp-heavyweight-original,njpw,IWGP Heavyweight Championship (original version),World,Men's,,,retired,,iwgp-heavyweight,,https://en.wikipedia.org/wiki/IWGP_Heavyweight_Championship_(original_version),PROBABLE,S2017,World-title lineage; dates and display names are preserved from the cited structured history.
iwgp-u30,njpw,IWGP U-30 Openweight Championship,Openweight,Open,,,retired,,,,https://en.wikipedia.org/wiki/IWGP_U-30_Openweight_Championship,PROBABLE,S2018,World-title lineage; dates and display names are preserved from the cited structured history.
j-crown,njpw,J-Crown,Weight class,Men's,,,retired,,,,https://en.wikipedia.org/wiki/J-Crown,PROBABLE,S2019,World-title lineage; dates and display names are preserved from the cited structured history.
nwf-heavyweight,njpw,NWF Heavyweight Championship,World,Men's,,,retired,,,,https://en.wikipedia.org/wiki/NWF_Heavyweight_Championship,PROBABLE,S2020,World-title lineage; dates and display names are preserved from the cited structured history.
nwf-north-american-heavyweight,njpw,NWF North American Heavyweight Championship,Secondary,Men's,,,retired,,,,https://en.wikipedia.org/wiki/NWF_North_American_Heavyweight_Championship,PROBABLE,S2021,World-title lineage; dates and display names are preserved from the cited structured history.
real-world-championship,njpw,Real World Championship,Specialty,Men's,,,retired,,,,https://en.wikipedia.org/wiki/Real_World_Championship,PROBABLE,S2022,World-title lineage; dates and display names are preserved from the cited structured history.
awa-americas,awa,AWA America's Championship,Secondary,Men's,,,retired,,,,https://en.wikipedia.org/wiki/AWA_America%27s_Championship,PROBABLE,S2023,World-title lineage; dates and display names are preserved from the cited structured history.
awa-brass-knuckles,awa,AWA Brass Knuckles Championship,Specialty,Men's,,,retired,,,,https://en.wikipedia.org/wiki/AWA_Brass_Knuckles_Championship,PROBABLE,S2024,World-title lineage; dates and display names are preserved from the cited structured history.
awa-british-empire-heavyweight,awa,AWA British Empire Heavyweight Championship,Regional,Men's,,,retired,,,,https://en.wikipedia.org/wiki/AWA_British_Empire_Heavyweight_Championship,PROBABLE,S2025,World-title lineage; dates and display names are preserved from the cited structured history.
awa-international-heavyweight,awa,AWA International Heavyweight Championship,Secondary,Men's,,,retired,,,,https://en.wikipedia.org/wiki/AWA_International_Heavyweight_Championship,PROBABLE,S2026,World-title lineage; dates and display names are preserved from the cited structured history.
awa-midwest-heavyweight,awa,AWA Midwest Heavyweight Championship,Regional,Men's,,,retired,,,,https://en.wikipedia.org/wiki/AWA_Midwest_Heavyweight_Championship,PROBABLE,S2027,World-title lineage; dates and display names are preserved from the cited structured history.
awa-midwest-tag,awa,AWA Midwest Tag Team Championship,Tag team,Men's,,,retired,,,,https://en.wikipedia.org/wiki/AWA_Midwest_Tag_Team_Championship,PROBABLE,S2028,World-title lineage; dates and display names are preserved from the cited structured history.
awa-southern-heavyweight,awa,AWA Southern Heavyweight Championship,Regional,Men's,,,retired,,,,https://en.wikipedia.org/wiki/AWA_Southern_Heavyweight_Championship,PROBABLE,S2029,World-title lineage; dates and display names are preserved from the cited structured history.
awa-southern-tag,awa,AWA Southern Tag Team Championship,Tag team,Men's,,,retired,,,,https://en.wikipedia.org/wiki/AWA_Southern_Tag_Team_Championship,PROBABLE,S2030,World-title lineage; dates and display names are preserved from the cited structured history.
awa-united-states-heavyweight,awa,AWA United States Heavyweight Championship,Secondary,Men's,,,retired,,,,https://en.wikipedia.org/wiki/AWA_United_States_Heavyweight_Championship,PROBABLE,S2031,World-title lineage; dates and display names are preserved from the cited structured history.
cwa-awa-international-tag,awa,CWA/AWA International Tag Team Championship,Tag team,Men's,,,retired,,,,https://en.wikipedia.org/wiki/CWA%2FAWA_International_Tag_Team_Championship,PROBABLE,S2032,World-title lineage; dates and display names are preserved from the cited structured history.
omaha-world-heavyweight,awa,World Heavyweight Championship (Omaha),World,Men's,,,retired,,,,https://en.wikipedia.org/wiki/World_Heavyweight_Championship_(Omaha),PROBABLE,S2033,World-title lineage; dates and display names are preserved from the cited structured history.
nwa-mid-america-heavyweight,nwa,NWA Mid-America Heavyweight Championship,Regional,Men's,,,active,,,,https://en.wikipedia.org/wiki/NWA_Mid-America_Heavyweight_Championship,PROBABLE,S2034,World-title lineage; dates and display names are preserved from the cited structured history.
nwa-us-tag-lightning-one,nwa,NWA United States Tag Team Championship,Tag team,Men's,,,active,,,,https://en.wikipedia.org/wiki/NWA_United_States_Tag_Team_Championship_(Lightning_One_version),PROBABLE,S2035,World-title lineage; dates and display names are preserved from the cited structured history.
british-commonwealth-junior-heavyweight,njpw,British Commonwealth Junior Heavyweight Championship,Weight class,Men's,,,retired,,,,https://en.wikipedia.org/wiki/British_Commonwealth_Junior_Heavyweight_Championship,PROBABLE,S2036,World-title lineage; dates and display names are preserved from the cited structured history.
nwa-international-junior-heavyweight,njpw,NWA International Junior Heavyweight Championship,Weight class,Men's,,,retired,,,,https://en.wikipedia.org/wiki/NWA_International_Junior_Heavyweight_Championship,PROBABLE,S2037,World-title lineage; dates and display names are preserved from the cited structured history.
nwa-north-american-tag-la-japan,njpw,NWA North American Tag Team Championship (Los Angeles/Japan),Tag team,Men's,,,retired,,,,https://en.wikipedia.org/wiki/NWA_North_American_Tag_Team_Championship_(Los_Angeles%2FJapan_version),PROBABLE,S2038,World-title lineage; dates and display names are preserved from the cited structured history.
nwa-world-welterweight,njpw,NWA World Welterweight Championship,Weight class,Men's,,,retired,,,,https://en.wikipedia.org/wiki/NWA_World_Welterweight_Championship,PROBABLE,S2039,World-title lineage; dates and display names are preserved from the cited structured history.
uwa-world-junior-light-heavyweight,njpw,UWA World Junior Light Heavyweight Championship,Weight class,Men's,,,retired,,,,https://en.wikipedia.org/wiki/UWA_World_Junior_Light_Heavyweight_Championship,PROBABLE,S2040,World-title lineage; dates and display names are preserved from the cited structured history.
wwf-international-tag,njpw,WWF International Tag Team Championship,Tag team,Men's,,,retired,,,,https://en.wikipedia.org/wiki/WWF_International_Tag_Team_Championship,PROBABLE,S2041,World-title lineage; dates and display names are preserved from the cited structured history.
nwa-world-six-man-tag,wcw,NWA World Six-Man Tag Team Championship,Trios,Men's,,,retired,,,,https://en.wikipedia.org/wiki/NWA_World_Six-Man_Tag_Team_Championship,PROBABLE,S2042,World-title lineage; dates and display names are preserved from the cited structured history.
nwa-us-television,wwe,NWA United States Television Championship,Television,Men's,,,retired,,,,https://en.wikipedia.org/wiki/NWA_United_States_Television_Championship,PROBABLE,S2043,World-title lineage; dates and display names are preserved from the cited structured history.
nwa-world-tag-minneapolis,awa,NWA World Tag Team Championship (Minneapolis),Tag team,Men's,,,retired,,awa-world-tag,,https://en.wikipedia.org/wiki/NWA_World_Tag_Team_Championship_(Minneapolis_version),PROBABLE,S2044,World-title lineage; dates and display names are preserved from the cited structured history.
wwwf-united-states-tag,wwe,WWWF United States Tag Team Championship,Tag team,Men's,,,retired,,,,https://en.wikipedia.org/wiki/WWWF_United_States_Tag_Team_Championship,PROBABLE,S2045,World-title lineage; dates and display names are preserved from the cited structured history.
ajpw-tv-six-man,ajpw,AJPW TV Six-Man Tag Team Championship,Trios,Men's,,,active,,,,https://en.wikipedia.org/wiki/AJPW_TV_Six-Man_Tag_Team_Championship,PROBABLE,S2046,World-title lineage; dates and display names are preserved from the cited structured history.
all-asia-heavyweight,ajpw,All Asia Heavyweight Championship,Secondary,Men's,,,active,,,,https://en.wikipedia.org/wiki/All_Asia_Heavyweight_Championship,PROBABLE,S2047,World-title lineage; dates and display names are preserved from the cited structured history.
all-asia-tag,ajpw,All Asia Tag Team Championship,Tag team,Men's,,,active,,,,https://en.wikipedia.org/wiki/All_Asia_Tag_Team_Championship,PROBABLE,S2048,World-title lineage; dates and display names are preserved from the cited structured history.
f1-tag,ajpw,F-1 Tag Team Championship,Tag team,Open,,,retired,,,,https://en.wikipedia.org/wiki/F-1_Tag_Team_Championship,PROBABLE,S2049,World-title lineage; dates and display names are preserved from the cited structured history.
gaora-tv,ajpw,Gaora TV Championship,Television,Men's,,,active,,,,https://en.wikipedia.org/wiki/Gaora_TV_Championship,PROBABLE,S2050,World-title lineage; dates and display names are preserved from the cited structured history.
nwa-international-tag,ajpw,NWA International Tag Team Championship,Tag team,Men's,,,retired,,ajpw-world-tag,,https://en.wikipedia.org/wiki/NWA_International_Tag_Team_Championship,PROBABLE,S2051,World-title lineage; dates and display names are preserved from the cited structured history.
ajpw-triple-crown,ajpw,Triple Crown Heavyweight Championship,World,Men's,,,active,,,,https://en.wikipedia.org/wiki/Triple_Crown_Heavyweight_Championship,PROBABLE,S2052,World-title lineage; dates and display names are preserved from the cited structured history.
ajpw-world-junior,ajpw,World Junior Heavyweight Championship,Weight class,Men's,,,active,,,,https://en.wikipedia.org/wiki/World_Junior_Heavyweight_Championship_(AJPW),PROBABLE,S2053,World-title lineage; dates and display names are preserved from the cited structured history.
ajpw-world-tag,ajpw,World Tag Team Championship,Tag team,Men's,,,active,,,,https://en.wikipedia.org/wiki/World_Tag_Team_Championship_(AJPW),PROBABLE,S2054,World-title lineage; dates and display names are preserved from the cited structured history.
nwa-international-heavyweight,ajpw,NWA International Heavyweight Championship,World,Men's,,,retired,,ajpw-triple-crown,,https://en.wikipedia.org/wiki/NWA_International_Heavyweight_Championship,PROBABLE,S2122,World-title lineage; dates and display names are preserved from the cited structured history.
nwa-united-national,ajpw,NWA United National Championship,Secondary,Men's,,,retired,,ajpw-triple-crown,,https://en.wikipedia.org/wiki/NWA_United_National_Championship,PROBABLE,S2123,World-title lineage; dates and display names are preserved from the cited structured history.
pwf-united-states-heavyweight,ajpw,PWF United States Heavyweight Championship,Secondary,Men's,,,retired,,,,https://en.wikipedia.org/wiki/PWF_United_States_Heavyweight_Championship,PROBABLE,S2124,World-title lineage; dates and display names are preserved from the cited structured history.
pwf-world-heavyweight,ajpw,PWF World Heavyweight Championship,World,Men's,,,retired,,ajpw-triple-crown,,https://en.wikipedia.org/wiki/PWF_World_Heavyweight_Championship,PROBABLE,S2125,World-title lineage; dates and display names are preserved from the cited structured history.
ghc-heavyweight,noah,GHC Heavyweight Championship,World,Men's,,,active,,,,https://en.wikipedia.org/wiki/GHC_Heavyweight_Championship,PROBABLE,S2055,World-title lineage; dates and display names are preserved from the cited structured history.
ghc-junior-heavyweight,noah,GHC Junior Heavyweight Championship,Weight class,Men's,,,active,,,,https://en.wikipedia.org/wiki/GHC_Junior_Heavyweight_Championship,PROBABLE,S2056,World-title lineage; dates and display names are preserved from the cited structured history.
ghc-junior-tag,noah,GHC Junior Heavyweight Tag Team Championship,Tag team,Men's,,,active,,,,https://en.wikipedia.org/wiki/GHC_Junior_Heavyweight_Tag_Team_Championship,PROBABLE,S2057,World-title lineage; dates and display names are preserved from the cited structured history.
ghc-national,noah,GHC National Championship,Secondary,Men's,,,active,,,,https://en.wikipedia.org/wiki/GHC_National_Championship,PROBABLE,S2058,World-title lineage; dates and display names are preserved from the cited structured history.
ghc-openweight-hardcore,noah,GHC Openweight Hardcore Championship,Specialty,Open,,,retired,,,,https://en.wikipedia.org/wiki/GHC_Openweight_Hardcore_Championship,PROBABLE,S2059,World-title lineage; dates and display names are preserved from the cited structured history.
ghc-tag,noah,GHC Tag Team Championship,Tag team,Men's,,,active,,,,https://en.wikipedia.org/wiki/GHC_Tag_Team_Championship,PROBABLE,S2060,World-title lineage; dates and display names are preserved from the cited structured history.
ghc-womens,noah,GHC Women's Championship,World,Women's,,,active,,,,https://en.wikipedia.org/wiki/GHC_Women%27s_Championship,PROBABLE,S2061,World-title lineage; dates and display names are preserved from the cited structured history.
ghc-200,noah,GHC 200 Championship,Specialty,Open,,,retired,,,,https://en.wikipedia.org/wiki/GHC_200_Championship,PROBABLE,S2126,World-title lineage; dates and display names are preserved from the cited structured history.
artist-of-stardom,stardom,Artist of Stardom Championship,Trios,Women's,,,active,,,,https://en.wikipedia.org/wiki/Artist_of_Stardom_Championship,PROBABLE,S2062,World-title lineage; dates and display names are preserved from the cited structured history.
future-of-stardom,stardom,Future of Stardom Championship,Developmental,Women's,,,active,,,,https://en.wikipedia.org/wiki/Future_of_Stardom_Championship,PROBABLE,S2063,World-title lineage; dates and display names are preserved from the cited structured history.
goddesses-of-stardom,stardom,Goddesses of Stardom Championship,Tag team,Women's,,,active,,,,https://en.wikipedia.org/wiki/Goddesses_of_Stardom_Championship,PROBABLE,S2064,World-title lineage; dates and display names are preserved from the cited structured history.
high-speed,stardom,High Speed Championship,Specialty,Women's,,,active,,,,https://en.wikipedia.org/wiki/High_Speed_Championship,PROBABLE,S2065,World-title lineage; dates and display names are preserved from the cited structured history.
new-blood-tag,stardom,New Blood Tag Team Championship,Tag team,Women's,,,active,,,,https://en.wikipedia.org/wiki/New_Blood_Tag_Team_Championship,PROBABLE,S2066,World-title lineage; dates and display names are preserved from the cited structured history.
swa-world,stardom,SWA World Championship,World,Women's,,,retired,,,,https://en.wikipedia.org/wiki/SWA_World_Championship,PROBABLE,S2067,World-title lineage; dates and display names are preserved from the cited structured history.
wonder-of-stardom,stardom,Wonder of Stardom Championship,Secondary,Women's,,,active,,,,https://en.wikipedia.org/wiki/Wonder_of_Stardom_Championship,PROBABLE,S2068,World-title lineage; dates and display names are preserved from the cited structured history.
world-of-stardom,stardom,World of Stardom Championship,World,Women's,,,active,,,,https://en.wikipedia.org/wiki/World_of_Stardom_Championship,PROBABLE,S2069,World-title lineage; dates and display names are preserved from the cited structured history.
aaa-americas-heavyweight,aaa,AAA Americas Heavyweight Championship,Secondary,Men's,,,retired,,,,https://en.wikipedia.org/wiki/AAA_Americas_Heavyweight_Championship,PROBABLE,S2070,World-title lineage; dates and display names are preserved from the cited structured history.
aaa-americas-trios,aaa,AAA Americas Trios Championship,Trios,Men's,,,retired,,,,https://en.wikipedia.org/wiki/AAA_Americas_Trios_Championship,PROBABLE,S2071,World-title lineage; dates and display names are preserved from the cited structured history.
aaa-campeon-de-campeones,aaa,AAA Campeón de Campeones Championship,Specialty,Men's,,,retired,,,,https://en.wikipedia.org/wiki/AAA_Campe%C3%B3n_de_Campeones_Championship,PROBABLE,S2072,World-title lineage; dates and display names are preserved from the cited structured history.
aaa-fusion,aaa,AAA Fusión Championship,Secondary,Open,,,retired,,,,https://en.wikipedia.org/wiki/AAA_Fusi%C3%B3n_Championship,PROBABLE,S2073,World-title lineage; dates and display names are preserved from the cited structured history.
aaa-latin-american,aaa,AAA Latin American Championship,Secondary,Men's,,,active,,,,https://en.wikipedia.org/wiki/AAA_Latin_American_Championship,PROBABLE,S2074,World-title lineage; dates and display names are preserved from the cited structured history.
aaa-mascot-tag,aaa,AAA Mascot Tag Team Championship,Tag team,Open,,,retired,,,,https://en.wikipedia.org/wiki/AAA_Mascot_Tag_Team_Championship,PROBABLE,S2075,World-title lineage; dates and display names are preserved from the cited structured history.
aaa-mega,aaa,AAA Mega Championship,World,Men's,,,active,,,,https://en.wikipedia.org/wiki/AAA_Mega_Championship,PROBABLE,S2076,World-title lineage; dates and display names are preserved from the cited structured history.
aaa-northern-tag,aaa,AAA Northern Tag Team Championship,Tag team,Men's,,,retired,,,,https://en.wikipedia.org/wiki/AAA_Northern_Tag_Team_Championship,PROBABLE,S2077,World-title lineage; dates and display names are preserved from the cited structured history.
aaa-reina-de-reinas,aaa,AAA Reina de Reinas Championship,World,Women's,,,active,,,,https://en.wikipedia.org/wiki/AAA_Reina_de_Reinas_Championship,PROBABLE,S2078,World-title lineage; dates and display names are preserved from the cited structured history.
aaa-world-cruiserweight,aaa,AAA World Cruiserweight Championship,Weight class,Men's,,,active,,,,https://en.wikipedia.org/wiki/AAA_World_Cruiserweight_Championship,PROBABLE,S2079,World-title lineage; dates and display names are preserved from the cited structured history.
aaa-world-mini-estrella,aaa,AAA World Mini-Estrella Championship,Weight class,Open,,,active,,,,https://en.wikipedia.org/wiki/AAA_World_Mini-Estrella_Championship,PROBABLE,S2080,World-title lineage; dates and display names are preserved from the cited structured history.
aaa-world-mixed-tag,aaa,AAA World Mixed Tag Team Championship,Tag team,Open,,,active,,,,https://en.wikipedia.org/wiki/AAA_World_Mixed_Tag_Team_Championship,PROBABLE,S2081,World-title lineage; dates and display names are preserved from the cited structured history.
aaa-world-tag,aaa,AAA World Tag Team Championship,Tag team,Men's,,,active,,,,https://en.wikipedia.org/wiki/AAA_World_Tag_Team_Championship,PROBABLE,S2082,World-title lineage; dates and display names are preserved from the cited structured history.
aaa-world-trios,aaa,AAA World Trios Championship,Trios,Men's,,,active,,,,https://en.wikipedia.org/wiki/AAA_World_Trios_Championship,PROBABLE,S2083,World-title lineage; dates and display names are preserved from the cited structured history.
iwc-world-heavyweight,aaa,IWC World Heavyweight Championship,World,Men's,,,retired,,,,https://en.wikipedia.org/wiki/IWC_World_Heavyweight_Championship,PROBABLE,S2084,World-title lineage; dates and display names are preserved from the cited structured history.
mexican-national-atomicos,aaa,Mexican National Atómicos Championship,Trios,Open,,,retired,,,,https://en.wikipedia.org/wiki/Mexican_National_At%C3%B3micos_Championship,PROBABLE,S2085,World-title lineage; dates and display names are preserved from the cited structured history.
mexican-national-heavyweight,aaa,Mexican National Heavyweight Championship,World,Men's,,,active,,,,https://en.wikipedia.org/wiki/Mexican_National_Heavyweight_Championship,PROBABLE,S2086,World-title lineage; dates and display names are preserved from the cited structured history.
mexican-national-middleweight,aaa,Mexican National Middleweight Championship,Weight class,Men's,,,retired,,,,https://en.wikipedia.org/wiki/Mexican_National_Middleweight_Championship,PROBABLE,S2087,World-title lineage; dates and display names are preserved from the cited structured history.
mexican-national-mini-estrella,aaa,Mexican National Mini-Estrella Championship,Weight class,Open,,,active,,,,https://en.wikipedia.org/wiki/Mexican_National_Mini-Estrella_Championship,PROBABLE,S2088,World-title lineage; dates and display names are preserved from the cited structured history.
mexican-national-tag,aaa,Mexican National Tag Team Championship,Tag team,Men's,,,active,,,,https://en.wikipedia.org/wiki/Mexican_National_Tag_Team_Championship,PROBABLE,S2089,World-title lineage; dates and display names are preserved from the cited structured history.
mexican-national-womens,aaa,Mexican National Women's Championship,World,Women's,,,retired,,,,https://en.wikipedia.org/wiki/Mexican_National_Women%27s_Championship,PROBABLE,S2090,World-title lineage; dates and display names are preserved from the cited structured history.
uwa-world-light-heavyweight,aaa,UWA World Light Heavyweight Championship,Weight class,Men's,,,active,,,,https://en.wikipedia.org/wiki/UWA_World_Light_Heavyweight_Championship,PROBABLE,S2091,World-title lineage; dates and display names are preserved from the cited structured history.
cmll-arena-coliseo-tag,cmll,CMLL Arena Coliseo Tag Team Championship,Tag team,Men's,,,active,,,,https://en.wikipedia.org/wiki/CMLL_Arena_Coliseo_Tag_Team_Championship,PROBABLE,S2092,World-title lineage; dates and display names are preserved from the cited structured history.
cmll-world-heavyweight,cmll,CMLL World Heavyweight Championship,World,Men's,1991,,active,,,,https://en.wikipedia.org/wiki/List_of_CMLL_World_Heavyweight_Champions,PROBABLE,S2146,World-title lineage; dates and display names are preserved from the cited structured history.
cmll-world-middleweight,cmll,CMLL World Middleweight Championship,Weight class,Men's,1991,,active,,,,https://en.wikipedia.org/wiki/List_of_CMLL_World_Middleweight_Champions,PROBABLE,S2147,World-title lineage; dates and display names are preserved from the cited structured history.
cmll-world-welterweight,cmll,CMLL World Welterweight Championship,Weight class,Men's,1992,,active,,,,https://en.wikipedia.org/wiki/List_of_CMLL_World_Welterweight_Champions,PROBABLE,S2148,World-title lineage; dates and display names are preserved from the cited structured history.
cmll-world-tag,cmll,CMLL World Tag Team Championship,Tag team,Men's,1993,,active,,,,https://en.wikipedia.org/wiki/List_of_CMLL_World_Tag_Team_Champions,PROBABLE,S2149,World-title lineage; dates and display names are preserved from the cited structured history.
cmll-world-trios,cmll,CMLL World Trios Championship,Trios,Men's,1991,,active,,,,https://en.wikipedia.org/wiki/List_of_CMLL_World_Trios_Champions,PROBABLE,S2150,World-title lineage; dates and display names are preserved from the cited structured history.
cmll-japan-womens,cmll,CMLL Japan Women's Championship,World,Women's,,,retired,,,,https://en.wikipedia.org/wiki/CMLL_Japan_Women%27s_Championship,PROBABLE,S2093,World-title lineage; dates and display names are preserved from the cited structured history.
cmll-world-lightweight,cmll,CMLL World Lightweight Championship,Weight class,Men's,,,active,,,,https://en.wikipedia.org/wiki/CMLL_World_Lightweight_Championship,PROBABLE,S2094,World-title lineage; dates and display names are preserved from the cited structured history.
cmll-world-micro-estrellas,cmll,CMLL World Micro-Estrellas Championship,Weight class,Open,,,active,,,,https://en.wikipedia.org/wiki/CMLL_World_Micro-Estrellas_Championship,PROBABLE,S2095,World-title lineage; dates and display names are preserved from the cited structured history.
cmll-world-mini-estrellas,cmll,CMLL World Mini-Estrellas Championship,Weight class,Open,,,active,,,,https://en.wikipedia.org/wiki/CMLL_World_Mini-Estrellas_Championship,PROBABLE,S2096,World-title lineage; dates and display names are preserved from the cited structured history.
cmll-world-womens,cmll,CMLL World Women's Championship,World,Women's,,,active,,,,https://en.wikipedia.org/wiki/CMLL_World_Women%27s_Championship,PROBABLE,S2097,World-title lineage; dates and display names are preserved from the cited structured history.
cmll-world-womens-tag,cmll,CMLL World Women's Tag Team Championship,Tag team,Women's,,,active,,,,https://en.wikipedia.org/wiki/CMLL_World_Women%27s_Tag_Team_Championship,PROBABLE,S2098,World-title lineage; dates and display names are preserved from the cited structured history.
cmll-reina-international,cmll,CMLL-Reina International Championship,World,Women's,,,retired,,,,https://en.wikipedia.org/wiki/CMLL-Reina_International_Championship,PROBABLE,S2099,World-title lineage; dates and display names are preserved from the cited structured history.
cmll-reina-international-junior,cmll,CMLL-Reina International Junior Championship,Weight class,Women's,,,retired,,,,https://en.wikipedia.org/wiki/CMLL-Reina_International_Junior_Championship,PROBABLE,S2100,World-title lineage; dates and display names are preserved from the cited structured history.
lla-azteca,cmll,LLA Azteca Championship,Secondary,Men's,,,retired,,,,https://en.wikipedia.org/wiki/LLA_Azteca_Championship,PROBABLE,S2101,World-title lineage; dates and display names are preserved from the cited structured history.
mexican-national-lightweight,cmll,Mexican National Lightweight Championship,Weight class,Men's,,,active,,,,https://en.wikipedia.org/wiki/Mexican_National_Lightweight_Championship,PROBABLE,S2102,World-title lineage; dates and display names are preserved from the cited structured history.
mexican-national-welterweight,cmll,Mexican National Welterweight Championship,Weight class,Men's,,,active,,,,https://en.wikipedia.org/wiki/Mexican_National_Welterweight_Championship,PROBABLE,S2103,World-title lineage; dates and display names are preserved from the cited structured history.
nwa-historic-light-heavyweight,cmll,NWA World Historic Light Heavyweight Championship,Weight class,Men's,,,active,,,,https://en.wikipedia.org/wiki/NWA_World_Historic_Light_Heavyweight_Championship,PROBABLE,S2104,World-title lineage; dates and display names are preserved from the cited structured history.
nwa-historic-middleweight,cmll,NWA World Historic Middleweight Championship,Weight class,Men's,,,active,,,,https://en.wikipedia.org/wiki/NWA_World_Historic_Middleweight_Championship,PROBABLE,S2105,World-title lineage; dates and display names are preserved from the cited structured history.
nwa-historic-welterweight,cmll,NWA World Historic Welterweight Championship,Weight class,Men's,,,active,,,,https://en.wikipedia.org/wiki/NWA_World_Historic_Welterweight_Championship,PROBABLE,S2106,World-title lineage; dates and display names are preserved from the cited structured history.
nwa-world-light-heavyweight,cmll,NWA World Light Heavyweight Championship,Weight class,Men's,,,active,,,,https://en.wikipedia.org/wiki/NWA_World_Light_Heavyweight_Championship,PROBABLE,S2107,World-title lineage; dates and display names are preserved from the cited structured history.
nwa-world-middleweight,cmll,NWA World Middleweight Championship,Weight class,Men's,,,active,,,,https://en.wikipedia.org/wiki/NWA_World_Middleweight_Championship,PROBABLE,S2108,World-title lineage; dates and display names are preserved from the cited structured history.
occidente-heavyweight,cmll,Occidente Heavyweight Championship,Regional,Men's,,,active,,,,https://en.wikipedia.org/wiki/Occidente_Heavyweight_Championship,PROBABLE,S2109,World-title lineage; dates and display names are preserved from the cited structured history.
occidente-womens-tag,cmll,Occidente Women's Tag Team Championship,Tag team,Women's,,,active,,,,https://en.wikipedia.org/wiki/Occidente_Women%27s_Tag_Team_Championship,PROBABLE,S2110,World-title lineage; dates and display names are preserved from the cited structured history.
reina-world-tag,cmll,Reina World Tag Team Championship,Tag team,Women's,,,retired,,,,https://en.wikipedia.org/wiki/Reina_World_Tag_Team_Championship,PROBABLE,S2111,World-title lineage; dates and display names are preserved from the cited structured history.
iwa-pr-caribbean-heavyweight,mlw,IWA Puerto Rico/Caribbean Heavyweight Championship,Regional,Men's,,,active,,,,https://en.wikipedia.org/wiki/IWA_Puerto_Rico%2FCaribbean_Heavyweight_Championship,PROBABLE,S2112,World-title lineage; dates and display names are preserved from the cited structured history.
mlw-world-junior-heavyweight,mlw,MLW World Junior Heavyweight Championship,Weight class,Men's,,,retired,,,,https://en.wikipedia.org/wiki/MLW_World_Junior_Heavyweight_Championship,PROBABLE,S2113,World-title lineage; dates and display names are preserved from the cited structured history.
mlw-world-middleweight,mlw,MLW World Middleweight Championship,Weight class,Men's,,,active,,,,https://en.wikipedia.org/wiki/MLW_World_Middleweight_Championship,PROBABLE,S2114,World-title lineage; dates and display names are preserved from the cited structured history.
mlw-southern-crown,mlw,MLW Southern Crown Championship,Regional,Men's,,,active,,,,https://en.wikipedia.org/wiki/MLW_Southern_Crown_Championship,PROBABLE,S2115,World-title lineage; dates and display names are preserved from the cited structured history.
mlw-national-openweight,mlw,MLW National Openweight Championship,Openweight,Open,,,active,,,,https://en.wikipedia.org/wiki/MLW_National_Openweight_Championship,PROBABLE,S2116,World-title lineage; dates and display names are preserved from the cited structured history.
mlw-womens-featherweight,mlw,MLW World Women's Featherweight Championship,World,Women's,,,active,,,,https://en.wikipedia.org/wiki/MLW_World_Women%27s_Featherweight_Championship,PROBABLE,S2117,World-title lineage; dates and display names are preserved from the cited structured history.
mlw-world-heavyweight,mlw,MLW World Heavyweight Championship,World,Men's,,,active,,,,https://en.wikipedia.org/wiki/MLW_World_Heavyweight_Championship,PROBABLE,S2118,World-title lineage; dates and display names are preserved from the cited structured history.
lucha-underground,lucha-underground,Lucha Underground Championship,World,Open,,,retired,,,,https://en.wikipedia.org/wiki/Lucha_Underground_Championship,PROBABLE,S2119,World-title lineage; dates and display names are preserved from the cited structured history.
lucha-underground-gift-gods,lucha-underground,Lucha Underground Gift of the Gods Championship,Specialty,Open,,,retired,,,,https://en.wikipedia.org/wiki/Lucha_Underground_Gift_of_the_Gods_Championship,PROBABLE,S2120,World-title lineage; dates and display names are preserved from the cited structured history.
lucha-underground-trios,lucha-underground,Lucha Underground Trios Championship,Trios,Open,,,retired,,,,https://en.wikipedia.org/wiki/Lucha_Underground_Trios_Championship,PROBABLE,S2121,World-title lineage; dates and display names are preserved from the cited structured history.
wwc-universal-heavyweight,wwc,WWC Universal Heavyweight Championship,World,Men's,1982,,active,,,,https://en.wikipedia.org/wiki/List_of_WWC_Universal_Heavyweight_Champions,PROBABLE,S2135,World-title lineage; dates and display names are preserved from the cited structured history.
wwc-puerto-rico,wwc,WWC Puerto Rico Championship,Regional,Men's,1974,,active,,,,https://en.wikipedia.org/wiki/WWC_Puerto_Rico_Championship,PROBABLE,S2136,World-title lineage; dates and display names are preserved from the cited structured history.
wwc-world-tag,wwc,WWC World Tag Team Championship,Tag team,Men's,1974,,active,,,,https://en.wikipedia.org/wiki/WWC_World_Tag_Team_Championship,PROBABLE,S2137,World-title lineage; dates and display names are preserved from the cited structured history.
wwc-caribbean-heavyweight,wwc,WWC Caribbean Heavyweight Championship,Regional,Men's,1975,,active,,,,https://en.wikipedia.org/wiki/WWC_Caribbean_Heavyweight_Championship,PROBABLE,S2138,World-title lineage; dates and display names are preserved from the cited structured history.
ovw-heavyweight,ovw,OVW Heavyweight Championship,World,Men's,1997,,active,,,,https://en.wikipedia.org/wiki/OVW_Heavyweight_Championship,PROBABLE,S2139,World-title lineage; dates and display names are preserved from the cited structured history.
ovw-tag,ovw,OVW Tag Team Championship,Tag team,Men's,1997,,active,,,,https://en.wikipedia.org/wiki/OVW_Tag_Team_Championship,PROBABLE,S2140,World-title lineage; dates and display names are preserved from the cited structured history.
ovw-womens,ovw,OVW Women's Championship,World,Women's,2006,,active,,,,https://en.wikipedia.org/wiki/OVW_Women%27s_Championship,PROBABLE,S2141,World-title lineage; dates and display names are preserved from the cited structured history.
ovw-television,ovw,OVW Television Championship,Television,Open,2005,2019,retired,,,,https://en.wikipedia.org/wiki/OVW_Television_Championship,PROBABLE,S2142,World-title lineage; dates and display names are preserved from the cited structured history.
fcw-heavyweight,fcw,FCW Florida Heavyweight Championship,World,Men's,2008,2012,retired,,nxt-championship,,https://en.wikipedia.org/wiki/FCW_Florida_Heavyweight_Championship,PROBABLE,S2143,World-title lineage; dates and display names are preserved from the cited structured history.
fcw-tag,fcw,FCW Florida Tag Team Championship,Tag team,Men's,2008,2012,retired,,nxt-tag,,https://en.wikipedia.org/wiki/FCW_Florida_Tag_Team_Championship,PROBABLE,S2144,World-title lineage; dates and display names are preserved from the cited structured history.
fcw-divas,fcw,FCW Divas Championship,World,Women's,2010,2012,retired,,nxt-womens,,https://en.wikipedia.org/wiki/FCW_Divas_Championship,PROBABLE,S2145,World-title lineage; dates and display names are preserved from the cited structured history.
