event_id,wrestler_id,match_number_on_card,opponents,partners,match_type,championship_match,title_involved,was_champion_entering,result,won_title,lost_title,match_duration,position_on_card,time_before_rumble,data_quality_status,source_ids,notes
RR1988M,ricky-steamboat,1,Rick Rude,,Singles,FALSE,,FALSE,Win (by DQ),FALSE,FALSE,17:39,Opener,,PROBABLE,S001;S010,"Times vary slightly by source: 17:39 (S001), 17:40 (S010), rounded to 17:00 in S009's recap summary -- treated as rounding, not a conflict."
RR1988M,rick-rude,1,Ricky Steamboat,,Singles,FALSE,,FALSE,Loss (by DQ),FALSE,FALSE,17:39,Opener,,PROBABLE,S001;S010,
RR1988M,noriyo-tateno,2,"Judy Martin, Leilani Kai",Itsuki Yamazaki,Tag (2/3 falls),TRUE,WWF Women's Tag Team Championship,FALSE,Win,TRUE,FALSE,15:00,2nd match,,PROBABLE,S001;S009;S010,"Fall-by-fall detail conflicts between sources: S009 gives falls as Martin pin Yamazaki (7:00), Yamazaki pin Kai (10:00), Tateno pin Martin (15:00). S010 describes fall 1 as Martin pinning (implied Yamazaki) at 6:10, fall 2 as Tateno reversing a Martin powerbomb into a sunset flip at 1:50 (duration of that fall, not clock time), fall 3 (double missile dropkick) finishing at 5:47. The two accounts disagree on who pinned whom in fall 2 -- not resolved, both preserved here rather than picked."
RR1988M,itsuki-yamazaki,2,"Judy Martin, Leilani Kai",Noriyo Tateno,Tag (2/3 falls),TRUE,WWF Women's Tag Team Championship,FALSE,Win,TRUE,FALSE,15:00,2nd match,,PROBABLE,S001;S009;S010,Same fall-detail discrepancy as Tateno's row above.
RR1988M,leilani-kai,2,"Itsuki Yamazaki, Noriyo Tateno",Judy Martin,Tag (2/3 falls),TRUE,WWF Women's Tag Team Championship,TRUE,Loss,FALSE,TRUE,15:00,2nd match,,PROBABLE,S001;S009;S010,"Champions entering, lost the titles. Same fall-detail discrepancy noted above."
RR1988M,judy-martin,2,"Itsuki Yamazaki, Noriyo Tateno",Leilani Kai,Tag (2/3 falls),TRUE,WWF Women's Tag Team Championship,TRUE,Loss,FALSE,TRUE,15:00,2nd match,,PROBABLE,S001;S009;S010,"Champions entering, lost the titles. Same fall-detail discrepancy noted above."
RR1988M,haku,4,"Jim Powers, Paul Roma",Tama,Tag (2/3 falls),FALSE,,FALSE,Win,FALSE,FALSE,14:00,Show closer,,PROBABLE,S001;S009;S010,"S009: Roma counted out (7:00), Haku forced Roma to submit (7:00) -- two-fall sweep. S010: Powers counted out on a bad knee bump at 7:50 (fall 1), ref stopped it on Roma's knee at 7:27 (fall 2) -- broadly consistent story (Young Stallions' knee injury), exact fall times differ slightly between sources."
RR1988M,tama,4,"Jim Powers, Paul Roma",Haku,Tag (2/3 falls),FALSE,,FALSE,Win,FALSE,FALSE,14:00,Show closer,,PROBABLE,S001;S009;S010,Same as Haku's row above.
RR1988M,jim-powers,4,"Haku, Tama",Paul Roma,Tag (2/3 falls),FALSE,,FALSE,Loss,FALSE,FALSE,14:00,Show closer,,PROBABLE,S001;S009;S010,Same as Haku's row above.
RR1988M,paul-roma,4,"Haku, Tama",Jim Powers,Tag (2/3 falls),FALSE,,FALSE,Loss,FALSE,FALSE,14:00,Show closer,,PROBABLE,S001;S009;S010,"Injured knee on a fall out of the ring per both S009/S010; storyline point, not a real injury per available sources."
RR1989M,jim-duggan,1,"Dino Bravo, Jacques Rougeau, Raymond Rougeau","Bret Hart, Jim Neidhart",Tag (2/3 falls),FALSE,,FALSE,Win,FALSE,FALSE,15:42,Opener,,PROBABLE,S013;S014,2/3-falls tag. Fall 1: Jacques pinned Bret Hart (4:22). Fall 2: Duggan pinned Jacques (11:46). Fall 3: Hart pinned Bravo (15:42).
RR1989M,bret-hart,1,"Dino Bravo, Jacques Rougeau, Raymond Rougeau","Jim Duggan, Jim Neidhart",Tag (2/3 falls),FALSE,,FALSE,Win,FALSE,FALSE,15:42,Opener,,PROBABLE,S013;S014,"Pinned by Jacques in fall 1 (4:22), came back to pin Bravo for the deciding fall 3 (15:42)."
RR1989M,jim-neidhart,1,"Dino Bravo, Jacques Rougeau, Raymond Rougeau","Jim Duggan, Bret Hart",Tag (2/3 falls),FALSE,,FALSE,Win,FALSE,FALSE,15:42,Opener,,PROBABLE,S013;S014,
RR1989M,dino-bravo,1,"Jim Duggan, Bret Hart, Jim Neidhart","Jacques Rougeau, Raymond Rougeau",Tag (2/3 falls),FALSE,,FALSE,Loss,FALSE,FALSE,15:42,Opener,,PROBABLE,S013;S014,Pinned by Bret Hart for the deciding fall (15:42).
RR1989M,jacques-rougeau,1,"Jim Duggan, Bret Hart, Jim Neidhart","Dino Bravo, Raymond Rougeau",Tag (2/3 falls),FALSE,,FALSE,Loss,FALSE,FALSE,15:42,Opener,,PROBABLE,S013;S014,"Pinned Bret Hart for fall 1 (4:22), was pinned by Duggan for fall 2 (11:46)."
RR1989M,raymond-rougeau,1,"Jim Duggan, Bret Hart, Jim Neidhart","Dino Bravo, Jacques Rougeau",Tag (2/3 falls),FALSE,,FALSE,Loss,FALSE,FALSE,15:42,Opener,,PROBABLE,S013;S014,
RR1989M,rockin-robin,2,Judy Martin,,Singles,TRUE,WWF World Women's Championship,TRUE,Win,FALSE,FALSE,16:24,2nd match,,PROBABLE,S013,Retained the title.
RR1989M,judy-martin,2,Rockin' Robin,,Singles,TRUE,WWF World Women's Championship,FALSE,Loss,FALSE,FALSE,16:24,2nd match,,PROBABLE,S013,
RR1989M,the-ultimate-warrior,3,Rick Rude,,Posedown (exhibition),FALSE,,FALSE,No formal decision,FALSE,FALSE,,3rd match,,PROBABLE,S013;S014,'Ultimate Posedown' -- set up the Rude-Warrior Intercontinental Title match at WrestleMania V. Rude attacked Warrior after the posing segment; no pinfall/formal result given by either source.
RR1989M,rick-rude,3,The Ultimate Warrior,,Posedown (exhibition),FALSE,,FALSE,No formal decision,FALSE,FALSE,,3rd match,,PROBABLE,S013;S014,Same as Warrior's row above.
RR1989M,haku,4,Harley Race,,Singles (Crown match),FALSE,"'King'/Crown (pre-King of the Ring era gimmick, not the modern tournament)",TRUE,Win,FALSE,FALSE,9:01,4th match,,PROBABLE,S013;S014,"Retained the crown. NOTE: this is the mid-1980s 'King' gimmick match, not the modern King of the Ring tournament (which didn't begin until 1993) -- don't conflate the two."
RR1989M,harley-race,4,King Haku,,Singles (Crown match),FALSE,"'King'/Crown (pre-King of the Ring era gimmick, not the modern tournament)",FALSE,Loss,FALSE,FALSE,9:01,4th match,,PROBABLE,S013;S014,Race's final WWF match; the match was edited off the Coliseum Video release per S013.
RR1990M,butch-miller,1,"Jacques Rougeau, Raymond Rougeau",Luke Williams,Tag,FALSE,,FALSE,Win,FALSE,FALSE,13:35,Opener,,PROBABLE,S016,Butch pinned Jacques.
RR1990M,luke-williams,1,"Jacques Rougeau, Raymond Rougeau",Butch Miller,Tag,FALSE,,FALSE,Win,FALSE,FALSE,13:35,Opener,,PROBABLE,S016,
RR1990M,jacques-rougeau,1,"Butch Miller, Luke Williams",Raymond Rougeau,Tag,FALSE,,FALSE,Loss,FALSE,FALSE,13:35,Opener,,PROBABLE,S016,Pinned by Butch Miller.
RR1990M,raymond-rougeau,1,"Butch Miller, Luke Williams",Jacques Rougeau,Tag,FALSE,,FALSE,Loss,FALSE,FALSE,13:35,Opener,,PROBABLE,S016,
RR1990M,the-genius,2,Brutus Beefcake,,Singles,FALSE,,FALSE,Double DQ,FALSE,FALSE,11:07,2nd match,,PROBABLE,S016,Referred to as 'Lanny Poffo' by S016.
RR1990M,brutus-beefcake,2,The Genius,,Singles,FALSE,,FALSE,Double DQ,FALSE,FALSE,11:07,2nd match,,PROBABLE,S016,
RR1990M,ronnie-garvin,3,Greg Valentine,,Singles ('I Quit' match),FALSE,,FALSE,Win,FALSE,FALSE,16:55,3rd match,,PROBABLE,S016,
RR1990M,greg-valentine,3,Ron Garvin,,Singles ('I Quit' match),FALSE,,FALSE,Loss,FALSE,FALSE,16:55,3rd match,,PROBABLE,S016,
RR1991M,shawn-michaels,1,"The Great Tanaka, Kato",Marty Jannetty,Tag,FALSE,,FALSE,Win,,,19:15,Opener,,PROBABLE,S019,
RR1991M,marty-jannetty,1,"The Great Tanaka, Kato",Shawn Michaels,Tag,FALSE,,FALSE,Win,,,19:15,Opener,,PROBABLE,S019,Pinned Tanaka.
RR1991M,the-great-tanaka,1,"Shawn Michaels, Marty Jannetty",Kato,Tag,FALSE,,FALSE,Loss,,,19:15,Opener,,PROBABLE,S019,Pinned by Jannetty.
RR1991M,kato,1,"Shawn Michaels, Marty Jannetty",The Great Tanaka,Tag,FALSE,,FALSE,Loss,,,19:15,Opener,,PROBABLE,S019,
RR1991M,big-bossman,2,The Barbarian,,Singles,FALSE,,FALSE,Win,,,14:15,2nd match,,PROBABLE,S019,
RR1991M,the-barbarian,2,Big Bossman,,Singles,FALSE,,FALSE,Loss,,,14:15,2nd match,,PROBABLE,S019,
RR1991M,jacques-rougeau,3,Koko B. Ware,,Singles,FALSE,,FALSE,Win,,,9:12,3rd match,,PROBABLE,S019,
RR1991M,koko-b-ware,3,The Mountie,,Singles,FALSE,,FALSE,Loss,,,9:12,3rd match,,PROBABLE,S019,
RR1991M,ted-dibiase,4,"Dusty Rhodes, Dustin Rhodes",Virgil,Tag,FALSE,,FALSE,Win,,,9:57,4th match,,PROBABLE,S019,Pinned Dusty Rhodes. Virgil turned on DiBiase after the match.
RR1991M,virgil,4,"Dusty Rhodes, Dustin Rhodes",Ted DiBiase,Tag,FALSE,,FALSE,Win,,,9:57,4th match,,PROBABLE,S019,Turned on DiBiase after the match -- babyface turn.
RR1991M,dusty-rhodes,4,"Ted DiBiase, Virgil",Dustin Rhodes,Tag,FALSE,,FALSE,Loss,,,9:57,4th match,,PROBABLE,S019,Pinned by DiBiase. First time teaming with son Dustin.
RR1991M,dustin-rhodes,4,"Ted DiBiase, Virgil",Dusty Rhodes,Tag,FALSE,,FALSE,Loss,,,9:57,4th match,,PROBABLE,S019,First time teaming with father Dusty.
RR1991M,sgt-slaughter,5,Ultimate Warrior,,Singles,TRUE,WWF Championship,FALSE,Win,TRUE,FALSE,12:47,5th match,,PROBABLE,S019,Won via outside interference from Randy Savage per S019's narrative -- first WWF Title defended at a Royal Rumble event.
RR1991M,the-ultimate-warrior,5,Sgt. Slaughter,,Singles,TRUE,WWF Championship,TRUE,Loss,,TRUE,12:47,5th match,,PROBABLE,S019,Lost the WWF Title; did not compete in the Rumble match itself.
RR1992M,owen-hart,1,"The Great Tanaka, Kato",Jim Neidhart,Tag,FALSE,,FALSE,Win,,,17:18,Opener,,PROBABLE,S021,Pinned Tanaka.
RR1992M,jim-neidhart,1,"The Great Tanaka, Kato",Owen Hart,Tag,FALSE,,FALSE,Win,,,17:18,Opener,,PROBABLE,S021,
RR1992M,the-great-tanaka,1,"Owen Hart, Jim Neidhart",Kato,Tag,FALSE,,FALSE,Loss,,,17:18,Opener,,PROBABLE,S021,Pinned by Hart.
RR1992M,kato,1,"Owen Hart, Jim Neidhart",The Great Tanaka,Tag,FALSE,,FALSE,Loss,,,17:18,Opener,,PROBABLE,S021,
RR1992M,roddy-piper,2,The Mountie,,Singles,TRUE,Intercontinental Championship,FALSE,Win,TRUE,FALSE,5:22,2nd match,,PROBABLE,S021,"Won via sleeper hold to win the only title of his WWF career, subbing for the injured Bret Hart -- also competed in the Rumble match this same night."
RR1992M,jacques-rougeau,2,Roddy Piper,,Singles,TRUE,Intercontinental Championship,TRUE,Loss,,TRUE,5:22,2nd match,,PROBABLE,S021,Lost the IC Title to Piper.
RR1992M,beau-beverly,3,"Bushwhacker Luke, Bushwhacker Butch",Blake Beverly,Tag,FALSE,,FALSE,Win,,,14:56,3rd match,,PROBABLE,S021,Blake pinned Butch.
RR1992M,blake-beverly,3,"Bushwhacker Luke, Bushwhacker Butch",Beau Beverly,Tag,FALSE,,FALSE,Win,,,14:56,3rd match,,PROBABLE,S021,Pinned Butch.
RR1992M,luke-williams,3,"Beau Beverly, Blake Beverly",Bushwhacker Butch,Tag,FALSE,,FALSE,Loss,,,14:56,3rd match,,PROBABLE,S021,
RR1992M,butch-miller,3,"Beau Beverly, Blake Beverly",Bushwhacker Luke,Tag,FALSE,,FALSE,Loss,,,14:56,3rd match,,PROBABLE,S021,Pinned by Blake.
RR1992M,earthquake,4,"Hawk, Animal",Typhoon,Tag,TRUE,World Tag Team Championship,TRUE,Win,,FALSE,9:24,4th match,,PROBABLE,S021,"Won by count-out, retained the titles. Did NOT compete in the Rumble match this year."
RR1992M,tugboat,4,"Hawk, Animal",Earthquake,Tag,TRUE,World Tag Team Championship,TRUE,Win,,FALSE,9:24,4th match,,PROBABLE,S021,"Won by count-out, retained the titles."
RR1992M,hawk,4,"Earthquake, Typhoon",Animal,Tag,TRUE,World Tag Team Championship,FALSE,Loss,,,9:24,4th match,,PROBABLE,S021,Lost by count-out. Did NOT compete in the Rumble match this year.
RR1992M,animal,4,"Earthquake, Typhoon",Hawk,Tag,TRUE,World Tag Team Championship,FALSE,Loss,,,9:24,4th match,,PROBABLE,S021,Lost by count-out.
RR1994M,tatanka,1,Bam Bam Bigelow,,Singles,FALSE,,FALSE,Win,,,8:12,Opener,,PROBABLE,S029,Pinned Bigelow.
RR1994M,bam-bam-bigelow,1,Tatanka,,Singles,FALSE,,FALSE,Loss,,,8:12,Opener,,PROBABLE,S029,Pinned by Tatanka.
RR1994M,bret-hart,2,"Jacques Rougeau, Pierre Ouellet (The Quebecers)",Owen Hart,Tag,TRUE,World Tag Team Championship,TRUE,Loss,,TRUE,16:48,2nd match,,PROBABLE,S029,Lost the titles via referee's decision when Bret could not continue -- this is the match after which Owen Hart turned heel on his brother.
RR1994M,owen-hart,2,"Jacques Rougeau, Pierre Ouellet (The Quebecers)",Bret Hart,Tag,TRUE,World Tag Team Championship,TRUE,Loss,,TRUE,16:48,2nd match,,PROBABLE,S029,Turned heel on Bret Hart during/after this match -- a storyline turning point per S029.
RR1994M,irwin-r-schyster,3,Razor Ramon,,Singles,TRUE,Intercontinental Championship,TRUE,Loss,,TRUE,11:30,3rd match,,PROBABLE,S029,"Pinned by Ramon, who won the IC title."
RR1994M,the-undertaker,4,Yokozuna,,Singles,TRUE,World Heavyweight Championship,FALSE,Loss,,,14:20,Casket Match,,PROBABLE,S029,Casket Match -- ten midcard heels helped Yokozuna get Undertaker in the casket; Yokozuna retained the title. Followed by the 'Undertaker rises to the ceiling' angle.
RR1995M,rick-martel,1,Jeff Jarrett,,Singles,TRUE,Intercontinental Championship,FALSE,Loss,,,18:06,Opener,,PROBABLE,S031,"Pinned by Jarrett, who won the IC title."
RR1996M,british-bulldog,1,Goldust,,Singles,TRUE,Intercontinental Championship,FALSE,Loss,,,14:17,3rd match,,PROBABLE,S032,"Pinned by Goldust, who won the IC title. Listed here under his usual ring name; competed in the Rumble match this same night under his real name, Davey Boy Smith -- see script docstring."
RR1996M,the-undertaker,4,Bret Hart,,Singles,TRUE,World Heavyweight Championship,FALSE,Win,,,28:31,World Title Match,,PROBABLE,S032,Won by DQ after Diesel pulled the referee out and flipped off Undertaker mid-count -- Bret Hart retains the title despite the DQ loss.
RR1996M,bret-hart,4,The Undertaker,,Singles,TRUE,World Heavyweight Championship,TRUE,Win,,TRUE,28:31,World Title Match,,PROBABLE,S032,Retained the title via DQ (Diesel interference) despite Undertaker winning the match itself.
RR1997M,hunter-hearst-helmsley,1,Goldust,,Singles,TRUE,Intercontinental Championship,TRUE,Win,,,16:50,Opener,,PROBABLE,S034,Pinned Goldust to retain the IC title. Also competed in the Rumble match this same night.
RR1997M,goldust,1,Hunter Hearst Helmsley,,Singles,TRUE,Intercontinental Championship,FALSE,Loss,,,16:50,Opener,,PROBABLE,S034,Pinned by Helmsley.
RR1997M,ahmed-johnson,2,Faarooq,,Singles,FALSE,,FALSE,Win,,,8:48,2nd match,,PROBABLE,S034,Won by DQ. Also competed in the Rumble match this same night.
RR1997M,faarooq,2,Ahmed Johnson,,Singles,FALSE,,FALSE,Loss,,,8:48,2nd match,,PROBABLE,S034,Lost by DQ. Also competed in the Rumble match this same night.
RR1997M,vader,3,The Undertaker,,Singles,FALSE,,FALSE,Win,,,13:19,3rd match,,PROBABLE,S034,Pinned Undertaker. Also competed in the Rumble match this same night.
RR1997M,the-undertaker,3,Vader,,Singles,FALSE,,FALSE,Loss,,,13:19,3rd match,,PROBABLE,S034,Pinned by Vader. Also competed in the Rumble match this same night.
RR1998M,goldust,1,Vader,,Singles,FALSE,,FALSE,Loss,,,7:47,Opener,,PROBABLE,S043,Pinned by Vader. Also competed in the Rumble match this same night.
RR1998M,vader,1,Goldust,,Singles,FALSE,,FALSE,Win,,,7:47,Opener,,PROBABLE,S043,Pinned Goldust. Not a Rumble entrant this year.
RR1998M,rocky-maivia,3,Ken Shamrock,,Singles,TRUE,Intercontinental Championship,TRUE,Win,,,10:53,3rd match,,PROBABLE,S043,Defeated Shamrock by DQ to retain the I-C Title. Also competed in the Rumble match this same night.
RR1998M,ken-shamrock,3,The Rock,,Singles,TRUE,Intercontinental Championship,FALSE,Loss,,,10:53,3rd match,,PROBABLE,S043,Lost to The Rock by DQ. Also competed in the Rumble match this same night.
RR1999M,big-boss-man,1,Road Dogg,,Singles,FALSE,,FALSE,Win,,,11:52,Opener,,PROBABLE,S045,Pinned 'Road Dog' Jesse James. Also competed in the Rumble match this same night.
RR1999M,jesse-james,1,Big Boss Man,,Singles,FALSE,,FALSE,Loss,,,11:52,Opener,,PROBABLE,S045,Pinned by Big Boss Man. Also competed in the Rumble match this same night.
RR1999M,ken-shamrock,2,Billy Gunn,,Singles,TRUE,Intercontinental Championship,TRUE,Win,,,11:52,2nd match,,PROBABLE,S045,Defeated Billy Gunn via submission to retain the I-C Title. Also competed in the Rumble match this same night.
RR1999M,billy-gunn,2,Ken Shamrock,,Singles,TRUE,Intercontinental Championship,FALSE,Loss,,,11:52,2nd match,,PROBABLE,S045,Lost to Ken Shamrock via submission. Also competed in the Rumble match this same night.
RR1999M,x-pac,3,Gangrel,,Singles,TRUE,European Championship,TRUE,Win,,,5:53,3rd match,,PROBABLE,S045,Pinned Gangrel to retain the European Title. Also competed in the Rumble match this same night.
RR1999M,gangrel,3,X-Pac,,Singles,TRUE,European Championship,FALSE,Loss,,,5:53,3rd match,,PROBABLE,S045,Pinned by X-Pac. Also competed in the Rumble match this same night.
RR2000M,chris-jericho,4,"Chyna, Hardcore Holly",,Three-Way,TRUE,Intercontinental Championship,FALSE,Win,TRUE,,7:30,4th match,,PROBABLE,S046,"Pinned Chyna to win the I-C Title (three-way, also involving Hardcore Holly). Also competed in the Rumble match this same night."
RR2000M,chyna,4,"Chris Jericho, Hardcore Holly",,Three-Way,TRUE,Intercontinental Championship,TRUE,Loss,,TRUE,7:30,4th match,,PROBABLE,S046,"Pinned by Jericho, losing the I-C Title. Also competed in the Rumble match this same night."
RR2000M,hardcore-holly,4,"Chris Jericho, Chyna",,Three-Way,TRUE,Intercontinental Championship,FALSE,Loss,,,7:30,4th match,,PROBABLE,S046,Did not factor in the pinfall (Jericho pinned Chyna). Also competed in the Rumble match this same night.
RR2000M,jesse-james,5,"Faarooq, Bradshaw",Billy Gunn,Tag Team,TRUE,World Tag Team Championship,TRUE,Win,,,2:35,5th match,,PROBABLE,S046,Gunn pinned Bradshaw to retain the tag titles for the New Age Outlaws. Also competed in the Rumble match this same night.
RR2000M,billy-gunn,5,"Faarooq, Bradshaw",Jesse James,Tag Team,TRUE,World Tag Team Championship,TRUE,Win,,,2:35,5th match,,PROBABLE,S046,Pinned Bradshaw to retain the tag titles for the New Age Outlaws. Also competed in the Rumble match this same night.
RR2000M,faarooq,5,"Jesse James, Billy Gunn",Bradshaw,Tag Team,TRUE,World Tag Team Championship,FALSE,Loss,,TRUE,2:35,5th match,,PROBABLE,S046,The Acolytes lost the tag title match (Bradshaw pinned). Also competed in the Rumble match this same night.
RR2000M,bradshaw,5,"Jesse James, Billy Gunn",Faarooq,Tag Team,TRUE,World Tag Team Championship,FALSE,Loss,,TRUE,2:35,5th match,,PROBABLE,S046,"Pinned by Gunn, The Acolytes losing the tag title match. Also competed in the Rumble match this same night."
RR2000M,hunter-hearst-helmsley,6,Cactus Jack,,Street Fight,TRUE,World Heavyweight Championship,TRUE,Win,,,26:48,6th match,,PROBABLE,S046,Defeated Cactus Jack (Mick Foley) to retain the World Heavyweight Championship in a brutal Street Fight widely regarded as one of the best matches of 2000. Not a Rumble entrant this year.
RR2000M,cactus-jack,6,Hunter Hearst Helmsley,,Street Fight,TRUE,World Heavyweight Championship,FALSE,Loss,,,26:48,6th match,,PROBABLE,S046,Lost to Triple H (Pedigreed onto thumbtacks) in a brutal Street Fight widely regarded as one of the best matches of 2000. Not a Rumble entrant this year.
RR2001M,chris-jericho,2,Chris Benoit,,Singles (Ladder Match),TRUE,Intercontinental Championship,FALSE,Win,TRUE,,18:43,2nd match,,PROBABLE,S048,Defeated Chris Benoit in a Ladder Match to win the I-C Title -- widely regarded as one of the best matches of 2001. Not a Rumble entrant this year.
RR2001M,edge,1,The Dudley Boys (Bubba Ray and D-Von),Christian,Tag Team,TRUE,World Tag Team Championship,TRUE,Loss,,TRUE,9:58,Opener,,PROBABLE,S048,Edge and Christian lost the tag titles when D-Von pinned Edge. Not a Rumble entrant this year.
RR2001M,christian,1,The Dudley Boys (Bubba Ray and D-Von),Edge,Tag Team,TRUE,World Tag Team Championship,TRUE,Loss,,TRUE,9:58,Opener,,PROBABLE,S048,Edge and Christian lost the tag titles when D-Von pinned Edge. Not a Rumble entrant this year.
RR2001M,chyna,3,Ivory,,Singles,TRUE,Women's Championship,FALSE,Loss,,TRUE,3:27,3rd match,,PROBABLE,S048,Pinned by Ivory. Not a Rumble entrant this year.
RR2001M,hunter-hearst-helmsley,4,Kurt Angle,,Singles,TRUE,World Heavyweight Championship,FALSE,Loss,,TRUE,24:18,4th match,,PROBABLE,S048,"Pinned by Kurt Angle, who retained the title. Not a Rumble entrant this year."
RR2002M,william-regal,2,Edge,,Singles,TRUE,Intercontinental Championship,FALSE,Win,TRUE,,9:45,2nd match,,PROBABLE,S049,Pinned Edge to win the I-C Title. Not a Rumble entrant this year.
RR2002M,edge,2,William Regal,,Singles,TRUE,Intercontinental Championship,TRUE,Loss,,TRUE,9:45,2nd match,,PROBABLE,S049,"Pinned by Regal, losing the I-C Title. Not a Rumble entrant this year."
RR2002M,ric-flair,4,Vince McMahon,,Street Fight,FALSE,,FALSE,Win,,,14:55,4th match,,PROBABLE,S049,Defeated Vince McMahon via submission (Figure-Four) in the dueling-GM Street Fight. Not a Rumble entrant this year.
RR2002M,vince-mcmahon,4,Ric Flair,,Street Fight,FALSE,,FALSE,Loss,,,14:55,4th match,,PROBABLE,S049,Submitted to Flair's Figure-Four. Not a Rumble entrant this year.
RR2002M,chris-jericho,5,The Rock,,Singles,TRUE,Undisputed Championship,TRUE,Win,,TRUE,18:48,5th match,,PROBABLE,S049,Pinned The Rock (using the ropes for leverage) to retain the Undisputed Championship. Not a Rumble entrant this year.
RR2002M,rocky-maivia,5,Chris Jericho,,Singles,TRUE,Undisputed Championship,FALSE,Loss,,,18:48,5th match,,PROBABLE,S049,"Pinned by Jericho, who used the ropes for leverage. Not a Rumble entrant this year."
RR2002M,tazz,1,The Dudley Boys (Bubba Ray and D-Von),Spike Dudley,Tag Team,TRUE,World Tag Team Championship,TRUE,Win,,,5:06,Opener,,PROBABLE,S049,Made D-Von Dudley submit to retain the tag titles alongside Spike Dudley. Not a Rumble entrant this year.
RR2003M,brock-lesnar,1,Big Show,,Singles (Rumble qualifier),FALSE,,FALSE,Win,,,6:15,Opener,,PROBABLE,S066,Earned his Royal Rumble entry by pinning Big Show.
RR2003M,big-show,1,Brock Lesnar,,Singles (Rumble qualifier),FALSE,,FALSE,Loss,,,6:15,Opener,,PROBABLE,S066,Pinned by Lesnar; did not qualify for the Rumble. Not a Rumble entrant this year.
RR2003M,hunter-hearst-helmsley,4,Scott Steiner,,Singles,TRUE,World Heavyweight Championship,TRUE,Win,,TRUE,17:00,4th match,,PROBABLE,S066,Retained the title by DQ over Steiner in what won that year's WON 'Worst Match of the Year.' Not a Rumble entrant this year.
RR2003M,scott-steiner,4,Hunter Hearst Helmsley,,Singles,TRUE,World Heavyweight Championship,FALSE,Loss,,,17:00,4th match,,PROBABLE,S066,Lost by DQ to Triple H in what won that year's WON 'Worst Match of the Year.' Not a Rumble entrant this year.
RR2003M,kurt-angle,5,Chris Benoit,,Singles,TRUE,WWE Championship,TRUE,Win,,TRUE,17:18,5th match,,PROBABLE,S066,Retained the title by submission over Benoit in what Dan Wahlers calls his pick for 2003 Match of the Year. Not a Rumble entrant this year.
RR2003M,chris-benoit,5,Kurt Angle,,Singles,TRUE,WWE Championship,FALSE,Loss,,,17:18,5th match,,PROBABLE,S066,"Lost by submission to Angle in a match Dan Wahlers calls his pick for 2003 Match of the Year, receiving a standing ovation despite the loss. Not a Rumble entrant this year -- first appears as an entrant in this database's 2004 build."
RR2003M,lance-storm,2,The Dudley Boys (Bubba Ray and D-Von Dudley),William Regal,Tag Team,TRUE,World Tag Team Championship,TRUE,Loss,,TRUE,7:26,2nd match,,PROBABLE,S066,Lost the tag titles when D-Von pinned him. Not a Rumble entrant this year.
RR2003M,william-regal,2,The Dudley Boys (Bubba Ray and D-Von Dudley),Lance Storm,Tag Team,TRUE,World Tag Team Championship,TRUE,Loss,,TRUE,7:26,2nd match,,PROBABLE,S066,Lost the tag titles alongside Lance Storm. Not a Rumble entrant this year.
RR2004M,ric-flair,2,The Dudley Boys (Bubba Ray and D-Von),Batista,Tag Team (Tables Match),TRUE,World Tag Team Championship,TRUE,Win,,TRUE,5:29,2nd match,,PROBABLE,S067,Retained the tag titles with Batista in a Tables Match. Not a Rumble entrant this year.
RR2004M,batista,2,The Dudley Boys (Bubba Ray and D-Von),Ric Flair,Tag Team (Tables Match),TRUE,World Tag Team Championship,TRUE,Win,,TRUE,5:29,2nd match,,PROBABLE,S067,Retained the tag titles with Ric Flair in a Tables Match. Not a Rumble entrant this year -- first appears as an entrant in this database's 2003 build.
RR2004M,rey-mysterio,3,Jamie Noble,,Singles,TRUE,World Cruiserweight Championship,TRUE,Win,,TRUE,3:06,3rd match,,PROBABLE,S067,Retained the Cruiserweight Championship. Not a Rumble entrant this year.
RR2004M,eddie-guerrero,4,Chavo Guerrero,,Singles,FALSE,,FALSE,Win,,,8:02,4th match,,PROBABLE,S067,Pinned Chavo Guerrero Jr. Not a Rumble entrant this year.
RR2004M,chavo-guerrero,4,Eddie Guerrero,,Singles,FALSE,,FALSE,Loss,,,8:02,4th match,,PROBABLE,S067,Pinned by Eddie Guerrero. Not a Rumble entrant this year.
RR2004M,brock-lesnar,5,Hardcore Holly,,Singles,TRUE,WWE Championship,TRUE,Win,,TRUE,6:22,5th match,,PROBABLE,S067,"Retained the WWE Championship over Hardcore Holly, then made an uncredited run-in during the Rumble match to F5 Bill Goldberg -- see F178. Not a Rumble entrant this year."
RR2004M,hardcore-holly,5,Brock Lesnar,,Singles,TRUE,WWE Championship,FALSE,Loss,,,6:22,5th match,,PROBABLE,S067,Pinned by Brock Lesnar. Not a Rumble entrant this year.
RR2004M,hunter-hearst-helmsley,6,Shawn Michaels,,Singles (Last Man Standing),TRUE,World Heavyweight Championship,TRUE,No Contest,,,23:05,6th match,,PROBABLE,S067,Fought Shawn Michaels to a double-count-out-style No Contest when neither man could answer the ten count; Triple H retained the title. Not a Rumble entrant this year.
RR2004M,shawn-michaels,6,Hunter Hearst Helmsley,,Singles (Last Man Standing),TRUE,World Heavyweight Championship,FALSE,No Contest,,,23:05,6th match,,PROBABLE,S067,Fought Triple H to a double-count-out-style No Contest when neither man could answer the ten count. Not a Rumble entrant this year -- first appears as an entrant in this database's 2003 build.
RR2005M,edge,1,Shawn Michaels,,Singles,FALSE,,FALSE,Win,,,18:29,Opener,,PROBABLE,S069,"Pinned Shawn Michaels. Not a Rumble entrant in this match -- Edge is a Rumble entrant this year, see entrants.csv."
RR2005M,shawn-michaels,1,Edge,,Singles,FALSE,,FALSE,Loss,,,18:29,Opener,,PROBABLE,S069,Pinned by Edge. Also a Rumble entrant this year -- see entrants.csv.
RR2005M,bradshaw,3,Kurt Angle; The Big Show,,Three-Way,TRUE,WWE Championship,TRUE,Win,,TRUE,11:59,3rd match,,PROBABLE,S069,"Retained the WWE Championship, pinning Angle. Billed as 'John Bradshaw Layfield (JBL)' -- reuses this database's existing 'bradshaw' wrestler_id (same performer, evolved gimmick/name, not a new identity). Not a Rumble entrant this year."
RR2005M,big-show,3,John Bradshaw Layfield,Kurt Angle,Three-Way,TRUE,WWE Championship,FALSE,Loss,,,11:59,3rd match,,PROBABLE,S069,Lost the Three-Way to JBL. Not a Rumble entrant this year.
RR2005M,kurt-angle,3,John Bradshaw Layfield,The Big Show,Three-Way,TRUE,WWE Championship,FALSE,Loss,,,11:59,3rd match,,PROBABLE,S069,Pinned by JBL. Also a Rumble entrant this year -- see entrants.csv.
RR2005M,hunter-hearst-helmsley,4,Randy Orton,,Singles,TRUE,World Heavyweight Championship,TRUE,Win,,TRUE,21:27,4th match,,PROBABLE,S069,Retained the title over Randy Orton. Not a Rumble entrant this year.
RR2005M,randy-orton,4,Hunter Hearst Helmsley,,Singles,TRUE,World Heavyweight Championship,FALSE,Loss,,,21:27,4th match,,PROBABLE,S069,Pinned by Triple H. Not a Rumble entrant this year -- first appears as an entrant in this database's 2004 build.
RR2006M,the-hurricane,1,Kid Kash; Sho Funaki; Nunzio; Jamie Noble; Paul London,,Six-Man (Cruiserweight Open Invitational),TRUE,World Cruiserweight Championship,FALSE,Win,TRUE,,7:10,Opener,,PROBABLE,S070,"Won the vacant Cruiserweight Championship, pinning Funaki. Billed as 'Gregory Helms' -- reuses this database's existing 'the-hurricane' wrestler_id (same performer, evolved gimmick/name, not a new identity). Not a Rumble entrant this year."
RR2006M,nunzio,1,Gregory Helms; Kid Kash; Sho Funaki; Jamie Noble; Paul London,,Six-Man (Cruiserweight Open Invitational),TRUE,World Cruiserweight Championship,FALSE,Loss,,,7:10,Opener,,PROBABLE,S070,Did not win the vacant Cruiserweight title. Not a Rumble entrant this year.
RR2006M,paul-london,1,Gregory Helms; Kid Kash; Sho Funaki; Nunzio; Jamie Noble,,Six-Man (Cruiserweight Open Invitational),TRUE,World Cruiserweight Championship,FALSE,Loss,,,7:10,Opener,,PROBABLE,S070,Did not win the vacant Cruiserweight title. Not a Rumble entrant this year.
RR2006M,john-cena,4,Edge,,Singles,TRUE,WWE Championship,FALSE,Win,TRUE,,14:02,4th match,,PROBABLE,S070,Regained the WWE Title he had lost three weeks earlier at New Year's Revolution. Not a Rumble entrant this year.
RR2006M,edge,4,John Cena,,Singles,TRUE,WWE Championship,TRUE,Loss,,TRUE,14:02,4th match,,PROBABLE,S070,Lost the WWE Title back to Cena. Not a Rumble entrant this year.
RR2006M,kurt-angle,5,Mark Henry,,Singles,TRUE,World Heavyweight Championship,TRUE,Win,,TRUE,7:00,Main event,,PROBABLE,S070,"Retained the World Heavyweight Championship in the show's main event, which S070 calls 'an awful match.' The Undertaker appeared at the end to challenge for a future title match. Not a Rumble entrant this year."
RR2006M,mark-henry,5,Kurt Angle,,Singles,TRUE,World Heavyweight Championship,FALSE,Loss,,,7:00,Main event,,PROBABLE,S070,Lost to Kurt Angle in the main event. Not a Rumble entrant this year.
RR2006M,bradshaw,3,The Boogeyman,,Singles,FALSE,,FALSE,Loss,,,1:45,3rd match,,PROBABLE,S070,Lost to The Boogeyman in a quick match. Billed as 'JBL' -- reuses this database's existing 'bradshaw' wrestler_id. Not a Rumble entrant this year.
RR2007M,matt-hardy,1,MNM (Johnny Nitro and Joey Mercury),Jeff Hardy,Tag Team,FALSE,,FALSE,Win,,,15:25,Opener,,PROBABLE,S072,The Hardy Boyz defeated MNM when Jeff pinned Nitro. Also a Rumble entrant this year -- see entrants.csv.
RR2007M,jeff-hardy,1,MNM (Johnny Nitro and Joey Mercury),Matt Hardy,Tag Team,FALSE,,FALSE,Win,,,15:25,Opener,,PROBABLE,S072,The Hardy Boyz defeated MNM -- Jeff pinned Nitro. Also a Rumble entrant this year -- see entrants.csv.
RR2007M,johnny-nitro,1,The Hardy Boyz (Matt and Jeff Hardy),Joey Mercury,Tag Team,FALSE,,FALSE,Loss,,,15:25,Opener,,PROBABLE,S072,Pinned by Jeff Hardy. Also a Rumble entrant this year -- see entrants.csv.
RR2007M,joey-mercury,1,The Hardy Boyz (Matt and Jeff Hardy),Johnny Nitro,Tag Team,FALSE,,FALSE,Loss,,,15:25,Opener,,PROBABLE,S072,Lost alongside Nitro. Not a Rumble entrant this year.
RR2007M,bobby-lashley,2,Test,,Singles,TRUE,ECW World Heavyweight Championship,TRUE,Win,,TRUE,7:09,2nd match,,PROBABLE,S072,Retained the ECW Championship by Count Out. Not a Rumble entrant this year.
RR2007M,test,2,Bobby Lashley,,Singles,TRUE,ECW World Heavyweight Championship,FALSE,Loss,,,7:09,2nd match,,PROBABLE,S072,Lost to Lashley by Count Out; S072 notes Test was released from WWE not long after. Not a Rumble entrant this year.
RR2007M,batista,3,Mr. Ken Kennedy,,Singles,TRUE,World Heavyweight Championship,TRUE,Win,,TRUE,10:29,3rd match,,PROBABLE,S072,Retained the World Heavyweight Championship with a Batista Bomb. Not a Rumble entrant this year.
RR2007M,john-cena,4,Umaga,,Singles (Last Man Standing),TRUE,WWE Championship,TRUE,Win,,TRUE,23:10,4th match,,PROBABLE,S072,"Retained the WWE Championship in a widely-praised Last Man Standing match, choking Umaga out twice with the STFU. Not a Rumble entrant this year."
RR2007M,jamal,4,John Cena,,Singles (Last Man Standing),TRUE,WWE Championship,FALSE,Loss,,,23:10,4th match,,PROBABLE,S024;S052;S072;S073,Lost to Cena in a widely-praised Last Man Standing match. Not a Rumble entrant this year -- see F198 for a possible unconfirmed identity connection to this database's 2003 'jamal' wrestler_id. Identity-merge with the 2003 'jamal' wrestler_id CONFIRMED by 3 independent sources this pass -- see F198 (resolved).
RR2008M,ric-flair,1,MVP,,Singles (Career vs. Title),FALSE,,FALSE,Win,,,,Opener,,PROBABLE,S081,Won clean with the Figure Four; not for MVP's SmackDown! United States Championship (a non-title match per S081). Not a Rumble entrant this year.
RR2008M,mvp,1,Ric Flair,,Singles (Career vs. Title),FALSE,,TRUE,Loss,,,,Opener,,PROBABLE,S081,Lost to Flair by submission (Figure Four) in a non-title match. Also a Rumble entrant this year -- see entrants.csv.
RR2008M,chris-jericho,2,Bradshaw (JBL),,Singles,FALSE,,FALSE,No Contest,,,9:24,2nd match,,PROBABLE,S081,Ended in a Disqualification. Not a Rumble entrant this year.
RR2008M,bradshaw,2,Chris Jericho,,Singles,FALSE,,FALSE,No Contest,,,9:24,2nd match,,PROBABLE,S081,Ended in a Disqualification (won by DQ). Not a Rumble entrant this year.
RR2008M,edge,3,Rey Mysterio,,Singles,TRUE,World Heavyweight Championship,TRUE,Win,,TRUE,12:34,3rd match,,PROBABLE,S081,Retained the World Heavyweight Championship with help from Vickie Guerrero. Not a Rumble entrant this year.
RR2008M,rey-mysterio,3,Edge,,Singles,TRUE,World Heavyweight Championship,FALSE,Loss,,,12:34,3rd match,,PROBABLE,S081,Lost the title match; sprung into a spear off a 619 setup involving Vickie Guerrero. Not a Rumble entrant this year.
RR2008M,randy-orton,4,Jeff Hardy,,Singles,TRUE,WWE Championship,TRUE,Win,,TRUE,14:12,4th match,,PROBABLE,S081,"Retained the title over the Intercontinental Champion Jeff Hardy, per S081's own (possibly mislabeled) title description. Not a Rumble entrant this year."
RR2008M,jeff-hardy,4,Randy Orton,,Singles,TRUE,WWE Championship,TRUE,Loss,,,14:12,4th match,,PROBABLE,S081,Lost the title match to Orton; S081 describes him as having 'a huge amount of momentum' going in. Not a Rumble entrant this year.
RR2010M,christian,1,Ezekiel Jackson,,Singles,TRUE,ECW Championship,TRUE,won,FALSE,FALSE,,1,TRUE,CONFLICTING,S085;S088,"Retained. Match time CONFLICTING between sources (11:49 per Wikipedia, 11:59 per ProFightDB) -- both preserved here, neither picked. See F247."
RR2010M,ezekiel-jackson,1,Christian,,Singles,TRUE,ECW Championship,FALSE,lost,FALSE,FALSE,,1,TRUE,CONFIRMED,S085;S088,
RR2010M,the-miz,2,MVP,,Singles,TRUE,WWE United States Championship,TRUE,won,FALSE,FALSE,,2,TRUE,CONFIRMED,S085;S088,Retained. Match time agrees across sources (7:30).
RR2010M,mvp,2,The Miz,,Singles,TRUE,WWE United States Championship,FALSE,lost,FALSE,FALSE,,2,TRUE,CONFIRMED,S085;S088,
RR2010M,sheamus,3,Randy Orton,,Singles,TRUE,WWE Championship,TRUE,won,FALSE,FALSE,,3,TRUE,CONFLICTING,S085;S088,"Retained by disqualification. Match time CONFLICTING between sources (11:24 per Wikipedia, 12:24 per ProFightDB) -- both preserved here, neither picked. See F247."
RR2010M,randy-orton,3,Sheamus,,Singles,TRUE,WWE Championship,FALSE,lost,FALSE,FALSE,,3,TRUE,CONFIRMED,S085;S088,
RR2010M,the-undertaker,4,Rey Mysterio,,Singles,TRUE,World Heavyweight Championship,TRUE,won,FALSE,FALSE,,4,TRUE,CONFLICTING,S085;S088,"Retained. Match time CONFLICTING between sources by 2 seconds only (11:09 per Wikipedia, 11:07 per ProFightDB) -- a negligible discrepancy, both noted rather than picked. See F247."
RR2010M,rey-mysterio,4,The Undertaker,,Singles,TRUE,World Heavyweight Championship,FALSE,lost,FALSE,FALSE,,4,TRUE,CONFIRMED,S085;S088,
