promotion_id,promotion_name,abbreviation,country,active_from,active_to,former_names,official_url,wikipedia_url,data_quality_status,source_ids,notes
wwe,World Wrestling Entertainment,WWE,United States,1953,,Capitol Wrestling Corporation;World Wide Wrestling Federation;World Wrestling Federation,https://www.wwe.com/,https://en.wikipedia.org/wiki/WWE,PROBABLE,,Promotion registry entry; championship lineage sources are attached at championship/reign level.
wcw,World Championship Wrestling,WCW,United States,1988,2001,,,https://en.wikipedia.org/wiki/World_Championship_Wrestling,PROBABLE,,Promotion registry entry; championship lineage sources are attached at championship/reign level.
ecw,Extreme Championship Wrestling,ECW,United States,1992,2001,Eastern Championship Wrestling,,https://en.wikipedia.org/wiki/Extreme_Championship_Wrestling,PROBABLE,,Promotion registry entry; championship lineage sources are attached at championship/reign level.
aew,All Elite Wrestling,AEW,United States,2019,,,https://www.allelitewrestling.com/,https://en.wikipedia.org/wiki/All_Elite_Wrestling,PROBABLE,,Promotion registry entry; championship lineage sources are attached at championship/reign level.
tna,Total Nonstop Action Wrestling,TNA,United States,2002,,Impact Wrestling,https://tnawrestling.com/,https://en.wikipedia.org/wiki/Total_Nonstop_Action_Wrestling,PROBABLE,,Promotion registry entry; championship lineage sources are attached at championship/reign level.
roh,Ring of Honor,ROH,United States,2002,,,https://www.ringofhonor.com/,https://en.wikipedia.org/wiki/Ring_of_Honor,PROBABLE,,Promotion registry entry; championship lineage sources are attached at championship/reign level.
njpw,New Japan Pro-Wrestling,NJPW,Japan,1972,,,https://www.njpw1972.com/,https://en.wikipedia.org/wiki/New_Japan_Pro-Wrestling,PROBABLE,,Promotion registry entry; championship lineage sources are attached at championship/reign level.
nwa,National Wrestling Alliance,NWA,United States,1948,,,https://www.nationalwrestlingalliance.com/,https://en.wikipedia.org/wiki/National_Wrestling_Alliance,PROBABLE,,Promotion registry entry; championship lineage sources are attached at championship/reign level.
awa,American Wrestling Association,AWA,United States,1960,1991,,,https://en.wikipedia.org/wiki/American_Wrestling_Association,PROBABLE,,Promotion registry entry; championship lineage sources are attached at championship/reign level.
ajpw,All Japan Pro Wrestling,AJPW,Japan,1972,,,https://www.all-japan.co.jp/,https://en.wikipedia.org/wiki/All_Japan_Pro_Wrestling,PROBABLE,,Promotion registry entry; championship lineage sources are attached at championship/reign level.
noah,Pro Wrestling Noah,NOAH,Japan,2000,,,https://www.noah.co.jp/,https://en.wikipedia.org/wiki/Pro_Wrestling_Noah,PROBABLE,,Promotion registry entry; championship lineage sources are attached at championship/reign level.
stardom,World Wonder Ring Stardom,Stardom,Japan,2010,,,https://wwr-stardom.com/,https://en.wikipedia.org/wiki/World_Wonder_Ring_Stardom,PROBABLE,,Promotion registry entry; championship lineage sources are attached at championship/reign level.
aaa,Lucha Libre AAA Worldwide,AAA,Mexico,1992,,Asistencia Asesoría y Administración,https://www.luchalibreaaa.com/,https://en.wikipedia.org/wiki/Lucha_Libre_AAA_Worldwide,PROBABLE,,Promotion registry entry; championship lineage sources are attached at championship/reign level.
cmll,Consejo Mundial de Lucha Libre,CMLL,Mexico,1933,,Empresa Mexicana de Lucha Libre,https://cmll.com/,https://en.wikipedia.org/wiki/Consejo_Mundial_de_Lucha_Libre,PROBABLE,,Promotion registry entry; championship lineage sources are attached at championship/reign level.
mlw,Major League Wrestling,MLW,United States,2002,,,https://mlw.com/,https://en.wikipedia.org/wiki/Major_League_Wrestling,PROBABLE,,Promotion registry entry; championship lineage sources are attached at championship/reign level.
lucha-underground,Lucha Underground,LU,United States,2014,2018,,,https://en.wikipedia.org/wiki/Lucha_Underground,PROBABLE,,Promotion registry entry; championship lineage sources are attached at championship/reign level.
wwc,World Wrestling Council,WWC,Puerto Rico,1973,,Capitol Sports Promotions,https://www.superestrellaswwc.com/,https://en.wikipedia.org/wiki/World_Wrestling_Council,PROBABLE,,Promotion registry entry; championship lineage sources are attached at championship/reign level.
ovw,Ohio Valley Wrestling,OVW,United States,1993,,,https://ovwrestling.com/,https://en.wikipedia.org/wiki/Ohio_Valley_Wrestling,PROBABLE,,Promotion registry entry; championship lineage sources are attached at championship/reign level.
fcw,Florida Championship Wrestling,FCW,United States,2007,2012,,,https://en.wikipedia.org/wiki/Florida_Championship_Wrestling,PROBABLE,,Promotion registry entry; championship lineage sources are attached at championship/reign level.
