event_id,url,buzzer_count,duration_group_count,duration_groups
RR1988M,https://www.cagesideseats.com/2014/1/21/5329040/match-times-the-1988-royal-rumble,18,0,
RR1989M,https://www.cagesideseats.com/wwe/2016/1/18/10687110/wwe-royal-rumble-1989-match-statistics-time,28,0,
RR1990M,https://www.cagesideseats.com/wwe/2017/1/8/14197654/wwe-royal-rumble-1990-match-time-statistics,28,16,"27:Jake Roberts | 26:Andre the Giant | 20:Bad News Brown | 19:Warlord | 16:Jimmy Snuka | 14:Honky Tonk Man, Earthquake | 13:Akeem | 11:Martel, Bravo | 9:Hercules | 8:Dusty, Piper, Rooster, Jannetty | 7:Haku | 6:Bret, Hogan, Ax, Savage, Perfect, HBK | 5:Warrior, Neidhart, Santana | 4:Smash | 3:Barbarian | 0:Rick Rude"
RR1991M,https://www.cagesideseats.com/2016/1/16/10758450/wwe-royal-rumble-1991-match-time-statistics,28,0,
RR1992M,https://www.cagesideseats.com/2014/1/14/5308096/match-times-the-1992-royal-rumble-match,28,0,
RR1993M,https://www.cagesideseats.com/wwe/2016/1/17/10744118/wwe-royal-rumble-1993-match-time-statistics,28,0,
RR1994M,https://www.cagesideseats.com/wwe/2017/1/21/14334142/wwe-royal-rumble-1994-match-time-statistics,28,17,"36:Adam Bomb | 35:Bret Hart | 34:Mabel | 32:Doink the Clown | 25:Fatu | 24:Diesel, Savage | 22:Bam Bam Bigelow | 20:Rick Steiner | 19:Tenryu, Kabuki | 17:Kwang | 16:Owen Hart | 14:Mo | 12:HBK, Crush, Martel | 10:Bart Gunn | 9:Valentine, Jarrett, Backlund | 8:Luger, Plugg, Tatanka, Jannetty, Virgil, Billy Gunn | 0:Bastion Booger"
RR1995M,https://www.cagesideseats.com/wwe/2016/1/21/10669068/wwe-royal-rumble-1995-match-statistics-time,28,15,"72:Backlund | 65:Owen | 20:Mabel | 18:Bundy | 17:Bomb | 15:Butch | 14:Eli | 13:Sione, Luke | 12:Crush, Murdoch, Doink | 10:Mantaur, Well | 9:Luger, Fatu, Prichard, Dunn | 8:Bart, Martel | 7:Droese, Del Ray | 6:Godwinn, Kwang, Mo, Jacob | 4:Montoya, Billy"
RR1996M,https://www.cagesideseats.com/wwe/2017/1/15/14277332/wwe-royal-rumble-1996-match-time-statistics,28,17,"127:Hakushi | 40:Squat Team 2 | 38:King Mabel | 30:Owen Hart, Tatanka | 27:Yokozuna, Diesel, Vader | 26:Jerry Lawler | 23:Backlund, Jake Roberts, Dory Funk Jr. | 22:Fatu | 17:HBK, Ringmaster, Yankem | 15:Kama, Duke Droese | 14:1-2-3 Kid | 13:Squat Team 1 | 12:Barry Horowitz, British Bulldog | 11:Savio Vega, Doug Gilbert | 10:Takao Omori, Marty Jannetty | 8:Bob Holly | 7:Aldo Montoya"
RR1997M,https://www.cagesideseats.com/wwe/2016/1/23/10722368/wwe-royal-rumble-1997-match-time-statistics,28,15,"43:Undertaker | 31:Austin | 30:Sultan | 28:Roberts | 27:Mascaras, Vader | 24:Mero, Bret Hart | 23:Phineas, Mankind | 22:Bart Gunn, Lawler, Fake Diesel | 21:Bulldog, Owen Hart | 17:Henry Godwinn | 15:Pierroth, Terry Funk, Flash Funk | 14:Fake Razor | 13:Helmsley, Goldust, Jesse James | 12:Cibernetico, Latin Lover | 10:Faarooq, Rocky Maivia, Savio"
RR1998M,https://www.cagesideseats.com/wwe/2017/1/2/14133490/wwe-royal-rumble-1998-match-time-statistics,28,19,"1006:Owen Hart | 44:Ahmed Johnson | 38:Jeff Jarrett | 28:Mark Henry | 23:Kurrgan | 22:Marc Mero | 21:The Rock, Honky Tonk Man, Vader | 20:Steve Austin | 19:Phineas Godwinn | 16:Kama Mustafa, Faarooq | 15:Mankind | 14:Thrasher, Dude Love | 13:Bradshaw, D-Lo Brown, Mosh | 9:Goldust, Shamrock, Chainz, Brandi | 8:8-Ball | 7:Steve Blackman | 6:Henry Godwinn | 5:Savio Vega | 0:Skull (he never appeared)"
RR1999M,https://www.cagesideseats.com/2014/1/19/5323996/match-times-the-1999-royal-rumble,28,0,
RR2000M,https://www.cagesideseats.com/wwe/2017/1/23/14347624/wwe-royal-rumble-2000-match-time-statistics,28,16,"132:Big Boss Man | 70:The Godfather | 35:Test | 29:Big Show | 23:Kane | 19:Gangrel, X-Pac, Backlund | 18:Viscera | 15:Chyna | 13:Chris Jericho | 12:Edge, Rock, Faarooq | 11:Rikishi, Crash, Hardcore, Bradshaw | 9:Christian | 7:Mosh | 6:Snow, Venis, Mr. Ass, Scotty 2 Hotty | 5:Road Dogg, Bulldog, Blackman | 4:Prince Albert"
RR2001M,https://www.cagesideseats.com/wwe/2016/1/24/9859724/wwe-royal-rumble-2001-match-statistics-time,28,20,"361:Steve Austin | 67:Kane | 56:Drew Carey | 40:Honky Tonk Man | 35:Rikishi | 32:Saturn | 30:Scotty 2 Hotty | 23:Undertaker | 16:Rock | 15:Big Show | 14:Goodfather | 13:Haku | 12:Crash | 10:K-Kwik | 9:Bradshaw, Regal, Sexay, Tazz | 8:Hardcore Holly, Billy Gunn | 7:Val Venis, Matt Hardy | 6:Albert, Blackman, Test | 5:Raven, Faarooq | 1:Al Snow"
RR2002M,https://www.cagesideseats.com/wwe/2017/1/6/14185306/wwe-royal-rumble-2002-match-time-statistics,28,18,"214:Scotty 2 Hotty | 136:Triple H | 131:Godfather | 48:Mr. Perfect, Val Venis | 32:Undertaker | 29:Big Show, Christian | 27:Kane | 26:Steve Austin, Booker T | 20:Big Boss Man, DDP | 19:Hurricane, Matt Hardy | 18:Maven | 16:Rob Van Dam | 13:Angle, Palumbo, Jeff Hardy | 12:Test | 11:Perry Saturn | 10:Lance Storm | 9:Bradshaw, Billy Gunn | 8:Snow, Faarooq, Hippo"
RR2003M,https://www.cagesideseats.com/2015/1/23/7875837/match-times-the-2003-royal-rumble,28,0,
RR2004M,https://www.cagesideseats.com/wwe/2017/1/19/14290878/wwe-royal-rumble-2004-match-time-statistics,28,17,"533:Nunzio | 89:Mick Foley | 47:John Cena | 46:Spike Dudley | 32:Big Show | 25:Kane | 21:Henry, Rikishi, Miller | 20:Steiner, RVD | 17:Morgan, Booker T | 16:Christian, Goldberg, Dupree, Hurricane | 15:Chris Jericho, Bradshaw | 13:Matt Hardy V1 | 12:Rico | 11:Tajiri | 10:Angle, Rhyno, Benjamin | 9:Charlie Haas, Billy Gunn | 7:A-Train"
RR2005M,https://www.cagesideseats.com/wwe/2016/1/19/10700484/wwe-royal-rumble-2005-match-statistics-time,28,18,"93:Simon Dean | 60:Scotty 2 Hotty | 56:Muhammad Hassan | 34:Jonathan Coachman | 25:Viscera | 24:Orlando Jordan | 23:Dupree, Christian | 22:Puder, Flair | 21:Kenzo, Kane | 20:Luther, Jericho, Cena | 19:Hurricane | 18:Booker T, Hardcore Holly | 16:Paul London | 14:Mysterio, Batista | 12:Jindrak, HBK | 10:Shelton, Haas, Snitsky | 9:Edge | 7:Kurt Angle"
RR2006M,https://www.cagesideseats.com/wwe/2017/1/12/14246008/wwe-royal-rumble-2006-match-time-statistics,28,16,"30:Big Show | 28:Tatanka | 27:Chris Masters | 25:Bobby Lashley, Kane | 23:Viscera, Simon Dean | 22:Booker T | 21:Sylvan Grenier | 19:Eugene | 18:Orlando Jordan | 17:Carlito, Benoit, Mercury, Crazy, Flair, Psicosis | 16:RVD, Chavo, Benjamin | 15:Trevor Murdoch | 14:HBK, Goldust | 13:Nitro, Coachman, Matt Hardy | 11:Animal | 8:Randy Orton"
RR2007M,https://www.cagesideseats.com/2014/1/26/5330144/match-times-the-2007-royal-rumble,28,0,
RR2008M,https://www.cagesideseats.com/2016/1/15/10773816/wwe-royal-rumble-2008-match-time-statistics,27,0,
RR2009M,https://www.cagesideseats.com/wwe/2016/1/22/10705748/wwe-royal-rumble-2009-match-time-statistics,28,20,"47:Big Show | 32:Triple H | 31:Undertaker | 30:Khali | 25:JTG, Kendrick | 24:RVD | 21:Jericho | 20:Kane | 18:Orton | 17:Goldust, Henry | 16:Kozlov | 15:Duggan | 14:Shelton | 13:Punk, Regal | 12:DiBiase, Cody, Truth | 11:Finlay, Kofi, Santino | 10:Knox, Miz | 9:Ziggler | 7:Carlito | 6:MVP"
RR2010M,https://www.cagesideseats.com/wwe/2017/1/22/14343366/wwe-royal-rumble-2010-match-time-statistics,28,17,"202:MVP | 56:Triple H | 38:Drew McIntyre | 31:Great Khali | 27:John Cena | 22:Kane | 21:Mark Henry | 20:Edge | 17:Zack Ryder | 16:Cody Rhodes | 14:HBK, Punk | 13:DiBiase, Big Show, Kofi | 12:The Miz | 11:Morrison, Batista, Carlito, Y2J, Masters | 10:JTG | 9:Truth, Swagger, Benjamin | 8:Beth, Yoshi, Matt Hardy"
RR2011M,https://www.cagesideseats.com/2014/1/16/5316530/match-times-the-2011-royal-rumble,38,0,
RR2012M,https://www.cagesideseats.com/wwe/2016/1/20/10733100/wwe-royal-rumble-2012-statistics-match-times,28,19,"63:Ricardo | 56:Mahal | 45:Cole | 34:Big Show | 29:Khali | 28:Kharma, Barrett | 27:Otunga | 25:Hunico | 24:Ziggler | 21:Jericho | 19:Truth, Duggan | 18:Santino, Booker | 16:Cody, Kofi, Dogg, Lawler | 15:Gabriel, Swagger | 14:Foley | 11:Ezekiel, Jey | 10:Epico, Sheamus | 9:Orton | 8:Primo"
RR2013M,https://www.cagesideseats.com/cageside-seats-features/2013/11/20/5080006/match-times-wwe-royal-rumble-2013-edition,28,0,
RR2014M,https://www.cagesideseats.com/2014/1/27/5350248/wwe-royal-rumble-2014-match-time-and-statistics,28,0,
RR2015M,https://www.cagesideseats.com/2015/1/28/7920097/wwe-royal-rumble-2015-match-time-and-statistics,28,0,
RR2016M,https://www.cagesideseats.com/2016/1/26/10829656/wwe-royal-rumble-2016-match-time-and-statistics,28,19,"439:Miz | 269:Sheamus | 77:Triple H | 71:AJ Styles | 44:Harper | 42:Wyatt | 38:Big Show | 34:Jericho, Owens | 25:Kane, Kofi | 24:Axel, Truth, Ambrose, Zayn | 23:Goldust | 22:Rowan | 21:Breeze | 20:Ryback, Henry, Lesnar | 19:Strowman | 17:Stardust, Neville | 16:Swagger | 15:Del Rio | 12:Titus, Ziggler"
RR2017M,https://www.cagesideseats.com/wwe/2017/1/30/14438748/wwe-royal-rumble-2017-match-time-statistics,28,27,"137:James Ellsworth | 69:Dean Ambrose | 67:Roman Reigns | 63:Goldberg | 61:Bray Wyatt | 58:Big Show | 52:Enzo Amore | 49:Mark Henry | 44:Brock Lesnar | 41:Big E | 37:Braun Strowman | 36:Tye Dillinger | 35:The Miz | 32:Undertaker | 31:Rusev | 30:Luke Harper | 29:Randy Orton | 27:Kalisto | 23:Baron Corbin | 23:Jack Gallagher | 22:Dolph Ziggler | 21:Mojo Rawley | 20:Sami Zayn | 19:Kofi Kingston | 18:Sheamus, Cesaro | 16:Xavier Woods | 15:Apollo Crews"
RR2018M,https://www.cagesideseats.com/wwe/2018/2/3/16967818/wwe-royal-rumble-2018-mens-match-time-statistics,28,22,"682:Heath Slater | 70:Elias, Zayn | 49:Big E | 44:Bray Wyatt | 43:John Cena | 28:Dolph Ziggler | 26:Almas, Reigns | 25:Rhyno | 24:The Hurricane | 23:Goldust | 21:Adam Cole | 20:Randy Orton | 19:Sheamus, Mahal, Miz | 18:Kofi Kingston | 17:Rey Mysterio | 16:Titus O’Neil | 15:Nakamura, Hardy | 14:Seth Rollins | 12:Aiden English | 11:Woods, Crews | 10:Cesaro | 8:Baron Corbin"
RR2018W,https://www.cagesideseats.com/wwe/2018/2/3/16967858/wwe-royal-rumble-2018-womens-match-time-statistics,28,15,"111:Carmella | 103:Natalya | 29:Vickie Guerrero | 27:Jacqueline, Bayley | 26:Mandy, Lita | 25:Torrie, Beth | 24:Sonya, Mickie | 23:Lana, Ember | 22:Asuka | 21:Sane, Morgan | 20:Logan, Kelly | 19:Ruby Riott | 18:Dana, Molly, Naomi, Trish, Nikki | 17:Tamina, McCool, Jax | 11:Brie Bella"
RR2019M,https://www.cagesideseats.com/wwe/2019/2/2/18207931/wwe-royal-rumble-2019-mens-match-time-statistics,28,21,"67:Xavier Woods | 63:Nia Jax / R-Truth | 55:Titus O’Neil | 50:Drew McIntyre | 48:Randy Orton | 46:Big E | 40:No Way Jose | 37:Johnny Gargano | 36:Bobby Lashley | 35:Pete Dunne | 34:Aleister Black | 33:Braun Strowman | 29:Andrade | 28:Nakamura, Rollins, Ali | 27:Rey Mysterio | 25:Samoa Joe, Kofi Kingston | 24:Dean Ambrose | 22:Shelton Benjamin, Baron Corbin | 20:Jeff Hardy, Dolph Ziggler | 19:Kurt Angle, Apollo Crews | 17:Jinder Mahal, Curt Hawkins"
RR2019W,https://www.cagesideseats.com/wwe/2019/2/2/18207923/wwe-royal-rumble-2019-womens-match-time-statistics,28,24,"365:Becky Lynch / Lana | 214:Billie Kay | 59:Io Shirai | 49:Nia Jax | 43:Alicia Foxx, Ruby Riott | 42:Charlotte Flair | 40:Kairi Sane | 36:Nikki Cross | 33:Rhea Ripley | 32:Maria Kanellis | 31:Ember Moon | 30:Liv Morgan | 29:Tamina | 28:Mandy Rose, Mickie James | 27:Alexa Bliss | 26:Candice LeRae, Zelina Vega | 25:Xia Li | 24:Sarah Logan, Carmella | 23:Kacy Catanzaro | 22:Naomi | 20:Sonya Deville | 17:Dana Brooke | 15:Peyton Royce | 13:Bayley"
RR2020M,https://www.cagesideseats.com/wwe/2020/2/2/21082164/wwe-royal-rumble-2020-mens-match-time-statistics,28,23,"81:Seth Rollins | 69:MVP | 61:Edge | 50:Keith Lee | 48:AJ Styles | 47:Shelton Benjamin | 45:Robert Roode | 41:Matt Riddle | 39:John Morrison | 38:Shinsuke Nakamura | 37:Drew McIntyre | 33:Roman Reigns | 32:Rowan, Big E | 30:Mysterio, Miz | 26:Kingston, Orton | 25:Braun Strowman | 24:Dolph Ziggler | 23:Luke Gallows | 20:King Corbin | 18:Ricochet | 17:Owens, Black, Joe | 15:Cesaro | 12:Karl Anderson"
RR2020W,https://www.cagesideseats.com/wwe/2020/2/2/21082163/wwe-royal-rumble-2020-womens-match-time-statistics,28,18,"62:Charlotte Flair | 60:Lana | 39:Shayna Baszler | 35:Naomi | 33:Mercedes Martinez | 29:Sane, Marella | 28:Brooke, Greene | 27:Molly, Kelly | 26:Mandy Rose | 24:Candice LeRae | 23:Xia Li | 22:Tamina, Storm | 21:Kai, Natalya, Vega | 20:Phoenix, Carmella | 19:Tegan Nox | 18:Yim, Logan, Blackheart | 16:Liv Morgan | 15:Cross, Deville"
RR2021M,https://www.cagesideseats.com/wwe/2021/2/7/22271314/wwe-royal-rumble-2021-mens-match-time-statistics-survival-intervals-crowded-90-seconds,28,19,"62:Seth Rollins | 58:Christian | 51:Dolph Ziggler | 48:The Miz | 37:Sheamus | 29:Matt Riddle | 26:Carlito, Kane | 25:Daniel Bryan | 24:Sami Zayn | 22:The Hurricane | 20:Priest, Strowman | 19:Ricochet, Lashley | 18:Morrison, Rey | 17:Nakamura, Otis, Dominik | 16:King Corbin | 15:Elias, Styles | 14:Mustafa Ali | 9:Hardy, Woods, Big E | 8:Cesaro"
RR2021W,https://www.cagesideseats.com/wwe/2021/2/7/22271295/wwe-royal-rumble-2021-womens-match-time-statistics-survival-intervals-crowded-90-seconds,28,21,"445:Billie Kay | 74:Lacey Evans | 71:Natalya | 66:Carmella | 51:Blackheart, Hall | 41:Charlotte Flair | 40:Tamina | 33:Lana | 31:Shayna Baszler | 30:Royce, Jax | 29:Rhea Ripley | 28:Mandy Rose | 27:Storm, Brooke, Moon | 25:Victoria, Torrie | 23:Garrett, Bliss | 22:Mickie, Alicia | 20:Bianca Belair | 17:Nikki Cross | 16:Ruby Riott | 15:Dakota Kai | 13:Liv Morgan"
RR2022M,https://www.cagesideseats.com/wwe/2022/2/13/22922506/wwe-royal-rumble-2022-mens-match-time-statistics-survival-intervals-crowded-90-seconds-lesnar-shane,28,20,"44:Drew McIntyre | 42:Omos | 40:Randy Orton | 36:Brock Lesnar | 35:Theory, Sheamus | 33:Matt Riddle | 32:Kevin Owens | 30:Johnny Knoxville | 27:Montez Ford | 26:Bad Bunny | 25:Gable, Otis, Big E | 24:Kingston, McMahon | 23:Ridge Holland | 22:Roode, Rey Mysterio | 19:Dolph Ziggler | 16:Zayn, Boogs | 14:Priest, Corbin, Moss | 13:Ricochet | 11:Angelo Dawkins | 10:Dominik Mysterio"
RR2022W,https://www.cagesideseats.com/wwe/2022/2/12/22922503/wwe-royal-rumble-2022-womens-match-time-statistics-survival-intervals-crowded-90-seconds-rousey,28,22,"287:Sonya Deville | 165:Carmella | 68:Charlotte Flair | 51:Mighty Molly | 50:Ivory | 49:Rhea Ripley | 43:Tamina | 42:Mickie, Rousey | 40:Cameron | 38:Kelly Kelly | 34:Zelina Vega | 33:Lita | 30:Natalya | 29:Brooke, Naomi, Fox | 26:Nikki A.S.H. | 25:Nikki Bella | 24:Belair, Logan, Shotzi | 19:Brie Bella | 18:Summer Rae | 17:Shayna Baszler | 16:Michelle McCool | 15:Aliyah, Morgan"
RR2023M,https://www.cagesideseats.com/wwe/2023/1/31/23579497/wwe-royal-rumble-2023-men-match-time-statistics-survival-intervals-crowded-90-seconds-numbers,28,23,"184:Baron Corbin | 130:Dominik Mysterio | 95:Austin Theory | 81:Seth Rollins | 74:Cody Rhodes | 67:The Miz, Omos | 56:Brock Lesnar | 51:Braun Strowman | 49:Karrion Kross | 46:Booker T | 45:Finn Balor | 44:Montez Ford | 39:Edge | 38:Johnny Gargano | 36:Otis | 35:Elias | 34:Logan Paul | 33:Gable, McIntyre, Lashley | 31:Santos Escobar | 26:Kingston, Priest, Ricochet | 18:Xavier Woods | 16:Angelo Dawkins | 0:Rey Mysterio"
RR2023W,https://www.cagesideseats.com/wwe/2023/2/1/23579515/wwe-royal-rumble-2023-women-match-time-statistics-survival-intervals-crowded-90-seconds-numbers,28,19,"68:Nia Jax | 63:Asuka | 56:Chelsea Green | 47:Sonya Deville | 43:Zelina Vega | 42:Bayley | 40:Piper Niven | 39:Emma, Shotzi, Dana Brooke | 37:Michin, Xia Li, Becky Lynch | 34:Tamina | 33:Lacey, McCool, Natalya, B-Fab | 32:Rodriguez, Perez, Tegan Nox | 31:Candice LeRae | 30:Zoey Stark | 29:IYO SKY | 25:Indi Hartwell | 22:Shayna Baszler | 18:Dakota Kai | 16:Nikki Cross"
RR2024M,https://www.cagesideseats.com/wwe/2024/1/31/24057032/wwe-royal-rumble-2024-mens-waiting-intervals-list-90-seconds-time-period-clock-timing-spots-broken,28,0,
RR2024W,https://www.cagesideseats.com/wwe/2024/1/30/24055977/wwe-royal-rumble-2024-womens-waiting-intervals-list-90-seconds-time-period-broken-clock-timing-spots,28,0,
RR2025M,https://www.cagesideseats.com/wwe/2025/2/4/24358058/wwe-royal-rumble-2025-mens-waiting-intervals-list-time-period-ishowspeed-mcintyre-la-knight-heat-cm,28,0,
RR2025W,https://www.cagesideseats.com/wwe/2025/2/4/24358041/wwe-royal-rumble-2025-womens-waiting-intervals-list-time-period-charlotte-flair-return-entrance-lash,28,0,
RR2026M,https://www.cagesideseats.com/wwe/415294/wwe-royal-rumble-2026-mens-waiting-intervals-list-time-period-90-seconds-buzzer-clock-jey-uso,28,0,
RR2026W,https://www.cagesideseats.com/wwe/415293/wwe-royal-rumble-2026-womens-waiting-intervals-list-time-period-90-seconds-buzzer-clock,28,0,
